  0
SECTION
  2
HEADER
  9
$ANGBASE
  50
0.0
  9
$ANGDIR
  70
1
  9
$MEASUREMENT
  70
1
  9
$INSUNITS
  70
4
  0
ENDSEC
  0
SECTION
  2
TABLES
  0
TABLE
  2
LTYPE
  70
4
  0
LTYPE
  5
40F
  2
CONTINUOUS
  70
0
  3
Solid line
  72
65
  73
0
  40
0.0
  0
LTYPE
  5
410
  2
DASHDOT
 70
0
  3
Dash Dot ____ _ ____ _
 72
65
 73
4
 40
2.0
 49
1.25
 49
-0.25
 49
0.25
 49
-0.25
  0
LTYPE
  5
411
  2
DASHED
 70
0
  3
Dashed __ __ __ __ __
 72
65
 73
2
 40
0.75
 49
0.5
 49
-0.25
  0
LTYPE
  5
43B
  2
DOTTED
 70
0
  3
Dotted .  .  .  .
 72
65
 73
2
 40
0.2
 49
0.0
 49
-0.2
  0
ENDTAB
  0
TABLE
  2
STYLE
  70
4
  0
STYLE
  2
KICAD
  70
0
  40
0
  41
1
  42
1
  50
0
  71
0
  3
isocp.shx
  0
STYLE
  2
KICADB
  70
0
  40
0
  41
1
  42
1
  50
0
  71
0
  3
isocp.shx
  0
STYLE
  2
KICADI
  70
0
  40
0
  41
1
  42
1
  50
15
  71
0
  3
isocp.shx
  0
STYLE
  2
KICADBI
  70
0
  40
0
  41
1
  42
1
  50
15
  71
0
  3
isocp.shx
  0
ENDTAB
  0
TABLE
  2
LAYER
  70
1
  0
LAYER
  2
BLACK
  70
0
  62
7
  6
CONTINUOUS
  0
ENDTAB
  0
ENDSEC
  0
SECTION
  2
ENTITIES
0
LINE
8
BLACK
6
CONTINUOUS
10
98.2002619999999951
20
-102.6905479999999926
11
98.2022369999999967
21
-102.6904079999999908
0
LINE
8
BLACK
6
CONTINUOUS
10
98.2022369999999967
20
-102.6904079999999908
11
98.2048339999999911
21
-102.6909979999999933
0
LINE
8
BLACK
6
CONTINUOUS
10
98.2048339999999911
20
-102.6909979999999933
11
98.2074889999999954
21
-102.6912599999999998
0
LINE
8
BLACK
6
CONTINUOUS
10
98.2074889999999954
20
-102.6912599999999998
11
98.2093199999999911
21
-102.6920179999999903
0
LINE
8
BLACK
6
CONTINUOUS
10
98.2093199999999911
20
-102.6920179999999903
11
98.2165739999999943
21
-102.6936680000000024
0
LINE
8
BLACK
6
CONTINUOUS
10
98.2165739999999943
20
-102.6936680000000024
11
98.3594310000000007
21
-102.7412869999999998
0
LINE
8
BLACK
6
CONTINUOUS
10
98.3594310000000007
20
-102.7412869999999998
11
98.3728559999999987
21
-102.747281000000001
0
LINE
8
BLACK
6
CONTINUOUS
10
98.3728559999999987
20
-102.747281000000001
11
98.374890999999991
21
-102.7490459999999928
0
LINE
8
BLACK
6
CONTINUOUS
10
98.374890999999991
20
-102.7490459999999928
11
98.3773819999999972
21
-102.750078000000002
0
LINE
8
BLACK
6
CONTINUOUS
10
98.3773819999999972
20
-102.750078000000002
11
98.3887469999999951
21
-102.759405000000001
0
LINE
8
BLACK
6
CONTINUOUS
10
98.3887469999999951
20
-102.759405000000001
11
98.4363659999999925
21
-102.8070239999999984
0
LINE
8
BLACK
6
CONTINUOUS
10
98.4363659999999925
20
-102.8070239999999984
11
98.4456929999999915
21
-102.8183889999999963
0
LINE
8
BLACK
6
CONTINUOUS
10
98.4456929999999915
20
-102.8183889999999963
11
98.4568919999999963
21
-102.8454249999999917
0
LINE
8
BLACK
6
CONTINUOUS
10
98.4568919999999963
20
-102.8454249999999917
11
98.4568919999999963
21
-102.8746879999999919
0
LINE
8
BLACK
6
CONTINUOUS
10
98.4568919999999963
20
-102.8746879999999919
11
98.4456929999999915
21
-102.9017240000000015
0
LINE
8
BLACK
6
CONTINUOUS
10
98.4456929999999915
20
-102.9017240000000015
11
98.4249999999999972
21
-102.9224169999999958
0
LINE
8
BLACK
6
CONTINUOUS
10
98.4249999999999972
20
-102.9224169999999958
11
98.3979640000000018
21
-102.9336160000000007
0
LINE
8
BLACK
6
CONTINUOUS
10
98.3979640000000018
20
-102.9336160000000007
11
98.3687010000000015
21
-102.9336160000000007
0
LINE
8
BLACK
6
CONTINUOUS
10
98.3687010000000015
20
-102.9336160000000007
11
98.3416649999999919
21
-102.9224169999999958
0
LINE
8
BLACK
6
CONTINUOUS
10
98.3416649999999919
20
-102.9224169999999958
11
98.330299999999994
21
-102.9130899999999968
0
LINE
8
BLACK
6
CONTINUOUS
10
98.330299999999994
20
-102.9130899999999968
11
98.2951999999999941
21
-102.8779899999999969
0
LINE
8
BLACK
6
CONTINUOUS
10
98.2951999999999941
20
-102.8779899999999969
11
98.1806869999999918
21
-102.8398189999999914
0
LINE
8
BLACK
6
CONTINUOUS
10
98.1806869999999918
20
-102.8398189999999914
11
98.1097889999999921
21
-102.8398189999999914
0
LINE
8
BLACK
6
CONTINUOUS
10
98.1097889999999921
20
-102.8398189999999914
11
97.9952759999999898
21
-102.8779899999999969
0
LINE
8
BLACK
6
CONTINUOUS
10
97.9952759999999898
20
-102.8779899999999969
11
97.9211629999999928
21
-102.9521029999999939
0
LINE
8
BLACK
6
CONTINUOUS
10
97.9211629999999928
20
-102.9521029999999939
11
97.8826689999999928
21
-103.0290899999999965
0
LINE
8
BLACK
6
CONTINUOUS
10
97.8826689999999928
20
-103.0290899999999965
11
97.8392860000000013
21
-103.2026240000000001
0
LINE
8
BLACK
6
CONTINUOUS
10
97.8392860000000013
20
-103.2026240000000001
11
97.8392860000000013
21
-103.3270129999999938
0
LINE
8
BLACK
6
CONTINUOUS
10
97.8392860000000013
20
-103.3270129999999938
11
97.8826689999999928
21
-103.5005469999999974
0
LINE
8
BLACK
6
CONTINUOUS
10
97.8826689999999928
20
-103.5005469999999974
11
97.9211629999999928
21
-103.577534
0
LINE
8
BLACK
6
CONTINUOUS
10
97.9211629999999928
20
-103.577534
11
97.9952759999999898
21
-103.6516479999999945
0
LINE
8
BLACK
6
CONTINUOUS
10
97.9952759999999898
20
-103.6516479999999945
11
98.1097889999999921
21
-103.689819
0
LINE
8
BLACK
6
CONTINUOUS
10
98.1097889999999921
20
-103.689819
11
98.1806869999999918
21
-103.689819
0
LINE
8
BLACK
6
CONTINUOUS
10
98.1806869999999918
20
-103.689819
11
98.2951999999999941
21
-103.651646999999997
0
LINE
8
BLACK
6
CONTINUOUS
10
98.2951999999999941
20
-103.651646999999997
11
98.3302989999999966
21
-103.6165479999999945
0
LINE
8
BLACK
6
CONTINUOUS
10
98.3302989999999966
20
-103.6165479999999945
11
98.3416649999999919
21
-103.6072199999999981
0
LINE
8
BLACK
6
CONTINUOUS
10
98.3416649999999919
20
-103.6072199999999981
11
98.3687010000000015
21
-103.5960209999999933
0
LINE
8
BLACK
6
CONTINUOUS
10
98.3687010000000015
20
-103.5960209999999933
11
98.3979640000000018
21
-103.5960209999999933
0
LINE
8
BLACK
6
CONTINUOUS
10
98.3979640000000018
20
-103.5960209999999933
11
98.4249999999999972
21
-103.6072190000000006
0
LINE
8
BLACK
6
CONTINUOUS
10
98.4249999999999972
20
-103.6072190000000006
11
98.4456929999999915
21
-103.6279119999999949
0
LINE
8
BLACK
6
CONTINUOUS
10
98.4456929999999915
20
-103.6279119999999949
11
98.4568919999999963
21
-103.6549479999999903
0
LINE
8
BLACK
6
CONTINUOUS
10
98.4568919999999963
20
-103.6549479999999903
11
98.4568919999999963
21
-103.6842109999999906
0
LINE
8
BLACK
6
CONTINUOUS
10
98.4568919999999963
20
-103.6842109999999906
11
98.4456939999999889
21
-103.7112470000000002
0
LINE
8
BLACK
6
CONTINUOUS
10
98.4456939999999889
20
-103.7112470000000002
11
98.4363659999999925
21
-103.7226129999999955
0
LINE
8
BLACK
6
CONTINUOUS
10
98.4363659999999925
20
-103.7226129999999955
11
98.3887479999999925
21
-103.7702319999999929
0
LINE
8
BLACK
6
CONTINUOUS
10
98.3887479999999925
20
-103.7702319999999929
11
98.3773819999999972
21
-103.7795599999999894
0
LINE
8
BLACK
6
CONTINUOUS
10
98.3773819999999972
20
-103.7795599999999894
11
98.374890999999991
21
-103.7805910000000011
0
LINE
8
BLACK
6
CONTINUOUS
10
98.374890999999991
20
-103.7805910000000011
11
98.3728559999999987
21
-103.7823569999999904
0
LINE
8
BLACK
6
CONTINUOUS
10
98.3728559999999987
20
-103.7823569999999904
11
98.3594310000000007
21
-103.7883509999999916
0
LINE
8
BLACK
6
CONTINUOUS
10
98.3594310000000007
20
-103.7883509999999916
11
98.2165739999999943
21
-103.835969999999989
0
LINE
8
BLACK
6
CONTINUOUS
10
98.2165739999999943
20
-103.835969999999989
11
98.2093199999999911
21
-103.8376189999999895
0
LINE
8
BLACK
6
CONTINUOUS
10
98.2093199999999911
20
-103.8376189999999895
11
98.2074889999999954
21
-103.8383779999999916
0
LINE
8
BLACK
6
CONTINUOUS
10
98.2074889999999954
20
-103.8383779999999916
11
98.2048339999999911
21
-103.8386390000000006
0
LINE
8
BLACK
6
CONTINUOUS
10
98.2048339999999911
20
-103.8386390000000006
11
98.2022369999999967
21
-103.8392300000000006
0
LINE
8
BLACK
6
CONTINUOUS
10
98.2022369999999967
20
-103.8392300000000006
11
98.2002619999999951
21
-103.8390890000000013
0
LINE
8
BLACK
6
CONTINUOUS
10
98.2002619999999951
20
-103.8390890000000013
11
98.1928569999999894
21
-103.8398189999999914
0
LINE
8
BLACK
6
CONTINUOUS
10
98.1928569999999894
20
-103.8398189999999914
11
98.0976189999999946
21
-103.8398189999999914
0
LINE
8
BLACK
6
CONTINUOUS
10
98.0976189999999946
20
-103.8398189999999914
11
98.090211999999994
21
-103.8390890000000013
0
LINE
8
BLACK
6
CONTINUOUS
10
98.090211999999994
20
-103.8390890000000013
11
98.0882379999999898
21
-103.8392300000000006
0
LINE
8
BLACK
6
CONTINUOUS
10
98.0882379999999898
20
-103.8392300000000006
11
98.0856399999999979
21
-103.8386390000000006
0
LINE
8
BLACK
6
CONTINUOUS
10
98.0856399999999979
20
-103.8386390000000006
11
98.0829869999999886
21
-103.8383779999999916
0
LINE
8
BLACK
6
CONTINUOUS
10
98.0829869999999886
20
-103.8383779999999916
11
98.0811559999999929
21
-103.8376189999999895
0
LINE
8
BLACK
6
CONTINUOUS
10
98.0811559999999929
20
-103.8376189999999895
11
98.0739009999999922
21
-103.835969999999989
0
LINE
8
BLACK
6
CONTINUOUS
10
98.0739009999999922
20
-103.835969999999989
11
97.9310449999999975
21
-103.7883509999999916
0
LINE
8
BLACK
6
CONTINUOUS
10
97.9310449999999975
20
-103.7883509999999916
11
97.917619000000002
21
-103.7823569999999904
0
LINE
8
BLACK
6
CONTINUOUS
10
97.917619000000002
20
-103.7823569999999904
11
97.9155839999999955
21
-103.7805919999999986
0
LINE
8
BLACK
6
CONTINUOUS
10
97.9155839999999955
20
-103.7805919999999986
11
97.913094000000001
21
-103.7795610000000011
0
LINE
8
BLACK
6
CONTINUOUS
10
97.913094000000001
20
-103.7795610000000011
11
97.9017289999999889
21
-103.7702329999999904
0
LINE
8
BLACK
6
CONTINUOUS
10
97.9017289999999889
20
-103.7702329999999904
11
97.8064909999999941
21
-103.6749939999999981
0
LINE
8
BLACK
6
CONTINUOUS
10
97.8064909999999941
20
-103.6749939999999981
11
97.8017719999999997
21
-103.669243999999992
0
LINE
8
BLACK
6
CONTINUOUS
10
97.8017719999999997
20
-103.669243999999992
11
97.8002740000000017
21
-103.6679449999999889
0
LINE
8
BLACK
6
CONTINUOUS
10
97.8002740000000017
20
-103.6679449999999889
11
97.7988519999999966
21
-103.6656859999999938
0
LINE
8
BLACK
6
CONTINUOUS
10
97.7988519999999966
20
-103.6656859999999938
11
97.7971629999999976
21
-103.6636279999999886
0
LINE
8
BLACK
6
CONTINUOUS
10
97.7971629999999976
20
-103.6636279999999886
11
97.7964049999999929
21
-103.6617979999999903
0
LINE
8
BLACK
6
CONTINUOUS
10
97.7964049999999929
20
-103.6617979999999903
11
97.7924419999999941
21
-103.6555019999999985
0
LINE
8
BLACK
6
CONTINUOUS
10
97.7924419999999941
20
-103.6555019999999985
11
97.7448229999999967
21
-103.5602639999999894
0
LINE
8
BLACK
6
CONTINUOUS
10
97.7448229999999967
20
-103.5602639999999894
11
97.7444129999999944
21
-103.5591939999999909
0
LINE
8
BLACK
6
CONTINUOUS
10
97.7444129999999944
20
-103.5591939999999909
11
97.7440909999999974
21
-103.5587589999999949
0
LINE
8
BLACK
6
CONTINUOUS
10
97.7440909999999974
20
-103.5587589999999949
11
97.7418949999999995
21
-103.5526129999999938
0
LINE
8
BLACK
6
CONTINUOUS
10
97.7418949999999995
20
-103.5526129999999938
11
97.7395679999999913
21
-103.5465319999999991
0
LINE
8
BLACK
6
CONTINUOUS
10
97.7395679999999913
20
-103.5465319999999991
11
97.7395289999999903
21
-103.5459919999999983
0
LINE
8
BLACK
6
CONTINUOUS
10
97.7395289999999903
20
-103.5459919999999983
11
97.739143999999996
21
-103.544912999999994
0
LINE
8
BLACK
6
CONTINUOUS
10
97.739143999999996
20
-103.544912999999994
11
97.6915249999999986
21
-103.3544369999999901
0
LINE
8
BLACK
6
CONTINUOUS
10
97.6915249999999986
20
-103.3544369999999901
11
97.6911489999999958
21
-103.3519000000000005
0
LINE
8
BLACK
6
CONTINUOUS
10
97.6911489999999958
20
-103.3519000000000005
11
97.6907269999999954
21
-103.3508789999999919
0
LINE
8
BLACK
6
CONTINUOUS
10
97.6907269999999954
20
-103.3508789999999919
11
97.6901840000000021
21
-103.3453659999999985
0
LINE
8
BLACK
6
CONTINUOUS
10
97.6901840000000021
20
-103.3453659999999985
11
97.6893749999999983
21
-103.3398929999999893
0
LINE
8
BLACK
6
CONTINUOUS
10
97.6893749999999983
20
-103.3398929999999893
11
97.6895370000000014
21
-103.338799999999992
0
LINE
8
BLACK
6
CONTINUOUS
10
97.6895370000000014
20
-103.338799999999992
11
97.6892859999999956
21
-103.3362470000000002
0
LINE
8
BLACK
6
CONTINUOUS
10
97.6892859999999956
20
-103.3362470000000002
11
97.6892859999999956
21
-103.1933899999999937
0
LINE
8
BLACK
6
CONTINUOUS
10
97.6892859999999956
20
-103.1933899999999937
11
97.6895370000000014
21
-103.1908359999999902
0
LINE
8
BLACK
6
CONTINUOUS
10
97.6895370000000014
20
-103.1908359999999902
11
97.6893749999999983
21
-103.1897439999999904
0
LINE
8
BLACK
6
CONTINUOUS
10
97.6893749999999983
20
-103.1897439999999904
11
97.6901840000000021
21
-103.1842699999999979
0
LINE
8
BLACK
6
CONTINUOUS
10
97.6901840000000021
20
-103.1842699999999979
11
97.6907269999999954
21
-103.178758000000002
0
LINE
8
BLACK
6
CONTINUOUS
10
97.6907269999999954
20
-103.178758000000002
11
97.6911489999999958
21
-103.1777359999999959
0
LINE
8
BLACK
6
CONTINUOUS
10
97.6911489999999958
20
-103.1777359999999959
11
97.6915249999999986
21
-103.1751999999999896
0
LINE
8
BLACK
6
CONTINUOUS
10
97.6915249999999986
20
-103.1751999999999896
11
97.739143999999996
21
-102.9847239999999999
0
LINE
8
BLACK
6
CONTINUOUS
10
97.739143999999996
20
-102.9847239999999999
11
97.7395289999999903
21
-102.9836439999999982
0
LINE
8
BLACK
6
CONTINUOUS
10
97.7395289999999903
20
-102.9836439999999982
11
97.7395679999999913
21
-102.9831049999999948
0
LINE
8
BLACK
6
CONTINUOUS
10
97.7395679999999913
20
-102.9831049999999948
11
97.7418949999999995
21
-102.9770229999999884
0
LINE
8
BLACK
6
CONTINUOUS
10
97.7418949999999995
20
-102.9770229999999884
11
97.7440909999999974
21
-102.970877999999999
0
LINE
8
BLACK
6
CONTINUOUS
10
97.7440909999999974
20
-102.970877999999999
11
97.7444129999999944
21
-102.9704419999999914
0
LINE
8
BLACK
6
CONTINUOUS
10
97.7444129999999944
20
-102.9704419999999914
11
97.7448229999999967
21
-102.9693729999999903
0
LINE
8
BLACK
6
CONTINUOUS
10
97.7448229999999967
20
-102.9693729999999903
11
97.7924419999999941
21
-102.8741349999999954
0
LINE
8
BLACK
6
CONTINUOUS
10
97.7924419999999941
20
-102.8741349999999954
11
97.7964059999999904
21
-102.8678349999999995
0
LINE
8
BLACK
6
CONTINUOUS
10
97.7964059999999904
20
-102.8678349999999995
11
97.7971639999999951
21
-102.8660079999999937
0
LINE
8
BLACK
6
CONTINUOUS
10
97.7971639999999951
20
-102.8660079999999937
11
97.7988519999999966
21
-102.8639510000000001
0
LINE
8
BLACK
6
CONTINUOUS
10
97.7988519999999966
20
-102.8639510000000001
11
97.8002740000000017
21
-102.8616919999999908
0
LINE
8
BLACK
6
CONTINUOUS
10
97.8002740000000017
20
-102.8616919999999908
11
97.8017719999999997
21
-102.8603919999999903
0
LINE
8
BLACK
6
CONTINUOUS
10
97.8017719999999997
20
-102.8603919999999903
11
97.8064909999999941
21
-102.8546429999999958
0
LINE
8
BLACK
6
CONTINUOUS
10
97.8064909999999941
20
-102.8546429999999958
11
97.9017289999999889
21
-102.759405000000001
0
LINE
8
BLACK
6
CONTINUOUS
10
97.9017289999999889
20
-102.759405000000001
11
97.913094000000001
21
-102.7500769999999903
0
LINE
8
BLACK
6
CONTINUOUS
10
97.913094000000001
20
-102.7500769999999903
11
97.9155839999999955
21
-102.7490449999999953
0
LINE
8
BLACK
6
CONTINUOUS
10
97.9155839999999955
20
-102.7490449999999953
11
97.917619000000002
21
-102.747281000000001
0
LINE
8
BLACK
6
CONTINUOUS
10
97.917619000000002
20
-102.747281000000001
11
97.9310449999999975
21
-102.7412869999999998
0
LINE
8
BLACK
6
CONTINUOUS
10
97.9310449999999975
20
-102.7412869999999998
11
98.0739009999999922
21
-102.6936680000000024
0
LINE
8
BLACK
6
CONTINUOUS
10
98.0739009999999922
20
-102.6936680000000024
11
98.0811559999999929
21
-102.6920179999999903
0
LINE
8
BLACK
6
CONTINUOUS
10
98.0811559999999929
20
-102.6920179999999903
11
98.0829869999999886
21
-102.6912599999999998
0
LINE
8
BLACK
6
CONTINUOUS
10
98.0829869999999886
20
-102.6912599999999998
11
98.0856399999999979
21
-102.6909979999999933
0
LINE
8
BLACK
6
CONTINUOUS
10
98.0856399999999979
20
-102.6909979999999933
11
98.0882379999999898
21
-102.6904079999999908
0
LINE
8
BLACK
6
CONTINUOUS
10
98.0882379999999898
20
-102.6904079999999908
11
98.090211999999994
21
-102.6905479999999926
0
LINE
8
BLACK
6
CONTINUOUS
10
98.090211999999994
20
-102.6905479999999926
11
98.0976189999999946
21
-102.689819
0
LINE
8
BLACK
6
CONTINUOUS
10
98.0976189999999946
20
-102.689819
11
98.1928569999999894
21
-102.689819
0
LINE
8
BLACK
6
CONTINUOUS
10
98.1928569999999894
20
-102.689819
11
98.2002619999999951
21
-102.6905479999999926
0
LINE
8
BLACK
6
CONTINUOUS
10
99.159869999999998
20
-102.6912599999999998
11
99.162358999999995
21
-102.6922909999999973
0
LINE
8
BLACK
6
CONTINUOUS
10
99.162358999999995
20
-102.6922909999999973
11
99.1650470000000013
21
-102.6924819999999983
0
LINE
8
BLACK
6
CONTINUOUS
10
99.1650470000000013
20
-102.6924819999999983
11
99.1787789999999916
21
-102.6977369999999894
0
LINE
8
BLACK
6
CONTINUOUS
10
99.1787789999999916
20
-102.6977369999999894
11
99.2740170000000006
21
-102.745356000000001
0
LINE
8
BLACK
6
CONTINUOUS
10
99.2740170000000006
20
-102.745356000000001
11
99.2803159999999991
21
-102.7493199999999973
0
LINE
8
BLACK
6
CONTINUOUS
10
99.2803159999999991
20
-102.7493199999999973
11
99.2821440000000024
21
-102.750078000000002
0
LINE
8
BLACK
6
CONTINUOUS
10
99.2821440000000024
20
-102.750078000000002
11
99.2841999999999985
21
-102.7517659999999893
0
LINE
8
BLACK
6
CONTINUOUS
10
99.2841999999999985
20
-102.7517659999999893
11
99.2864599999999911
21
-102.7531879999999944
0
LINE
8
BLACK
6
CONTINUOUS
10
99.2864599999999911
20
-102.7531879999999944
11
99.2877589999999941
21
-102.7546859999999924
0
LINE
8
BLACK
6
CONTINUOUS
10
99.2877589999999941
20
-102.7546859999999924
11
99.2935090000000002
21
-102.759405000000001
0
LINE
8
BLACK
6
CONTINUOUS
10
99.2935090000000002
20
-102.759405000000001
11
99.3411279999999977
21
-102.8070239999999984
0
LINE
8
BLACK
6
CONTINUOUS
10
99.3411279999999977
20
-102.8070239999999984
11
99.3458459999999945
21
-102.8127729999999929
0
LINE
8
BLACK
6
CONTINUOUS
10
99.3458459999999945
20
-102.8127729999999929
11
99.34734499999999
21
-102.8140729999999934
0
LINE
8
BLACK
6
CONTINUOUS
10
99.34734499999999
20
-102.8140729999999934
11
99.3487659999999977
21
-102.8163319999999885
0
LINE
8
BLACK
6
CONTINUOUS
10
99.3487659999999977
20
-102.8163319999999885
11
99.3504549999999966
21
-102.8183889999999963
0
LINE
8
BLACK
6
CONTINUOUS
10
99.3504549999999966
20
-102.8183889999999963
11
99.3512119999999896
21
-102.8202160000000021
0
LINE
8
BLACK
6
CONTINUOUS
10
99.3512119999999896
20
-102.8202160000000021
11
99.3551769999999976
21
-102.826515999999998
0
LINE
8
BLACK
6
CONTINUOUS
10
99.3551769999999976
20
-102.826515999999998
11
99.402795999999995
21
-102.9217539999999929
0
LINE
8
BLACK
6
CONTINUOUS
10
99.402795999999995
20
-102.9217539999999929
11
99.4080510000000004
21
-102.9354849999999999
0
LINE
8
BLACK
6
CONTINUOUS
10
99.4080510000000004
20
-102.9354849999999999
11
99.4082420000000013
21
-102.9381739999999894
0
LINE
8
BLACK
6
CONTINUOUS
10
99.4082420000000013
20
-102.9381739999999894
11
99.4092729999999989
21
-102.9406630000000007
0
LINE
8
BLACK
6
CONTINUOUS
10
99.4092729999999989
20
-102.9406630000000007
11
99.4107139999999987
21
-102.9552949999999925
0
LINE
8
BLACK
6
CONTINUOUS
10
99.4107139999999987
20
-102.9552949999999925
11
99.4107139999999987
21
-103.0505330000000015
0
LINE
8
BLACK
6
CONTINUOUS
10
99.4107139999999987
20
-103.0505330000000015
11
99.4099839999999944
21
-103.0579389999999904
0
LINE
8
BLACK
6
CONTINUOUS
10
99.4099839999999944
20
-103.0579389999999904
11
99.4101249999999936
21
-103.059913999999992
0
LINE
8
BLACK
6
CONTINUOUS
10
99.4101249999999936
20
-103.059913999999992
11
99.4095339999999936
21
-103.0625110000000006
0
LINE
8
BLACK
6
CONTINUOUS
10
99.4095339999999936
20
-103.0625110000000006
11
99.4092729999999989
21
-103.0651649999999933
0
LINE
8
BLACK
6
CONTINUOUS
10
99.4092729999999989
20
-103.0651649999999933
11
99.4085139999999967
21
-103.0669949999999915
0
LINE
8
BLACK
6
CONTINUOUS
10
99.4085139999999967
20
-103.0669949999999915
11
99.4068649999999963
21
-103.0742509999999896
0
LINE
8
BLACK
6
CONTINUOUS
10
99.4068649999999963
20
-103.0742509999999896
11
99.3592459999999988
21
-103.2171069999999986
0
LINE
8
BLACK
6
CONTINUOUS
10
99.3592459999999988
20
-103.2171069999999986
11
99.3532519999999977
21
-103.2305329999999941
0
LINE
8
BLACK
6
CONTINUOUS
10
99.3532519999999977
20
-103.2305329999999941
11
99.3514869999999917
21
-103.2325669999999889
0
LINE
8
BLACK
6
CONTINUOUS
10
99.3514869999999917
20
-103.2325669999999889
11
99.3504559999999941
21
-103.2350579999999951
0
LINE
8
BLACK
6
CONTINUOUS
10
99.3504559999999941
20
-103.2350579999999951
11
99.3411279999999977
21
-103.246422999999993
0
LINE
8
BLACK
6
CONTINUOUS
10
99.3411279999999977
20
-103.246422999999993
11
98.8977330000000023
21
-103.689819
0
LINE
8
BLACK
6
CONTINUOUS
10
98.8977330000000023
20
-103.689819
11
99.3357139999999958
21
-103.689819
0
LINE
8
BLACK
6
CONTINUOUS
10
99.3357139999999958
20
-103.689819
11
99.3503460000000018
21
-103.6912599999999998
0
LINE
8
BLACK
6
CONTINUOUS
10
99.3503460000000018
20
-103.6912599999999998
11
99.3773819999999972
21
-103.7024589999999904
0
LINE
8
BLACK
6
CONTINUOUS
10
99.3773819999999972
20
-103.7024589999999904
11
99.398073999999994
21
-103.7231510000000014
0
LINE
8
BLACK
6
CONTINUOUS
10
99.398073999999994
20
-103.7231510000000014
11
99.4092729999999989
21
-103.7501869999999968
0
LINE
8
BLACK
6
CONTINUOUS
10
99.4092729999999989
20
-103.7501869999999968
11
99.4092729999999989
21
-103.7794509999999946
0
LINE
8
BLACK
6
CONTINUOUS
10
99.4092729999999989
20
-103.7794509999999946
11
99.398073999999994
21
-103.80648699999999
0
LINE
8
BLACK
6
CONTINUOUS
10
99.398073999999994
20
-103.80648699999999
11
99.3773819999999972
21
-103.827179000000001
0
LINE
8
BLACK
6
CONTINUOUS
10
99.3773819999999972
20
-103.827179000000001
11
99.3503460000000018
21
-103.8383779999999916
0
LINE
8
BLACK
6
CONTINUOUS
10
99.3503460000000018
20
-103.8383779999999916
11
99.3357139999999958
21
-103.8398189999999914
0
LINE
8
BLACK
6
CONTINUOUS
10
99.3357139999999958
20
-103.8398189999999914
11
98.7166670000000011
21
-103.8398189999999914
0
LINE
8
BLACK
6
CONTINUOUS
10
98.7166670000000011
20
-103.8398189999999914
11
98.7020349999999951
21
-103.8383779999999916
0
LINE
8
BLACK
6
CONTINUOUS
10
98.7020349999999951
20
-103.8383779999999916
11
98.6749989999999997
21
-103.827179000000001
0
LINE
8
BLACK
6
CONTINUOUS
10
98.6749989999999997
20
-103.827179000000001
11
98.6543069999999886
21
-103.80648699999999
0
LINE
8
BLACK
6
CONTINUOUS
10
98.6543069999999886
20
-103.80648699999999
11
98.643107999999998
21
-103.7794509999999946
0
LINE
8
BLACK
6
CONTINUOUS
10
98.643107999999998
20
-103.7794509999999946
11
98.643107999999998
21
-103.7501869999999968
0
LINE
8
BLACK
6
CONTINUOUS
10
98.643107999999998
20
-103.7501869999999968
11
98.6543069999999886
21
-103.7231510000000014
0
LINE
8
BLACK
6
CONTINUOUS
10
98.6543069999999886
20
-103.7231510000000014
11
98.6636340000000018
21
-103.7117859999999894
0
LINE
8
BLACK
6
CONTINUOUS
10
98.6636340000000018
20
-103.7117859999999894
11
99.22254199999999
21
-103.152875999999992
0
LINE
8
BLACK
6
CONTINUOUS
10
99.22254199999999
20
-103.152875999999992
11
99.260713999999993
21
-103.0383629999999897
0
LINE
8
BLACK
6
CONTINUOUS
10
99.260713999999993
20
-103.0383629999999897
11
99.260713999999993
21
-102.972999999999999
0
LINE
8
BLACK
6
CONTINUOUS
10
99.260713999999993
20
-102.972999999999999
11
99.2264559999999989
21
-102.9044839999999965
0
LINE
8
BLACK
6
CONTINUOUS
10
99.2264559999999989
20
-102.9044839999999965
11
99.1960490000000021
21
-102.8740769999999998
0
LINE
8
BLACK
6
CONTINUOUS
10
99.1960490000000021
20
-102.8740769999999998
11
99.1275329999999997
21
-102.8398189999999914
0
LINE
8
BLACK
6
CONTINUOUS
10
99.1275329999999997
20
-102.8398189999999914
11
98.9248479999999972
21
-102.8398189999999914
0
LINE
8
BLACK
6
CONTINUOUS
10
98.9248479999999972
20
-102.8398189999999914
11
98.8563319999999948
21
-102.8740769999999998
0
LINE
8
BLACK
6
CONTINUOUS
10
98.8563319999999948
20
-102.8740769999999998
11
98.8173189999999977
21
-102.9130899999999968
0
LINE
8
BLACK
6
CONTINUOUS
10
98.8173189999999977
20
-102.9130899999999968
11
98.8059539999999998
21
-102.9224169999999958
0
LINE
8
BLACK
6
CONTINUOUS
10
98.8059539999999998
20
-102.9224169999999958
11
98.7789169999999928
21
-102.9336160000000007
0
LINE
8
BLACK
6
CONTINUOUS
10
98.7789169999999928
20
-102.9336160000000007
11
98.74965499999999
21
-102.9336160000000007
0
LINE
8
BLACK
6
CONTINUOUS
10
98.74965499999999
20
-102.9336160000000007
11
98.7226179999999971
21
-102.9224169999999958
0
LINE
8
BLACK
6
CONTINUOUS
10
98.7226179999999971
20
-102.9224169999999958
11
98.7019260000000003
21
-102.901724999999999
0
LINE
8
BLACK
6
CONTINUOUS
10
98.7019260000000003
20
-102.901724999999999
11
98.6907269999999954
21
-102.8746879999999919
0
LINE
8
BLACK
6
CONTINUOUS
10
98.6907269999999954
20
-102.8746879999999919
11
98.6907269999999954
21
-102.8454259999999891
0
LINE
8
BLACK
6
CONTINUOUS
10
98.6907269999999954
20
-102.8454259999999891
11
98.7019260000000003
21
-102.8183889999999963
0
LINE
8
BLACK
6
CONTINUOUS
10
98.7019260000000003
20
-102.8183889999999963
11
98.7112529999999992
21
-102.8070239999999984
0
LINE
8
BLACK
6
CONTINUOUS
10
98.7112529999999992
20
-102.8070239999999984
11
98.7588719999999967
21
-102.759405000000001
0
LINE
8
BLACK
6
CONTINUOUS
10
98.7588719999999967
20
-102.759405000000001
11
98.7646209999999911
21
-102.7546859999999924
0
LINE
8
BLACK
6
CONTINUOUS
10
98.7646209999999911
20
-102.7546859999999924
11
98.7659209999999916
21
-102.7531879999999944
0
LINE
8
BLACK
6
CONTINUOUS
10
98.7659209999999916
20
-102.7531879999999944
11
98.768180000000001
21
-102.7517659999999893
0
LINE
8
BLACK
6
CONTINUOUS
10
98.768180000000001
20
-102.7517659999999893
11
98.7702369999999945
21
-102.750078000000002
0
LINE
8
BLACK
6
CONTINUOUS
10
98.7702369999999945
20
-102.750078000000002
11
98.7720640000000003
21
-102.7493199999999973
0
LINE
8
BLACK
6
CONTINUOUS
10
98.7720640000000003
20
-102.7493199999999973
11
98.7783639999999963
21
-102.745356000000001
0
LINE
8
BLACK
6
CONTINUOUS
10
98.7783639999999963
20
-102.745356000000001
11
98.8736019999999911
21
-102.6977369999999894
0
LINE
8
BLACK
6
CONTINUOUS
10
98.8736019999999911
20
-102.6977369999999894
11
98.8873329999999982
21
-102.6924819999999983
0
LINE
8
BLACK
6
CONTINUOUS
10
98.8873329999999982
20
-102.6924819999999983
11
98.8900220000000019
21
-102.6922899999999998
0
LINE
8
BLACK
6
CONTINUOUS
10
98.8900220000000019
20
-102.6922899999999998
11
98.8925109999999989
21
-102.6912599999999998
0
LINE
8
BLACK
6
CONTINUOUS
10
98.8925109999999989
20
-102.6912599999999998
11
98.9071429999999907
21
-102.689819
0
LINE
8
BLACK
6
CONTINUOUS
10
98.9071429999999907
20
-102.689819
11
99.145237999999992
21
-102.689819
0
LINE
8
BLACK
6
CONTINUOUS
10
99.145237999999992
20
-102.689819
11
99.159869999999998
21
-102.6912599999999998
0
LINE
8
BLACK
6
CONTINUOUS
10
93.2386119999999892
20
-97.0160419999999988
11
93.5591239999999971
21
-97.0797960000000018
0
LINE
8
BLACK
6
CONTINUOUS
10
93.5591239999999971
20
-97.0797960000000018
11
93.8718429999999984
21
-97.1746579999999938
0
LINE
8
BLACK
6
CONTINUOUS
10
93.8718429999999984
20
-97.1746579999999938
11
94.1737579999999923
21
-97.2997159999999894
0
LINE
8
BLACK
6
CONTINUOUS
10
94.1737579999999923
20
-97.2997159999999894
11
94.4619619999999998
21
-97.4537639999999925
0
LINE
8
BLACK
6
CONTINUOUS
10
94.4619619999999998
20
-97.4537639999999925
11
94.7336789999999951
21
-97.6353189999999955
0
LINE
8
BLACK
6
CONTINUOUS
10
94.7336789999999951
20
-97.6353189999999955
11
94.9862909999999943
21
-97.8426329999999922
0
LINE
8
BLACK
6
CONTINUOUS
10
94.9862909999999943
20
-97.8426329999999922
11
95.2173669999999959
21
-98.0737089999999938
0
LINE
8
BLACK
6
CONTINUOUS
10
95.2173669999999959
20
-98.0737089999999938
11
95.4246809999999925
21
-98.326320999999993
0
LINE
8
BLACK
6
CONTINUOUS
10
95.4246809999999925
20
-98.326320999999993
11
95.6062359999999956
21
-98.5980380000000025
0
LINE
8
BLACK
6
CONTINUOUS
10
95.6062359999999956
20
-98.5980380000000025
11
95.7602839999999986
21
-98.8862419999999958
0
LINE
8
BLACK
6
CONTINUOUS
10
95.7602839999999986
20
-98.8862419999999958
11
95.8853419999999943
21
-99.1881569999999897
0
LINE
8
BLACK
6
CONTINUOUS
10
95.8853419999999943
20
-99.1881569999999897
11
95.9802040000000005
21
-99.500875999999991
0
LINE
8
BLACK
6
CONTINUOUS
10
95.9802040000000005
20
-99.500875999999991
11
96.0439579999999893
21
-99.8213879999999989
0
LINE
8
BLACK
6
CONTINUOUS
10
96.0439579999999893
20
-99.8213879999999989
11
96.0759889999999928
21
-100.1466049999999939
0
LINE
8
BLACK
6
CONTINUOUS
10
96.0759889999999928
20
-100.1466049999999939
11
96.0759889999999928
21
-100.4733949999999965
0
LINE
8
BLACK
6
CONTINUOUS
10
96.0759889999999928
20
-100.4733949999999965
11
96.0439579999999893
21
-100.7986119999999914
0
LINE
8
BLACK
6
CONTINUOUS
10
96.0439579999999893
20
-100.7986119999999914
11
95.9802040000000005
21
-101.1191239999999993
0
LINE
8
BLACK
6
CONTINUOUS
10
95.9802040000000005
20
-101.1191239999999993
11
95.8853419999999943
21
-101.4318430000000006
0
LINE
8
BLACK
6
CONTINUOUS
10
95.8853419999999943
20
-101.4318430000000006
11
95.7602839999999986
21
-101.7337579999999946
0
LINE
8
BLACK
6
CONTINUOUS
10
95.7602839999999986
20
-101.7337579999999946
11
95.6062359999999956
21
-102.021962000000002
0
LINE
8
BLACK
6
CONTINUOUS
10
95.6062359999999956
20
-102.021962000000002
11
95.4246809999999925
21
-102.2936789999999974
0
LINE
8
BLACK
6
CONTINUOUS
10
95.4246809999999925
20
-102.2936789999999974
11
95.2173669999999959
21
-102.5462909999999965
0
LINE
8
BLACK
6
CONTINUOUS
10
95.2173669999999959
20
-102.5462909999999965
11
94.9862909999999943
21
-102.7773669999999981
0
LINE
8
BLACK
6
CONTINUOUS
10
94.9862909999999943
20
-102.7773669999999981
11
94.7336789999999951
21
-102.9846809999999948
0
LINE
8
BLACK
6
CONTINUOUS
10
94.7336789999999951
20
-102.9846809999999948
11
94.4619619999999998
21
-103.1662359999999978
0
LINE
8
BLACK
6
CONTINUOUS
10
94.4619619999999998
20
-103.1662359999999978
11
94.1737579999999923
21
-103.3202840000000009
0
LINE
8
BLACK
6
CONTINUOUS
10
94.1737579999999923
20
-103.3202840000000009
11
93.8718429999999984
21
-103.4453419999999966
0
LINE
8
BLACK
6
CONTINUOUS
10
93.8718429999999984
20
-103.4453419999999966
11
93.5591239999999971
21
-103.5402039999999886
0
LINE
8
BLACK
6
CONTINUOUS
10
93.5591239999999971
20
-103.5402039999999886
11
93.2386119999999892
21
-103.6039579999999916
0
LINE
8
BLACK
6
CONTINUOUS
10
93.2386119999999892
20
-103.6039579999999916
11
92.9133949999999942
21
-103.635988999999995
0
LINE
8
BLACK
6
CONTINUOUS
10
92.9133949999999942
20
-103.635988999999995
11
92.5866049999999916
21
-103.635988999999995
0
LINE
8
BLACK
6
CONTINUOUS
10
92.5866049999999916
20
-103.635988999999995
11
92.2613879999999966
21
-103.6039579999999916
0
LINE
8
BLACK
6
CONTINUOUS
10
92.2613879999999966
20
-103.6039579999999916
11
91.9408760000000029
21
-103.5402039999999886
0
LINE
8
BLACK
6
CONTINUOUS
10
91.9408760000000029
20
-103.5402039999999886
11
91.6281570000000016
21
-103.4453419999999966
0
LINE
8
BLACK
6
CONTINUOUS
10
91.6281570000000016
20
-103.4453419999999966
11
91.3262419999999935
21
-103.3202840000000009
0
LINE
8
BLACK
6
CONTINUOUS
10
91.3262419999999935
20
-103.3202840000000009
11
91.0380380000000002
21
-103.1662359999999978
0
LINE
8
BLACK
6
CONTINUOUS
10
91.0380380000000002
20
-103.1662359999999978
11
90.7663209999999907
21
-102.9846809999999948
0
LINE
8
BLACK
6
CONTINUOUS
10
90.7663209999999907
20
-102.9846809999999948
11
90.5137089999999915
21
-102.7773669999999981
0
LINE
8
BLACK
6
CONTINUOUS
10
90.5137089999999915
20
-102.7773669999999981
11
90.2826329999999899
21
-102.5462909999999965
0
LINE
8
BLACK
6
CONTINUOUS
10
90.2826329999999899
20
-102.5462909999999965
11
90.0753189999999933
21
-102.2936789999999974
0
LINE
8
BLACK
6
CONTINUOUS
10
90.0753189999999933
20
-102.2936789999999974
11
89.8937639999999902
21
-102.021962000000002
0
LINE
8
BLACK
6
CONTINUOUS
10
89.8937639999999902
20
-102.021962000000002
11
89.7397160000000014
21
-101.7337579999999946
0
LINE
8
BLACK
6
CONTINUOUS
10
89.7397160000000014
20
-101.7337579999999946
11
89.6146579999999915
21
-101.4318430000000006
0
LINE
8
BLACK
6
CONTINUOUS
10
89.6146579999999915
20
-101.4318430000000006
11
89.5197959999999995
21
-101.1191239999999993
0
LINE
8
BLACK
6
CONTINUOUS
10
89.5197959999999995
20
-101.1191239999999993
11
89.4560419999999965
21
-100.7986119999999914
0
LINE
8
BLACK
6
CONTINUOUS
10
89.4560419999999965
20
-100.7986119999999914
11
89.424010999999993
21
-100.4733949999999965
0
LINE
8
BLACK
6
CONTINUOUS
10
89.424010999999993
20
-100.4733949999999965
11
89.424010999999993
21
-100.1466049999999939
0
LINE
8
BLACK
6
CONTINUOUS
10
89.424010999999993
20
-100.1466049999999939
11
89.4256729999999891
21
-100.129729999999995
0
LINE
8
BLACK
6
CONTINUOUS
10
89.4256729999999891
20
-100.129729999999995
11
89.4560419999999965
21
-99.8213879999999989
0
LINE
8
BLACK
6
CONTINUOUS
10
89.4560419999999965
20
-99.8213879999999989
11
89.5197959999999995
21
-99.500875999999991
0
LINE
8
BLACK
6
CONTINUOUS
10
89.5197959999999995
20
-99.500875999999991
11
89.6146579999999915
21
-99.1881569999999897
0
LINE
8
BLACK
6
CONTINUOUS
10
89.6146579999999915
20
-99.1881569999999897
11
89.7397160000000014
21
-98.8862419999999958
0
LINE
8
BLACK
6
CONTINUOUS
10
89.7397160000000014
20
-98.8862419999999958
11
89.8937639999999902
21
-98.5980380000000025
0
LINE
8
BLACK
6
CONTINUOUS
10
89.8937639999999902
20
-98.5980380000000025
11
90.0753189999999933
21
-98.326320999999993
0
LINE
8
BLACK
6
CONTINUOUS
10
90.0753189999999933
20
-98.326320999999993
11
90.2826329999999899
21
-98.0737089999999938
0
LINE
8
BLACK
6
CONTINUOUS
10
90.2826329999999899
20
-98.0737089999999938
11
90.5137089999999915
21
-97.8426329999999922
0
LINE
8
BLACK
6
CONTINUOUS
10
90.5137089999999915
20
-97.8426329999999922
11
90.7663209999999907
21
-97.6353189999999955
0
LINE
8
BLACK
6
CONTINUOUS
10
90.7663209999999907
20
-97.6353189999999955
11
91.0380380000000002
21
-97.4537639999999925
0
LINE
8
BLACK
6
CONTINUOUS
10
91.0380380000000002
20
-97.4537639999999925
11
91.3262419999999935
21
-97.2997159999999894
0
LINE
8
BLACK
6
CONTINUOUS
10
91.3262419999999935
20
-97.2997159999999894
11
91.6281570000000016
21
-97.1746579999999938
0
LINE
8
BLACK
6
CONTINUOUS
10
91.6281570000000016
20
-97.1746579999999938
11
91.9408760000000029
21
-97.0797960000000018
0
LINE
8
BLACK
6
CONTINUOUS
10
91.9408760000000029
20
-97.0797960000000018
11
92.2613879999999966
21
-97.0160419999999988
0
LINE
8
BLACK
6
CONTINUOUS
10
92.2613879999999966
20
-97.0160419999999988
11
92.5866049999999916
21
-96.9840109999999953
0
LINE
8
BLACK
6
CONTINUOUS
10
92.5866049999999916
20
-96.9840109999999953
11
92.9133949999999942
21
-96.9840109999999953
0
LINE
8
BLACK
6
CONTINUOUS
10
92.9133949999999942
20
-96.9840109999999953
11
93.2386119999999892
21
-97.0160419999999988
0
LINE
8
BLACK
6
CONTINUOUS
10
89.539999999999992
20
-100.4902699999999953
11
89.5803669999999954
21
-100.8485419999999948
0
LINE
8
BLACK
6
CONTINUOUS
10
89.5803669999999954
20
-100.8485419999999948
11
89.6605950000000007
21
-101.2000419999999963
0
LINE
8
BLACK
6
CONTINUOUS
10
89.6605950000000007
20
-101.2000419999999963
11
89.779674
21
-101.540348999999992
0
LINE
8
BLACK
6
CONTINUOUS
10
89.779674
20
-101.540348999999992
11
89.9361059999999952
21
-101.8651839999999993
0
LINE
8
BLACK
6
CONTINUOUS
10
89.9361059999999952
20
-101.8651839999999993
11
90.1279249999999905
21
-102.1704620000000006
0
LINE
8
BLACK
6
CONTINUOUS
10
90.1279249999999905
20
-102.1704620000000006
11
90.3527169999999984
21
-102.4523429999999991
0
LINE
8
BLACK
6
CONTINUOUS
10
90.3527169999999984
20
-102.4523429999999991
11
90.607656999999989
21
-102.7072829999999897
0
LINE
8
BLACK
6
CONTINUOUS
10
90.607656999999989
20
-102.7072829999999897
11
90.8895380000000017
21
-102.9320749999999975
0
LINE
8
BLACK
6
CONTINUOUS
10
90.8895380000000017
20
-102.9320749999999975
11
91.1948159999999888
21
-103.1238939999999928
0
LINE
8
BLACK
6
CONTINUOUS
10
91.1948159999999888
20
-103.1238939999999928
11
91.5196509999999961
21
-103.2803260000000023
0
LINE
8
BLACK
6
CONTINUOUS
10
91.5196509999999961
20
-103.2803260000000023
11
91.8599579999999918
21
-103.3994050000000016
0
LINE
8
BLACK
6
CONTINUOUS
10
91.8599579999999918
20
-103.3994050000000016
11
92.2114579999999933
21
-103.4796329999999926
0
LINE
8
BLACK
6
CONTINUOUS
10
92.2114579999999933
20
-103.4796329999999926
11
92.5697299999999927
21
-103.519999999999996
0
LINE
8
BLACK
6
CONTINUOUS
10
92.5697299999999927
20
-103.519999999999996
11
92.930269999999993
21
-103.519999999999996
0
LINE
8
BLACK
6
CONTINUOUS
10
92.930269999999993
20
-103.519999999999996
11
93.2885419999999925
21
-103.4796329999999926
0
LINE
8
BLACK
6
CONTINUOUS
10
93.2885419999999925
20
-103.4796329999999926
11
93.640041999999994
21
-103.3994050000000016
0
LINE
8
BLACK
6
CONTINUOUS
10
93.640041999999994
20
-103.3994050000000016
11
93.9803489999999897
21
-103.2803260000000023
0
LINE
8
BLACK
6
CONTINUOUS
10
93.9803489999999897
20
-103.2803260000000023
11
94.305183999999997
21
-103.1238939999999928
0
LINE
8
BLACK
6
CONTINUOUS
10
94.305183999999997
20
-103.1238939999999928
11
94.6104619999999983
21
-102.9320749999999975
0
LINE
8
BLACK
6
CONTINUOUS
10
94.6104619999999983
20
-102.9320749999999975
11
94.8923429999999968
21
-102.7072829999999897
0
LINE
8
BLACK
6
CONTINUOUS
10
94.8923429999999968
20
-102.7072829999999897
11
95.1472830000000016
21
-102.4523429999999991
0
LINE
8
BLACK
6
CONTINUOUS
10
95.1472830000000016
20
-102.4523429999999991
11
95.3720749999999953
21
-102.1704620000000006
0
LINE
8
BLACK
6
CONTINUOUS
10
95.3720749999999953
20
-102.1704620000000006
11
95.5638939999999906
21
-101.8651839999999993
0
LINE
8
BLACK
6
CONTINUOUS
10
95.5638939999999906
20
-101.8651839999999993
11
95.720326
21
-101.540348999999992
0
LINE
8
BLACK
6
CONTINUOUS
10
95.720326
20
-101.540348999999992
11
95.8394049999999993
21
-101.2000419999999963
0
LINE
8
BLACK
6
CONTINUOUS
10
95.8394049999999993
20
-101.2000419999999963
11
95.9196329999999904
21
-100.8485419999999948
0
LINE
8
BLACK
6
CONTINUOUS
10
95.9196329999999904
20
-100.8485419999999948
11
95.9599999999999937
21
-100.4902699999999953
0
LINE
8
BLACK
6
CONTINUOUS
10
95.9599999999999937
20
-100.4902699999999953
11
95.9599999999999937
21
-100.129729999999995
0
LINE
8
BLACK
6
CONTINUOUS
10
95.9599999999999937
20
-100.129729999999995
11
95.9196329999999904
21
-99.7714579999999955
0
LINE
8
BLACK
6
CONTINUOUS
10
95.9196329999999904
20
-99.7714579999999955
11
95.8394049999999993
21
-99.4199579999999941
0
LINE
8
BLACK
6
CONTINUOUS
10
95.8394049999999993
20
-99.4199579999999941
11
95.720326
21
-99.0796509999999984
0
LINE
8
BLACK
6
CONTINUOUS
10
95.720326
20
-99.0796509999999984
11
95.5638939999999906
21
-98.754815999999991
0
LINE
8
BLACK
6
CONTINUOUS
10
95.5638939999999906
20
-98.754815999999991
11
95.3720749999999953
21
-98.4495379999999898
0
LINE
8
BLACK
6
CONTINUOUS
10
95.3720749999999953
20
-98.4495379999999898
11
95.1472830000000016
21
-98.1676569999999913
0
LINE
8
BLACK
6
CONTINUOUS
10
95.1472830000000016
20
-98.1676569999999913
11
94.8923429999999968
21
-97.9127170000000007
0
LINE
8
BLACK
6
CONTINUOUS
10
94.8923429999999968
20
-97.9127170000000007
11
94.6104619999999983
21
-97.6879249999999928
0
LINE
8
BLACK
6
CONTINUOUS
10
94.6104619999999983
20
-97.6879249999999928
11
94.305183999999997
21
-97.4961059999999975
0
LINE
8
BLACK
6
CONTINUOUS
10
94.305183999999997
20
-97.4961059999999975
11
93.9803489999999897
21
-97.3396740000000023
0
LINE
8
BLACK
6
CONTINUOUS
10
93.9803489999999897
20
-97.3396740000000023
11
93.640041999999994
21
-97.2205949999999888
0
LINE
8
BLACK
6
CONTINUOUS
10
93.640041999999994
20
-97.2205949999999888
11
93.2885419999999925
21
-97.1403669999999977
0
LINE
8
BLACK
6
CONTINUOUS
10
93.2885419999999925
20
-97.1403669999999977
11
92.930269999999993
21
-97.0999999999999943
0
LINE
8
BLACK
6
CONTINUOUS
10
92.930269999999993
20
-97.0999999999999943
11
92.5697299999999927
21
-97.0999999999999943
0
LINE
8
BLACK
6
CONTINUOUS
10
92.5697299999999927
20
-97.0999999999999943
11
92.2114579999999933
21
-97.1403669999999977
0
LINE
8
BLACK
6
CONTINUOUS
10
92.2114579999999933
20
-97.1403669999999977
11
91.8599579999999918
21
-97.2205949999999888
0
LINE
8
BLACK
6
CONTINUOUS
10
91.8599579999999918
20
-97.2205949999999888
11
91.5196509999999961
21
-97.3396740000000023
0
LINE
8
BLACK
6
CONTINUOUS
10
91.5196509999999961
20
-97.3396740000000023
11
91.1948159999999888
21
-97.4961059999999975
0
LINE
8
BLACK
6
CONTINUOUS
10
91.1948159999999888
20
-97.4961059999999975
11
90.8895380000000017
21
-97.6879249999999928
0
LINE
8
BLACK
6
CONTINUOUS
10
90.8895380000000017
20
-97.6879249999999928
11
90.607656999999989
21
-97.9127170000000007
0
LINE
8
BLACK
6
CONTINUOUS
10
90.607656999999989
20
-97.9127170000000007
11
90.3527169999999984
21
-98.1676569999999913
0
LINE
8
BLACK
6
CONTINUOUS
10
90.3527169999999984
20
-98.1676569999999913
11
90.1279249999999905
21
-98.4495379999999898
0
LINE
8
BLACK
6
CONTINUOUS
10
90.1279249999999905
20
-98.4495379999999898
11
89.9361059999999952
21
-98.754815999999991
0
LINE
8
BLACK
6
CONTINUOUS
10
89.9361059999999952
20
-98.754815999999991
11
89.779674
21
-99.0796509999999984
0
LINE
8
BLACK
6
CONTINUOUS
10
89.779674
20
-99.0796509999999984
11
89.6605950000000007
21
-99.4199579999999941
0
LINE
8
BLACK
6
CONTINUOUS
10
89.6605950000000007
20
-99.4199579999999941
11
89.5803669999999954
21
-99.7714579999999955
0
LINE
8
BLACK
6
CONTINUOUS
10
89.5803669999999954
20
-99.7714579999999955
11
89.539999999999992
21
-100.129729999999995
0
LINE
8
BLACK
6
CONTINUOUS
10
89.539999999999992
20
-100.129729999999995
11
89.539999999999992
21
-100.4902699999999953
0
LINE
8
BLACK
6
CONTINUOUS
10
97.7739609999999999
20
-98.2345669999999984
11
97.8064329999999984
21
-98.2670389999999969
0
LINE
8
BLACK
6
CONTINUOUS
10
97.8064329999999984
20
-98.2670389999999969
11
97.8064329999999984
21
-98.3129610000000014
0
LINE
8
BLACK
6
CONTINUOUS
10
97.8064329999999984
20
-98.3129610000000014
11
97.7739609999999999
21
-98.3454329999999999
0
LINE
8
BLACK
6
CONTINUOUS
10
97.7739609999999999
20
-98.3454329999999999
11
97.7509999999999906
21
-98.3499999999999943
0
LINE
8
BLACK
6
CONTINUOUS
10
97.7509999999999906
20
-98.3499999999999943
11
97.0899999999999892
21
-98.3499999999999943
0
LINE
8
BLACK
6
CONTINUOUS
10
97.0899999999999892
20
-98.3499999999999943
11
97.0899999999999892
21
-102.269999999999996
0
LINE
8
BLACK
6
CONTINUOUS
10
97.0899999999999892
20
-102.269999999999996
11
97.7509999999999906
21
-102.269999999999996
0
LINE
8
BLACK
6
CONTINUOUS
10
97.7509999999999906
20
-102.269999999999996
11
97.7739609999999999
21
-102.2745669999999905
0
LINE
8
BLACK
6
CONTINUOUS
10
97.7739609999999999
20
-102.2745669999999905
11
97.8064329999999984
21
-102.307038999999989
0
LINE
8
BLACK
6
CONTINUOUS
10
97.8064329999999984
20
-102.307038999999989
11
97.8064329999999984
21
-102.3529609999999934
0
LINE
8
BLACK
6
CONTINUOUS
10
97.8064329999999984
20
-102.3529609999999934
11
97.7739609999999999
21
-102.3854329999999919
0
LINE
8
BLACK
6
CONTINUOUS
10
97.7739609999999999
20
-102.3854329999999919
11
97.7509999999999906
21
-102.3900000000000006
0
LINE
8
BLACK
6
CONTINUOUS
10
97.7509999999999906
20
-102.3900000000000006
11
97.0300000000000011
21
-102.3900000000000006
0
LINE
8
BLACK
6
CONTINUOUS
10
97.0300000000000011
20
-102.3900000000000006
11
97.0070389999999918
21
-102.3854329999999919
0
LINE
8
BLACK
6
CONTINUOUS
10
97.0070389999999918
20
-102.3854329999999919
11
96.9745669999999933
21
-102.3529609999999934
0
LINE
8
BLACK
6
CONTINUOUS
10
96.9745669999999933
20
-102.3529609999999934
11
96.9699999999999989
21
-102.3299999999999983
0
LINE
8
BLACK
6
CONTINUOUS
10
96.9699999999999989
20
-102.3299999999999983
11
96.9699999999999989
21
-98.289999999999992
0
LINE
8
BLACK
6
CONTINUOUS
10
96.9699999999999989
20
-98.289999999999992
11
96.9745669999999933
21
-98.2670389999999969
0
LINE
8
BLACK
6
CONTINUOUS
10
96.9745669999999933
20
-98.2670389999999969
11
97.0070389999999918
21
-98.2345669999999984
0
LINE
8
BLACK
6
CONTINUOUS
10
97.0070389999999918
20
-98.2345669999999984
11
97.0300000000000011
21
-98.2299999999999898
0
LINE
8
BLACK
6
CONTINUOUS
10
97.0300000000000011
20
-98.2299999999999898
11
97.7509999999999906
21
-98.2299999999999898
0
LINE
8
BLACK
6
CONTINUOUS
10
97.7509999999999906
20
-98.2299999999999898
11
97.7739609999999999
21
-98.2345669999999984
0
LINE
8
BLACK
6
CONTINUOUS
10
99.8929609999999997
20
-98.2345669999999984
11
99.9254329999999982
21
-98.2670389999999969
0
LINE
8
BLACK
6
CONTINUOUS
10
99.9254329999999982
20
-98.2670389999999969
11
99.9299999999999926
21
-98.289999999999992
0
LINE
8
BLACK
6
CONTINUOUS
10
99.9299999999999926
20
-98.289999999999992
11
99.9299999999999926
21
-102.3299999999999983
0
LINE
8
BLACK
6
CONTINUOUS
10
99.9299999999999926
20
-102.3299999999999983
11
99.9254329999999982
21
-102.3529609999999934
0
LINE
8
BLACK
6
CONTINUOUS
10
99.9254329999999982
20
-102.3529609999999934
11
99.8929609999999997
21
-102.3854329999999919
0
LINE
8
BLACK
6
CONTINUOUS
10
99.8929609999999997
20
-102.3854329999999919
11
99.8699999999999903
21
-102.3900000000000006
0
LINE
8
BLACK
6
CONTINUOUS
10
99.8699999999999903
20
-102.3900000000000006
11
99.1490000000000009
21
-102.3900000000000006
0
LINE
8
BLACK
6
CONTINUOUS
10
99.1490000000000009
20
-102.3900000000000006
11
99.1260389999999916
21
-102.3854329999999919
0
LINE
8
BLACK
6
CONTINUOUS
10
99.1260389999999916
20
-102.3854329999999919
11
99.0935669999999931
21
-102.3529609999999934
0
LINE
8
BLACK
6
CONTINUOUS
10
99.0935669999999931
20
-102.3529609999999934
11
99.0935669999999931
21
-102.307038999999989
0
LINE
8
BLACK
6
CONTINUOUS
10
99.0935669999999931
20
-102.307038999999989
11
99.1260389999999916
21
-102.2745669999999905
0
LINE
8
BLACK
6
CONTINUOUS
10
99.1260389999999916
20
-102.2745669999999905
11
99.1490000000000009
21
-102.269999999999996
0
LINE
8
BLACK
6
CONTINUOUS
10
99.1490000000000009
20
-102.269999999999996
11
99.8100000000000023
21
-102.269999999999996
0
LINE
8
BLACK
6
CONTINUOUS
10
99.8100000000000023
20
-102.269999999999996
11
99.8100000000000023
21
-98.3499999999999943
0
LINE
8
BLACK
6
CONTINUOUS
10
99.8100000000000023
20
-98.3499999999999943
11
99.1490000000000009
21
-98.3499999999999943
0
LINE
8
BLACK
6
CONTINUOUS
10
99.1490000000000009
20
-98.3499999999999943
11
99.1260389999999916
21
-98.3454329999999999
0
LINE
8
BLACK
6
CONTINUOUS
10
99.1260389999999916
20
-98.3454329999999999
11
99.0935669999999931
21
-98.3129610000000014
0
LINE
8
BLACK
6
CONTINUOUS
10
99.0935669999999931
20
-98.3129610000000014
11
99.0935669999999931
21
-98.2670389999999969
0
LINE
8
BLACK
6
CONTINUOUS
10
99.0935669999999931
20
-98.2670389999999969
11
99.1260389999999916
21
-98.2345669999999984
0
LINE
8
BLACK
6
CONTINUOUS
10
99.1260389999999916
20
-98.2345669999999984
11
99.1490000000000009
21
-98.2299999999999898
0
LINE
8
BLACK
6
CONTINUOUS
10
99.1490000000000009
20
-98.2299999999999898
11
99.8699999999999903
21
-98.2299999999999898
0
LINE
8
BLACK
6
CONTINUOUS
10
99.8699999999999903
20
-98.2299999999999898
11
99.8929609999999997
21
-98.2345669999999984
0
LINE
8
BLACK
6
CONTINUOUS
10
87.9417239999999936
20
-100.4143059999999963
11
87.9624170000000021
21
-100.4349989999999906
0
LINE
8
BLACK
6
CONTINUOUS
10
87.9624170000000021
20
-100.4349989999999906
11
87.9736159999999927
21
-100.4620350000000002
0
LINE
8
BLACK
6
CONTINUOUS
10
87.9736159999999927
20
-100.4620350000000002
11
87.9736159999999927
21
-100.4912980000000005
0
LINE
8
BLACK
6
CONTINUOUS
10
87.9736159999999927
20
-100.4912980000000005
11
87.9624170000000021
21
-100.5183339999999959
0
LINE
8
BLACK
6
CONTINUOUS
10
87.9624170000000021
20
-100.5183339999999959
11
87.9530900000000031
21
-100.5296989999999937
0
LINE
8
BLACK
6
CONTINUOUS
10
87.9530900000000031
20
-100.5296989999999937
11
87.917989999999989
21
-100.5647979999999961
0
LINE
8
BLACK
6
CONTINUOUS
10
87.917989999999989
20
-100.5647979999999961
11
87.8798189999999977
21
-100.6793119999999959
0
LINE
8
BLACK
6
CONTINUOUS
10
87.8798189999999977
20
-100.6793119999999959
11
87.8798189999999977
21
-100.7502089999999981
0
LINE
8
BLACK
6
CONTINUOUS
10
87.8798189999999977
20
-100.7502089999999981
11
87.917989999999989
21
-100.8647229999999979
0
LINE
8
BLACK
6
CONTINUOUS
10
87.917989999999989
20
-100.8647229999999979
11
87.9921030000000002
21
-100.9388359999999949
0
LINE
8
BLACK
6
CONTINUOUS
10
87.9921030000000002
20
-100.9388359999999949
11
88.0690900000000028
21
-100.9773289999999974
0
LINE
8
BLACK
6
CONTINUOUS
10
88.0690900000000028
20
-100.9773289999999974
11
88.2426239999999922
21
-101.0207130000000006
0
LINE
8
BLACK
6
CONTINUOUS
10
88.2426239999999922
20
-101.0207130000000006
11
88.367013
21
-101.0207130000000006
0
LINE
8
BLACK
6
CONTINUOUS
10
88.367013
20
-101.0207130000000006
11
88.5405469999999895
21
-100.9773289999999974
0
LINE
8
BLACK
6
CONTINUOUS
10
88.5405469999999895
20
-100.9773289999999974
11
88.617533999999992
21
-100.9388349999999974
0
LINE
8
BLACK
6
CONTINUOUS
10
88.617533999999992
20
-100.9388349999999974
11
88.6916480000000007
21
-100.8647220000000004
0
LINE
8
BLACK
6
CONTINUOUS
10
88.6916480000000007
20
-100.8647220000000004
11
88.729818999999992
21
-100.7502099999999956
0
LINE
8
BLACK
6
CONTINUOUS
10
88.729818999999992
20
-100.7502099999999956
11
88.729818999999992
21
-100.6793119999999959
0
LINE
8
BLACK
6
CONTINUOUS
10
88.729818999999992
20
-100.6793119999999959
11
88.6916480000000007
21
-100.5647989999999936
0
LINE
8
BLACK
6
CONTINUOUS
10
88.6916480000000007
20
-100.5647989999999936
11
88.6565480000000008
21
-100.5296999999999912
0
LINE
8
BLACK
6
CONTINUOUS
10
88.6565480000000008
20
-100.5296999999999912
11
88.6472199999999901
21
-100.5183339999999959
0
LINE
8
BLACK
6
CONTINUOUS
10
88.6472199999999901
20
-100.5183339999999959
11
88.6360209999999995
21
-100.4912980000000005
0
LINE
8
BLACK
6
CONTINUOUS
10
88.6360209999999995
20
-100.4912980000000005
11
88.6360209999999995
21
-100.4620350000000002
0
LINE
8
BLACK
6
CONTINUOUS
10
88.6360209999999995
20
-100.4620350000000002
11
88.6472189999999927
21
-100.4349989999999906
0
LINE
8
BLACK
6
CONTINUOUS
10
88.6472189999999927
20
-100.4349989999999906
11
88.6679120000000012
21
-100.4143059999999963
0
LINE
8
BLACK
6
CONTINUOUS
10
88.6679120000000012
20
-100.4143059999999963
11
88.6949479999999966
21
-100.4031069999999914
0
LINE
8
BLACK
6
CONTINUOUS
10
88.6949479999999966
20
-100.4031069999999914
11
88.7242109999999968
21
-100.4031069999999914
0
LINE
8
BLACK
6
CONTINUOUS
10
88.7242109999999968
20
-100.4031069999999914
11
88.7512469999999922
21
-100.4143049999999988
0
LINE
8
BLACK
6
CONTINUOUS
10
88.7512469999999922
20
-100.4143049999999988
11
88.7626119999999901
21
-100.4236319999999978
0
LINE
8
BLACK
6
CONTINUOUS
10
88.7626119999999901
20
-100.4236319999999978
11
88.8102319999999992
21
-100.4712509999999952
0
LINE
8
BLACK
6
CONTINUOUS
10
88.8102319999999992
20
-100.4712509999999952
11
88.8195599999999956
21
-100.4826169999999905
0
LINE
8
BLACK
6
CONTINUOUS
10
88.8195599999999956
20
-100.4826169999999905
11
88.8205899999999957
21
-100.4851049999999901
0
LINE
8
BLACK
6
CONTINUOUS
10
88.8205899999999957
20
-100.4851049999999901
11
88.8223569999999967
21
-100.4871419999999915
0
LINE
8
BLACK
6
CONTINUOUS
10
88.8223569999999967
20
-100.4871419999999915
11
88.8283509999999978
21
-100.5005680000000012
0
LINE
8
BLACK
6
CONTINUOUS
10
88.8283509999999978
20
-100.5005680000000012
11
88.8759699999999953
21
-100.643423999999996
0
LINE
8
BLACK
6
CONTINUOUS
10
88.8759699999999953
20
-100.643423999999996
11
88.8776189999999957
21
-100.6506789999999967
0
LINE
8
BLACK
6
CONTINUOUS
10
88.8776189999999957
20
-100.6506789999999967
11
88.8783779999999979
21
-100.6525099999999924
0
LINE
8
BLACK
6
CONTINUOUS
10
88.8783779999999979
20
-100.6525099999999924
11
88.8786389999999926
21
-100.6551630000000017
0
LINE
8
BLACK
6
CONTINUOUS
10
88.8786389999999926
20
-100.6551630000000017
11
88.8792299999999926
21
-100.6577609999999936
0
LINE
8
BLACK
6
CONTINUOUS
10
88.8792299999999926
20
-100.6577609999999936
11
88.8790889999999933
21
-100.6597349999999977
0
LINE
8
BLACK
6
CONTINUOUS
10
88.8790889999999933
20
-100.6597349999999977
11
88.8798189999999977
21
-100.6671419999999983
0
LINE
8
BLACK
6
CONTINUOUS
10
88.8798189999999977
20
-100.6671419999999983
11
88.8798189999999977
21
-100.7623799999999932
0
LINE
8
BLACK
6
CONTINUOUS
10
88.8798189999999977
20
-100.7623799999999932
11
88.8790889999999933
21
-100.7697859999999963
0
LINE
8
BLACK
6
CONTINUOUS
10
88.8790889999999933
20
-100.7697859999999963
11
88.8792299999999926
21
-100.7717609999999979
0
LINE
8
BLACK
6
CONTINUOUS
10
88.8792299999999926
20
-100.7717609999999979
11
88.8786389999999926
21
-100.7743579999999923
0
LINE
8
BLACK
6
CONTINUOUS
10
88.8786389999999926
20
-100.7743579999999923
11
88.8783779999999979
21
-100.7770119999999991
0
LINE
8
BLACK
6
CONTINUOUS
10
88.8783779999999979
20
-100.7770119999999991
11
88.8776189999999957
21
-100.7788419999999974
0
LINE
8
BLACK
6
CONTINUOUS
10
88.8776189999999957
20
-100.7788419999999974
11
88.8759699999999953
21
-100.7860979999999955
0
LINE
8
BLACK
6
CONTINUOUS
10
88.8759699999999953
20
-100.7860979999999955
11
88.8283509999999978
21
-100.9289539999999903
0
LINE
8
BLACK
6
CONTINUOUS
10
88.8283509999999978
20
-100.9289539999999903
11
88.8223569999999967
21
-100.94238
0
LINE
8
BLACK
6
CONTINUOUS
10
88.8223569999999967
20
-100.94238
11
88.8205919999999907
21
-100.9444139999999948
0
LINE
8
BLACK
6
CONTINUOUS
10
88.8205919999999907
20
-100.9444139999999948
11
88.8195609999999931
21
-100.946905000000001
0
LINE
8
BLACK
6
CONTINUOUS
10
88.8195609999999931
20
-100.946905000000001
11
88.8102329999999967
21
-100.9582699999999988
0
LINE
8
BLACK
6
CONTINUOUS
10
88.8102329999999967
20
-100.9582699999999988
11
88.7149939999999901
21
-101.0535079999999937
0
LINE
8
BLACK
6
CONTINUOUS
10
88.7149939999999901
20
-101.0535079999999937
11
88.7092439999999982
21
-101.0582259999999906
0
LINE
8
BLACK
6
CONTINUOUS
10
88.7092439999999982
20
-101.0582259999999906
11
88.7079449999999952
21
-101.0597250000000003
0
LINE
8
BLACK
6
CONTINUOUS
10
88.7079449999999952
20
-101.0597250000000003
11
88.705686
21
-101.0611459999999937
0
LINE
8
BLACK
6
CONTINUOUS
10
88.705686
20
-101.0611459999999937
11
88.7036279999999948
21
-101.0628359999999901
0
LINE
8
BLACK
6
CONTINUOUS
10
88.7036279999999948
20
-101.0628359999999901
11
88.7017979999999966
21
-101.0635929999999973
0
LINE
8
BLACK
6
CONTINUOUS
10
88.7017979999999966
20
-101.0635929999999973
11
88.6955019999999905
21
-101.0675569999999936
0
LINE
8
BLACK
6
CONTINUOUS
10
88.6955019999999905
20
-101.0675569999999936
11
88.6002639999999957
21
-101.1151759999999911
0
LINE
8
BLACK
6
CONTINUOUS
10
88.6002639999999957
20
-101.1151759999999911
11
88.5991939999999971
21
-101.1155849999999958
0
LINE
8
BLACK
6
CONTINUOUS
10
88.5991939999999971
20
-101.1155849999999958
11
88.5987590000000012
21
-101.1159079999999904
0
LINE
8
BLACK
6
CONTINUOUS
10
88.5987590000000012
20
-101.1159079999999904
11
88.5926130000000001
21
-101.1181029999999907
0
LINE
8
BLACK
6
CONTINUOUS
10
88.5926130000000001
20
-101.1181029999999907
11
88.5865319999999912
21
-101.1204309999999964
0
LINE
8
BLACK
6
CONTINUOUS
10
88.5865319999999912
20
-101.1204309999999964
11
88.5859919999999903
21
-101.1204689999999999
0
LINE
8
BLACK
6
CONTINUOUS
10
88.5859919999999903
20
-101.1204689999999999
11
88.5849130000000002
21
-101.1208549999999917
0
LINE
8
BLACK
6
CONTINUOUS
10
88.5849130000000002
20
-101.1208549999999917
11
88.3944369999999964
21
-101.1684739999999891
0
LINE
8
BLACK
6
CONTINUOUS
10
88.3944369999999964
20
-101.1684739999999891
11
88.3918999999999926
21
-101.1688489999999945
0
LINE
8
BLACK
6
CONTINUOUS
10
88.3918999999999926
20
-101.1688489999999945
11
88.3908789999999982
21
-101.1692719999999923
0
LINE
8
BLACK
6
CONTINUOUS
10
88.3908789999999982
20
-101.1692719999999923
11
88.3853659999999905
21
-101.1698140000000024
0
LINE
8
BLACK
6
CONTINUOUS
10
88.3853659999999905
20
-101.1698140000000024
11
88.3798929999999956
21
-101.1706239999999895
0
LINE
8
BLACK
6
CONTINUOUS
10
88.3798929999999956
20
-101.1706239999999895
11
88.3787999999999982
21
-101.1704609999999889
0
LINE
8
BLACK
6
CONTINUOUS
10
88.3787999999999982
20
-101.1704609999999889
11
88.3762469999999922
21
-101.1707129999999921
0
LINE
8
BLACK
6
CONTINUOUS
10
88.3762469999999922
20
-101.1707129999999921
11
88.23339
21
-101.1707129999999921
0
LINE
8
BLACK
6
CONTINUOUS
10
88.23339
20
-101.1707129999999921
11
88.2308359999999965
21
-101.1704609999999889
0
LINE
8
BLACK
6
CONTINUOUS
10
88.2308359999999965
20
-101.1704609999999889
11
88.2297439999999966
21
-101.1706239999999895
0
LINE
8
BLACK
6
CONTINUOUS
10
88.2297439999999966
20
-101.1706239999999895
11
88.22426999999999
21
-101.1698140000000024
0
LINE
8
BLACK
6
CONTINUOUS
10
88.22426999999999
20
-101.1698140000000024
11
88.218757999999994
21
-101.1692719999999923
0
LINE
8
BLACK
6
CONTINUOUS
10
88.218757999999994
20
-101.1692719999999923
11
88.2177360000000022
21
-101.1688489999999945
0
LINE
8
BLACK
6
CONTINUOUS
10
88.2177360000000022
20
-101.1688489999999945
11
88.2151999999999958
21
-101.1684739999999891
0
LINE
8
BLACK
6
CONTINUOUS
10
88.2151999999999958
20
-101.1684739999999891
11
88.024723999999992
21
-101.1208549999999917
0
LINE
8
BLACK
6
CONTINUOUS
10
88.024723999999992
20
-101.1208549999999917
11
88.0236439999999902
21
-101.1204689999999999
0
LINE
8
BLACK
6
CONTINUOUS
10
88.0236439999999902
20
-101.1204689999999999
11
88.0231039999999894
21
-101.1204309999999964
0
LINE
8
BLACK
6
CONTINUOUS
10
88.0231039999999894
20
-101.1204309999999964
11
88.017013999999989
21
-101.1180999999999983
0
LINE
8
BLACK
6
CONTINUOUS
10
88.017013999999989
20
-101.1180999999999983
11
88.0108779999999911
21
-101.1159079999999904
0
LINE
8
BLACK
6
CONTINUOUS
10
88.0108779999999911
20
-101.1159079999999904
11
88.0104419999999976
21
-101.1155849999999958
0
LINE
8
BLACK
6
CONTINUOUS
10
88.0104419999999976
20
-101.1155849999999958
11
88.0093729999999965
21
-101.1151759999999911
0
LINE
8
BLACK
6
CONTINUOUS
10
88.0093729999999965
20
-101.1151759999999911
11
87.9141350000000017
21
-101.0675569999999936
0
LINE
8
BLACK
6
CONTINUOUS
10
87.9141350000000017
20
-101.0675569999999936
11
87.9078399999999931
21
-101.0635939999999948
0
LINE
8
BLACK
6
CONTINUOUS
10
87.9078399999999931
20
-101.0635939999999948
11
87.9060079999999999
21
-101.0628359999999901
0
LINE
8
BLACK
6
CONTINUOUS
10
87.9060079999999999
20
-101.0628359999999901
11
87.9039459999999906
21
-101.0611439999999988
0
LINE
8
BLACK
6
CONTINUOUS
10
87.9039459999999906
20
-101.0611439999999988
11
87.9016919999999971
21
-101.0597250000000003
0
LINE
8
BLACK
6
CONTINUOUS
10
87.9016919999999971
20
-101.0597250000000003
11
87.900392999999994
21
-101.0582279999999997
0
LINE
8
BLACK
6
CONTINUOUS
10
87.900392999999994
20
-101.0582279999999997
11
87.8946430000000021
21
-101.0535079999999937
0
LINE
8
BLACK
6
CONTINUOUS
10
87.8946430000000021
20
-101.0535079999999937
11
87.799404999999993
21
-100.9582699999999988
0
LINE
8
BLACK
6
CONTINUOUS
10
87.799404999999993
20
-100.9582699999999988
11
87.7900779999999941
21
-100.946905000000001
0
LINE
8
BLACK
6
CONTINUOUS
10
87.7900779999999941
20
-100.946905000000001
11
87.789045999999999
21
-100.9444139999999948
0
LINE
8
BLACK
6
CONTINUOUS
10
87.789045999999999
20
-100.9444139999999948
11
87.787280999999993
21
-100.9423790000000025
0
LINE
8
BLACK
6
CONTINUOUS
10
87.787280999999993
20
-100.9423790000000025
11
87.7812869999999918
21
-100.9289539999999903
0
LINE
8
BLACK
6
CONTINUOUS
10
87.7812869999999918
20
-100.9289539999999903
11
87.7336679999999944
21
-100.786096999999998
0
LINE
8
BLACK
6
CONTINUOUS
10
87.7336679999999944
20
-100.786096999999998
11
87.7320179999999965
21
-100.7788429999999948
0
LINE
8
BLACK
6
CONTINUOUS
10
87.7320179999999965
20
-100.7788429999999948
11
87.7312599999999918
21
-100.7770119999999991
0
LINE
8
BLACK
6
CONTINUOUS
10
87.7312599999999918
20
-100.7770119999999991
11
87.7309979999999996
21
-100.7743569999999949
0
LINE
8
BLACK
6
CONTINUOUS
10
87.7309979999999996
20
-100.7743569999999949
11
87.7304079999999971
21
-100.7717600000000004
0
LINE
8
BLACK
6
CONTINUOUS
10
87.7304079999999971
20
-100.7717600000000004
11
87.7305479999999989
21
-100.7697849999999988
0
LINE
8
BLACK
6
CONTINUOUS
10
87.7305479999999989
20
-100.7697849999999988
11
87.729818999999992
21
-100.7623799999999932
0
LINE
8
BLACK
6
CONTINUOUS
10
87.729818999999992
20
-100.7623799999999932
11
87.729818999999992
21
-100.6671419999999983
0
LINE
8
BLACK
6
CONTINUOUS
10
87.729818999999992
20
-100.6671419999999983
11
87.7305479999999989
21
-100.6597359999999952
0
LINE
8
BLACK
6
CONTINUOUS
10
87.7305479999999989
20
-100.6597359999999952
11
87.7304079999999971
21
-100.6577619999999911
0
LINE
8
BLACK
6
CONTINUOUS
10
87.7304079999999971
20
-100.6577619999999911
11
87.7309979999999996
21
-100.6551639999999992
0
LINE
8
BLACK
6
CONTINUOUS
10
87.7309979999999996
20
-100.6551639999999992
11
87.7312599999999918
21
-100.6525099999999924
0
LINE
8
BLACK
6
CONTINUOUS
10
87.7312599999999918
20
-100.6525099999999924
11
87.7320179999999965
21
-100.6506779999999992
0
LINE
8
BLACK
6
CONTINUOUS
10
87.7320179999999965
20
-100.6506779999999992
11
87.7336679999999944
21
-100.6434249999999935
0
LINE
8
BLACK
6
CONTINUOUS
10
87.7336679999999944
20
-100.6434249999999935
11
87.7812869999999918
21
-100.5005680000000012
0
LINE
8
BLACK
6
CONTINUOUS
10
87.7812869999999918
20
-100.5005680000000012
11
87.787280999999993
21
-100.487142999999989
0
LINE
8
BLACK
6
CONTINUOUS
10
87.787280999999993
20
-100.487142999999989
11
87.789045999999999
21
-100.4851069999999993
0
LINE
8
BLACK
6
CONTINUOUS
10
87.789045999999999
20
-100.4851069999999993
11
87.7900779999999941
21
-100.4826169999999905
0
LINE
8
BLACK
6
CONTINUOUS
10
87.7900779999999941
20
-100.4826169999999905
11
87.799404999999993
21
-100.4712519999999927
0
LINE
8
BLACK
6
CONTINUOUS
10
87.799404999999993
20
-100.4712519999999927
11
87.8470239999999905
21
-100.4236329999999953
0
LINE
8
BLACK
6
CONTINUOUS
10
87.8470239999999905
20
-100.4236329999999953
11
87.8583890000000025
21
-100.4143059999999963
0
LINE
8
BLACK
6
CONTINUOUS
10
87.8583890000000025
20
-100.4143059999999963
11
87.8854249999999979
21
-100.4031069999999914
0
LINE
8
BLACK
6
CONTINUOUS
10
87.8854249999999979
20
-100.4031069999999914
11
87.9146879999999982
21
-100.4031069999999914
0
LINE
8
BLACK
6
CONTINUOUS
10
87.9146879999999982
20
-100.4031069999999914
11
87.9417239999999936
21
-100.4143059999999963
0
LINE
8
BLACK
6
CONTINUOUS
10
88.6289739999999995
20
-99.4507259999999889
11
88.6314629999999966
21
-99.4517570000000006
0
LINE
8
BLACK
6
CONTINUOUS
10
88.6314629999999966
20
-99.4517570000000006
11
88.6341510000000028
21
-99.4519480000000016
0
LINE
8
BLACK
6
CONTINUOUS
10
88.6341510000000028
20
-99.4519480000000016
11
88.6478829999999931
21
-99.4572029999999927
0
LINE
8
BLACK
6
CONTINUOUS
10
88.6478829999999931
20
-99.4572029999999927
11
88.7431210000000021
21
-99.5048219999999901
0
LINE
8
BLACK
6
CONTINUOUS
10
88.7431210000000021
20
-99.5048219999999901
11
88.749416999999994
21
-99.5087849999999889
0
LINE
8
BLACK
6
CONTINUOUS
10
88.749416999999994
20
-99.5087849999999889
11
88.7512469999999922
21
-99.5095429999999936
0
LINE
8
BLACK
6
CONTINUOUS
10
88.7512469999999922
20
-99.5095429999999936
11
88.7533049999999974
21
-99.5112319999999926
0
LINE
8
BLACK
6
CONTINUOUS
10
88.7533049999999974
20
-99.5112319999999926
11
88.7555639999999926
21
-99.5126539999999977
0
LINE
8
BLACK
6
CONTINUOUS
10
88.7555639999999926
20
-99.5126539999999977
11
88.7568629999999956
21
-99.5141519999999957
0
LINE
8
BLACK
6
CONTINUOUS
10
88.7568629999999956
20
-99.5141519999999957
11
88.7626119999999901
21
-99.5188699999999926
0
LINE
8
BLACK
6
CONTINUOUS
10
88.7626119999999901
20
-99.5188699999999926
11
88.8102319999999992
21
-99.56648899999999
0
LINE
8
BLACK
6
CONTINUOUS
10
88.8102319999999992
20
-99.56648899999999
11
88.8149499999999961
21
-99.5722379999999987
0
LINE
8
BLACK
6
CONTINUOUS
10
88.8149499999999961
20
-99.5722379999999987
11
88.816449999999989
21
-99.5735389999999967
0
LINE
8
BLACK
6
CONTINUOUS
10
88.816449999999989
20
-99.5735389999999967
11
88.8178719999999942
21
-99.5757979999999918
0
LINE
8
BLACK
6
CONTINUOUS
10
88.8178719999999942
20
-99.5757979999999918
11
88.8195599999999956
21
-99.5778549999999996
0
LINE
8
BLACK
6
CONTINUOUS
10
88.8195599999999956
20
-99.5778549999999996
11
88.8203170000000028
21
-99.5796819999999911
0
LINE
8
BLACK
6
CONTINUOUS
10
88.8203170000000028
20
-99.5796819999999911
11
88.8242819999999966
21
-99.5859820000000013
0
LINE
8
BLACK
6
CONTINUOUS
10
88.8242819999999966
20
-99.5859820000000013
11
88.871900999999994
21
-99.6812199999999962
0
LINE
8
BLACK
6
CONTINUOUS
10
88.871900999999994
20
-99.6812199999999962
11
88.8771559999999994
21
-99.694950999999989
0
LINE
8
BLACK
6
CONTINUOUS
10
88.8771559999999994
20
-99.694950999999989
11
88.8773470000000003
21
-99.6976399999999927
0
LINE
8
BLACK
6
CONTINUOUS
10
88.8773470000000003
20
-99.6976399999999927
11
88.8783779999999979
21
-99.7001289999999898
0
LINE
8
BLACK
6
CONTINUOUS
10
88.8783779999999979
20
-99.7001289999999898
11
88.8798189999999977
21
-99.7147609999999958
0
LINE
8
BLACK
6
CONTINUOUS
10
88.8798189999999977
20
-99.7147609999999958
11
88.8798189999999977
21
-100.0004749999999945
0
LINE
8
BLACK
6
CONTINUOUS
10
88.8798189999999977
20
-100.0004749999999945
11
88.8783779999999979
21
-100.0151070000000004
0
LINE
8
BLACK
6
CONTINUOUS
10
88.8783779999999979
20
-100.0151070000000004
11
88.8773470000000003
21
-100.017595
0
LINE
8
BLACK
6
CONTINUOUS
10
88.8773470000000003
20
-100.017595
11
88.8771559999999994
21
-100.0202850000000012
0
LINE
8
BLACK
6
CONTINUOUS
10
88.8771559999999994
20
-100.0202850000000012
11
88.871900999999994
21
-100.0340159999999941
0
LINE
8
BLACK
6
CONTINUOUS
10
88.871900999999994
20
-100.0340159999999941
11
88.8242819999999966
21
-100.1292539999999889
0
LINE
8
BLACK
6
CONTINUOUS
10
88.8242819999999966
20
-100.1292539999999889
11
88.8203170000000028
21
-100.1355530000000016
0
LINE
8
BLACK
6
CONTINUOUS
10
88.8203170000000028
20
-100.1355530000000016
11
88.8195599999999956
21
-100.1373809999999906
0
LINE
8
BLACK
6
CONTINUOUS
10
88.8195599999999956
20
-100.1373809999999906
11
88.8178719999999942
21
-100.1394370000000009
0
LINE
8
BLACK
6
CONTINUOUS
10
88.8178719999999942
20
-100.1394370000000009
11
88.816449999999989
21
-100.1416969999999935
0
LINE
8
BLACK
6
CONTINUOUS
10
88.816449999999989
20
-100.1416969999999935
11
88.8149499999999961
21
-100.142996999999994
0
LINE
8
BLACK
6
CONTINUOUS
10
88.8149499999999961
20
-100.142996999999994
11
88.8102319999999992
21
-100.1487470000000002
0
LINE
8
BLACK
6
CONTINUOUS
10
88.8102319999999992
20
-100.1487470000000002
11
88.7626119999999901
21
-100.1963659999999976
0
LINE
8
BLACK
6
CONTINUOUS
10
88.7626119999999901
20
-100.1963659999999976
11
88.7512469999999922
21
-100.2056929999999966
0
LINE
8
BLACK
6
CONTINUOUS
10
88.7512469999999922
20
-100.2056929999999966
11
88.7242109999999968
21
-100.2168909999999897
0
LINE
8
BLACK
6
CONTINUOUS
10
88.7242109999999968
20
-100.2168909999999897
11
88.6949479999999966
21
-100.2168909999999897
0
LINE
8
BLACK
6
CONTINUOUS
10
88.6949479999999966
20
-100.2168909999999897
11
88.6679120000000012
21
-100.2056919999999991
0
LINE
8
BLACK
6
CONTINUOUS
10
88.6679120000000012
20
-100.2056919999999991
11
88.6472189999999927
21
-100.1849989999999906
0
LINE
8
BLACK
6
CONTINUOUS
10
88.6472189999999927
20
-100.1849989999999906
11
88.6360209999999995
21
-100.1579629999999952
0
LINE
8
BLACK
6
CONTINUOUS
10
88.6360209999999995
20
-100.1579629999999952
11
88.6360209999999995
21
-100.1286999999999949
0
LINE
8
BLACK
6
CONTINUOUS
10
88.6360209999999995
20
-100.1286999999999949
11
88.6472199999999901
21
-100.1016639999999995
0
LINE
8
BLACK
6
CONTINUOUS
10
88.6472199999999901
20
-100.1016639999999995
11
88.6565480000000008
21
-100.09029799999999
0
LINE
8
BLACK
6
CONTINUOUS
10
88.6565480000000008
20
-100.09029799999999
11
88.6955609999999979
21
-100.0512849999999929
0
LINE
8
BLACK
6
CONTINUOUS
10
88.6955609999999979
20
-100.0512849999999929
11
88.729818999999992
21
-99.9827700000000021
0
LINE
8
BLACK
6
CONTINUOUS
10
88.729818999999992
20
-99.9827700000000021
11
88.729818999999992
21
-99.7324660000000023
0
LINE
8
BLACK
6
CONTINUOUS
10
88.729818999999992
20
-99.7324660000000023
11
88.6955609999999979
21
-99.6639499999999998
0
LINE
8
BLACK
6
CONTINUOUS
10
88.6955609999999979
20
-99.6639499999999998
11
88.6651529999999894
21
-99.6335429999999889
0
LINE
8
BLACK
6
CONTINUOUS
10
88.6651529999999894
20
-99.6335429999999889
11
88.5966370000000012
21
-99.5992849999999947
0
LINE
8
BLACK
6
CONTINUOUS
10
88.5966370000000012
20
-99.5992849999999947
11
88.3939519999999987
21
-99.5992849999999947
0
LINE
8
BLACK
6
CONTINUOUS
10
88.3939519999999987
20
-99.5992849999999947
11
88.3254359999999963
21
-99.6335429999999889
0
LINE
8
BLACK
6
CONTINUOUS
10
88.3254359999999963
20
-99.6335429999999889
11
88.2950289999999995
21
-99.6639499999999998
0
LINE
8
BLACK
6
CONTINUOUS
10
88.2950289999999995
20
-99.6639499999999998
11
88.2607709999999912
21
-99.7324660000000023
0
LINE
8
BLACK
6
CONTINUOUS
10
88.2607709999999912
20
-99.7324660000000023
11
88.2607709999999912
21
-99.8576180000000022
0
LINE
8
BLACK
6
CONTINUOUS
10
88.2607709999999912
20
-99.8576180000000022
11
88.2600079999999991
21
-99.8653559999999914
0
LINE
8
BLACK
6
CONTINUOUS
10
88.2600079999999991
20
-99.8653559999999914
11
88.2601399999999927
21
-99.8673239999999964
0
LINE
8
BLACK
6
CONTINUOUS
10
88.2601399999999927
20
-99.8673239999999964
11
88.2596810000000005
21
-99.8686790000000002
0
LINE
8
BLACK
6
CONTINUOUS
10
88.2596810000000005
20
-99.8686790000000002
11
88.2593299999999914
21
-99.872249999999994
0
LINE
8
BLACK
6
CONTINUOUS
10
88.2593299999999914
20
-99.872249999999994
11
88.2546660000000003
21
-99.8835069999999945
0
LINE
8
BLACK
6
CONTINUOUS
10
88.2546660000000003
20
-99.8835069999999945
11
88.2507650000000012
21
-99.8950449999999961
0
LINE
8
BLACK
6
CONTINUOUS
10
88.2507650000000012
20
-99.8950449999999961
11
88.2490990000000011
21
-99.8969489999999922
0
LINE
8
BLACK
6
CONTINUOUS
10
88.2490990000000011
20
-99.8969489999999922
11
88.2481310000000008
21
-99.8992859999999894
0
LINE
8
BLACK
6
CONTINUOUS
10
88.2481310000000008
20
-99.8992859999999894
11
88.2395199999999988
21
-99.9078959999999938
0
LINE
8
BLACK
6
CONTINUOUS
10
88.2395199999999988
20
-99.9078959999999938
11
88.2314949999999953
21
-99.9170689999999979
0
LINE
8
BLACK
6
CONTINUOUS
10
88.2314949999999953
20
-99.9170689999999979
11
88.2292249999999996
21
-99.9181909999999931
0
LINE
8
BLACK
6
CONTINUOUS
10
88.2292249999999996
20
-99.9181909999999931
11
88.2274389999999897
21
-99.9199780000000004
0
LINE
8
BLACK
6
CONTINUOUS
10
88.2274389999999897
20
-99.9199780000000004
11
88.2161880000000025
21
-99.9246380000000016
0
LINE
8
BLACK
6
CONTINUOUS
10
88.2161880000000025
20
-99.9246380000000016
11
88.2052630000000022
21
-99.9300409999999886
0
LINE
8
BLACK
6
CONTINUOUS
10
88.2052630000000022
20
-99.9300409999999886
11
88.202738999999994
21
-99.9302089999999907
0
LINE
8
BLACK
6
CONTINUOUS
10
88.202738999999994
20
-99.9302089999999907
11
88.2004029999999943
21
-99.931176999999991
0
LINE
8
BLACK
6
CONTINUOUS
10
88.2004029999999943
20
-99.931176999999991
11
88.188217999999992
21
-99.931176999999991
0
LINE
8
BLACK
6
CONTINUOUS
10
88.188217999999992
20
-99.931176999999991
11
88.1760649999999941
21
-99.9319869999999923
0
LINE
8
BLACK
6
CONTINUOUS
10
88.1760649999999941
20
-99.9319869999999923
11
88.1736700000000013
21
-99.931176999999991
0
LINE
8
BLACK
6
CONTINUOUS
10
88.1736700000000013
20
-99.931176999999991
11
88.1711389999999966
21
-99.931176999999991
0
LINE
8
BLACK
6
CONTINUOUS
10
88.1711389999999966
20
-99.931176999999991
11
88.1598809999999986
21
-99.9265129999999999
0
LINE
8
BLACK
6
CONTINUOUS
10
88.1598809999999986
20
-99.9265129999999999
11
88.1483439999999945
21
-99.9226120000000009
0
LINE
8
BLACK
6
CONTINUOUS
10
88.1483439999999945
20
-99.9226120000000009
11
88.1454260000000005
21
-99.9205259999999953
0
LINE
8
BLACK
6
CONTINUOUS
10
88.1454260000000005
20
-99.9205259999999953
11
88.1441030000000012
21
-99.9199780000000004
0
LINE
8
BLACK
6
CONTINUOUS
10
88.1441030000000012
20
-99.9199780000000004
11
88.1427070000000015
21
-99.9185820000000007
0
LINE
8
BLACK
6
CONTINUOUS
10
88.1427070000000015
20
-99.9185820000000007
11
88.136382999999995
21
-99.9140609999999896
0
LINE
8
BLACK
6
CONTINUOUS
10
88.136382999999995
20
-99.9140609999999896
11
87.8798189999999977
21
-99.6895669999999967
0
LINE
8
BLACK
6
CONTINUOUS
10
87.8798189999999977
20
-99.6895669999999967
11
87.8798189999999977
21
-100.1433320000000009
0
LINE
8
BLACK
6
CONTINUOUS
10
87.8798189999999977
20
-100.1433320000000009
11
87.8783779999999979
21
-100.1579639999999927
0
LINE
8
BLACK
6
CONTINUOUS
10
87.8783779999999979
20
-100.1579639999999927
11
87.867178999999993
21
-100.1850000000000023
0
LINE
8
BLACK
6
CONTINUOUS
10
87.867178999999993
20
-100.1850000000000023
11
87.8464869999999962
21
-100.2056919999999991
0
LINE
8
BLACK
6
CONTINUOUS
10
87.8464869999999962
20
-100.2056919999999991
11
87.8194510000000008
21
-100.2168909999999897
0
LINE
8
BLACK
6
CONTINUOUS
10
87.8194510000000008
20
-100.2168909999999897
11
87.7901870000000031
21
-100.2168909999999897
0
LINE
8
BLACK
6
CONTINUOUS
10
87.7901870000000031
20
-100.2168909999999897
11
87.7631509999999935
21
-100.2056919999999991
0
LINE
8
BLACK
6
CONTINUOUS
10
87.7631509999999935
20
-100.2056919999999991
11
87.7424589999999966
21
-100.1850000000000023
0
LINE
8
BLACK
6
CONTINUOUS
10
87.7424589999999966
20
-100.1850000000000023
11
87.7312599999999918
21
-100.1579639999999927
0
LINE
8
BLACK
6
CONTINUOUS
10
87.7312599999999918
20
-100.1579639999999927
11
87.729818999999992
21
-100.1433320000000009
0
LINE
8
BLACK
6
CONTINUOUS
10
87.729818999999992
20
-100.1433320000000009
11
87.729818999999992
21
-99.5242849999999919
0
LINE
8
BLACK
6
CONTINUOUS
10
87.729818999999992
20
-99.5242849999999919
11
87.7305810000000008
21
-99.5165459999999911
0
LINE
8
BLACK
6
CONTINUOUS
10
87.7305810000000008
20
-99.5165459999999911
11
87.7304499999999905
21
-99.5145789999999977
0
LINE
8
BLACK
6
CONTINUOUS
10
87.7304499999999905
20
-99.5145789999999977
11
87.7309079999999994
21
-99.5132229999999964
0
LINE
8
BLACK
6
CONTINUOUS
10
87.7309079999999994
20
-99.5132229999999964
11
87.7312599999999918
21
-99.5096530000000001
0
LINE
8
BLACK
6
CONTINUOUS
10
87.7312599999999918
20
-99.5096530000000001
11
87.7359229999999997
21
-99.4983950000000021
0
LINE
8
BLACK
6
CONTINUOUS
10
87.7359229999999997
20
-99.4983950000000021
11
87.7398249999999962
21
-99.486857999999998
0
LINE
8
BLACK
6
CONTINUOUS
10
87.7398249999999962
20
-99.486857999999998
11
87.7414899999999989
21
-99.4849529999999902
0
LINE
8
BLACK
6
CONTINUOUS
10
87.7414899999999989
20
-99.4849529999999902
11
87.7424589999999966
21
-99.4826169999999905
0
LINE
8
BLACK
6
CONTINUOUS
10
87.7424589999999966
20
-99.4826169999999905
11
87.7510690000000011
21
-99.4740059999999886
0
LINE
8
BLACK
6
CONTINUOUS
10
87.7510690000000011
20
-99.4740059999999886
11
87.7590950000000021
21
-99.4648339999999962
0
LINE
8
BLACK
6
CONTINUOUS
10
87.7590950000000021
20
-99.4648339999999962
11
87.7613640000000004
21
-99.4637109999999893
0
LINE
8
BLACK
6
CONTINUOUS
10
87.7613640000000004
20
-99.4637109999999893
11
87.7631509999999935
21
-99.4619249999999937
0
LINE
8
BLACK
6
CONTINUOUS
10
87.7631509999999935
20
-99.4619249999999937
11
87.7744009999999975
21
-99.457263999999995
0
LINE
8
BLACK
6
CONTINUOUS
10
87.7744009999999975
20
-99.457263999999995
11
87.7853269999999952
21
-99.4518619999999913
0
LINE
8
BLACK
6
CONTINUOUS
10
87.7853269999999952
20
-99.4518619999999913
11
87.7878499999999917
21
-99.4516929999999917
0
LINE
8
BLACK
6
CONTINUOUS
10
87.7878499999999917
20
-99.4516929999999917
11
87.7901870000000031
21
-99.4507259999999889
0
LINE
8
BLACK
6
CONTINUOUS
10
87.7901870000000031
20
-99.4507259999999889
11
87.8023719999999912
21
-99.4507259999999889
0
LINE
8
BLACK
6
CONTINUOUS
10
87.8023719999999912
20
-99.4507259999999889
11
87.8145249999999891
21
-99.4499160000000018
0
LINE
8
BLACK
6
CONTINUOUS
10
87.8145249999999891
20
-99.4499160000000018
11
87.8169199999999961
21
-99.4507259999999889
0
LINE
8
BLACK
6
CONTINUOUS
10
87.8169199999999961
20
-99.4507259999999889
11
87.8194510000000008
21
-99.4507259999999889
0
LINE
8
BLACK
6
CONTINUOUS
10
87.8194510000000008
20
-99.4507259999999889
11
87.8307080000000013
21
-99.4553889999999967
0
LINE
8
BLACK
6
CONTINUOUS
10
87.8307080000000013
20
-99.4553889999999967
11
87.8422460000000029
21
-99.4592909999999932
0
LINE
8
BLACK
6
CONTINUOUS
10
87.8422460000000029
20
-99.4592909999999932
11
87.8451629999999994
21
-99.4613760000000013
0
LINE
8
BLACK
6
CONTINUOUS
10
87.8451629999999994
20
-99.4613760000000013
11
87.8464869999999962
21
-99.4619249999999937
0
LINE
8
BLACK
6
CONTINUOUS
10
87.8464869999999962
20
-99.4619249999999937
11
87.8478819999999985
21
-99.463319999999996
0
LINE
8
BLACK
6
CONTINUOUS
10
87.8478819999999985
20
-99.463319999999996
11
87.8542070000000024
21
-99.4678419999999903
0
LINE
8
BLACK
6
CONTINUOUS
10
87.8542070000000024
20
-99.4678419999999903
11
88.11351599999999
21
-99.6947369999999893
0
LINE
8
BLACK
6
CONTINUOUS
10
88.11351599999999
20
-99.6947369999999893
11
88.1186889999999892
21
-99.6812199999999962
0
LINE
8
BLACK
6
CONTINUOUS
10
88.1186889999999892
20
-99.6812199999999962
11
88.1663080000000008
21
-99.5859820000000013
0
LINE
8
BLACK
6
CONTINUOUS
10
88.1663080000000008
20
-99.5859820000000013
11
88.1702719999999971
21
-99.5796819999999911
0
LINE
8
BLACK
6
CONTINUOUS
10
88.1702719999999971
20
-99.5796819999999911
11
88.1710300000000018
21
-99.5778549999999996
0
LINE
8
BLACK
6
CONTINUOUS
10
88.1710300000000018
20
-99.5778549999999996
11
88.172717999999989
21
-99.5757979999999918
0
LINE
8
BLACK
6
CONTINUOUS
10
88.172717999999989
20
-99.5757979999999918
11
88.1741399999999942
21
-99.5735389999999967
0
LINE
8
BLACK
6
CONTINUOUS
10
88.1741399999999942
20
-99.5735389999999967
11
88.1756379999999922
21
-99.5722389999999962
0
LINE
8
BLACK
6
CONTINUOUS
10
88.1756379999999922
20
-99.5722389999999962
11
88.1803570000000008
21
-99.5664900000000017
0
LINE
8
BLACK
6
CONTINUOUS
10
88.1803570000000008
20
-99.5664900000000017
11
88.2279759999999982
21
-99.5188709999999901
0
LINE
8
BLACK
6
CONTINUOUS
10
88.2279759999999982
20
-99.5188709999999901
11
88.2337249999999926
21
-99.5141519999999957
0
LINE
8
BLACK
6
CONTINUOUS
10
88.2337249999999926
20
-99.5141519999999957
11
88.2350249999999932
21
-99.5126539999999977
0
LINE
8
BLACK
6
CONTINUOUS
10
88.2350249999999932
20
-99.5126539999999977
11
88.2372840000000025
21
-99.5112319999999926
0
LINE
8
BLACK
6
CONTINUOUS
10
88.2372840000000025
20
-99.5112319999999926
11
88.239340999999996
21
-99.5095439999999911
0
LINE
8
BLACK
6
CONTINUOUS
10
88.239340999999996
20
-99.5095439999999911
11
88.2411680000000018
21
-99.5087860000000006
0
LINE
8
BLACK
6
CONTINUOUS
10
88.2411680000000018
20
-99.5087860000000006
11
88.2474679999999978
21
-99.5048219999999901
0
LINE
8
BLACK
6
CONTINUOUS
10
88.2474679999999978
20
-99.5048219999999901
11
88.3427059999999926
21
-99.4572029999999927
0
LINE
8
BLACK
6
CONTINUOUS
10
88.3427059999999926
20
-99.4572029999999927
11
88.3564369999999997
21
-99.4519480000000016
0
LINE
8
BLACK
6
CONTINUOUS
10
88.3564369999999997
20
-99.4519480000000016
11
88.3591259999999892
21
-99.4517559999999889
0
LINE
8
BLACK
6
CONTINUOUS
10
88.3591259999999892
20
-99.4517559999999889
11
88.3616150000000005
21
-99.4507259999999889
0
LINE
8
BLACK
6
CONTINUOUS
10
88.3616150000000005
20
-99.4507259999999889
11
88.3762469999999922
21
-99.4492849999999891
0
LINE
8
BLACK
6
CONTINUOUS
10
88.3762469999999922
20
-99.4492849999999891
11
88.6143419999999935
21
-99.4492849999999891
0
LINE
8
BLACK
6
CONTINUOUS
10
88.6143419999999935
20
-99.4492849999999891
11
88.6289739999999995
21
-99.4507259999999889
0
LINE
8
BLACK
6
CONTINUOUS
10
102.5428719999999885
20
-77.1673649999999895
11
102.6568159999999921
21
-77.2331499999999949
0
LINE
8
BLACK
6
CONTINUOUS
10
102.6568159999999921
20
-77.2331499999999949
11
102.749849999999995
21
-77.3261839999999978
0
LINE
8
BLACK
6
CONTINUOUS
10
102.749849999999995
20
-77.3261839999999978
11
102.8156350000000003
21
-77.4401280000000014
0
LINE
8
BLACK
6
CONTINUOUS
10
102.8156350000000003
20
-77.4401280000000014
11
102.8496880000000004
21
-77.5672149999999903
0
LINE
8
BLACK
6
CONTINUOUS
10
102.8496880000000004
20
-77.5672149999999903
11
102.8496880000000004
21
-77.6987850000000009
0
LINE
8
BLACK
6
CONTINUOUS
10
102.8496880000000004
20
-77.6987850000000009
11
102.8156350000000003
21
-77.8258719999999897
0
LINE
8
BLACK
6
CONTINUOUS
10
102.8156350000000003
20
-77.8258719999999897
11
102.749849999999995
21
-77.9398159999999933
0
LINE
8
BLACK
6
CONTINUOUS
10
102.749849999999995
20
-77.9398159999999933
11
102.6568159999999921
21
-78.0328499999999963
0
LINE
8
BLACK
6
CONTINUOUS
10
102.6568159999999921
20
-78.0328499999999963
11
102.5428719999999885
21
-78.0986350000000016
0
LINE
8
BLACK
6
CONTINUOUS
10
102.5428719999999885
20
-78.0986350000000016
11
102.4157849999999996
21
-78.1326880000000017
0
LINE
8
BLACK
6
CONTINUOUS
10
102.4157849999999996
20
-78.1326880000000017
11
102.284214999999989
21
-78.1326880000000017
0
LINE
8
BLACK
6
CONTINUOUS
10
102.284214999999989
20
-78.1326880000000017
11
102.1571280000000002
21
-78.0986350000000016
0
LINE
8
BLACK
6
CONTINUOUS
10
102.1571280000000002
20
-78.0986350000000016
11
102.0431839999999966
21
-78.0328499999999963
0
LINE
8
BLACK
6
CONTINUOUS
10
102.0431839999999966
20
-78.0328499999999963
11
101.9501499999999936
21
-77.9398159999999933
0
LINE
8
BLACK
6
CONTINUOUS
10
101.9501499999999936
20
-77.9398159999999933
11
101.8843649999999883
21
-77.8258719999999897
0
LINE
8
BLACK
6
CONTINUOUS
10
101.8843649999999883
20
-77.8258719999999897
11
101.8503120000000024
21
-77.6987850000000009
0
LINE
8
BLACK
6
CONTINUOUS
10
101.8503120000000024
20
-77.6987850000000009
11
101.8503120000000024
21
-77.5672149999999903
0
LINE
8
BLACK
6
CONTINUOUS
10
101.8503120000000024
20
-77.5672149999999903
11
101.8843649999999883
21
-77.4401280000000014
0
LINE
8
BLACK
6
CONTINUOUS
10
101.8843649999999883
20
-77.4401280000000014
11
101.9501499999999936
21
-77.3261839999999978
0
LINE
8
BLACK
6
CONTINUOUS
10
101.9501499999999936
20
-77.3261839999999978
11
102.0431839999999966
21
-77.2331499999999949
0
LINE
8
BLACK
6
CONTINUOUS
10
102.0431839999999966
20
-77.2331499999999949
11
102.1571280000000002
21
-77.1673649999999895
0
LINE
8
BLACK
6
CONTINUOUS
10
102.1571280000000002
20
-77.1673649999999895
11
102.284214999999989
21
-77.1333119999999894
0
LINE
8
BLACK
6
CONTINUOUS
10
102.284214999999989
20
-77.1333119999999894
11
102.4157849999999996
21
-77.1333119999999894
0
LINE
8
BLACK
6
CONTINUOUS
10
102.4157849999999996
20
-77.1333119999999894
11
102.5428719999999885
21
-77.1673649999999895
0
LINE
8
BLACK
6
CONTINUOUS
10
101.5660000000000025
20
-76.4864999999999924
11
101.8229410000000001
21
-76.5033409999999918
0
LINE
8
BLACK
6
CONTINUOUS
10
101.8229410000000001
20
-76.5033409999999918
11
102.0754850000000005
21
-76.553574999999995
0
LINE
8
BLACK
6
CONTINUOUS
10
102.0754850000000005
20
-76.553574999999995
11
102.3193119999999965
21
-76.636343999999994
0
LINE
8
BLACK
6
CONTINUOUS
10
102.3193119999999965
20
-76.636343999999994
11
102.5502499999999912
21
-76.7502289999999903
0
LINE
8
BLACK
6
CONTINUOUS
10
102.5502499999999912
20
-76.7502289999999903
11
102.7643470000000008
21
-76.8932839999999942
0
LINE
8
BLACK
6
CONTINUOUS
10
102.7643470000000008
20
-76.8932839999999942
11
102.9579389999999961
21
-77.0630609999999905
0
LINE
8
BLACK
6
CONTINUOUS
10
102.9579389999999961
20
-77.0630609999999905
11
103.1277159999999924
21
-77.256653
0
LINE
8
BLACK
6
CONTINUOUS
10
103.1277159999999924
20
-77.256653
11
103.2707709999999963
21
-77.4707499999999953
0
LINE
8
BLACK
6
CONTINUOUS
10
103.2707709999999963
20
-77.4707499999999953
11
103.3846559999999926
21
-77.7016879999999901
0
LINE
8
BLACK
6
CONTINUOUS
10
103.3846559999999926
20
-77.7016879999999901
11
103.4674249999999915
21
-77.9455150000000003
0
LINE
8
BLACK
6
CONTINUOUS
10
103.4674249999999915
20
-77.9455150000000003
11
103.5176589999999948
21
-78.1980590000000007
0
LINE
8
BLACK
6
CONTINUOUS
10
103.5176589999999948
20
-78.1980590000000007
11
103.5344999999999942
21
-78.4549999999999983
0
LINE
8
BLACK
6
CONTINUOUS
10
103.5344999999999942
20
-78.4549999999999983
11
103.5344999999999942
21
-80.881732999999997
0
LINE
8
BLACK
6
CONTINUOUS
10
103.5344999999999942
20
-80.881732999999997
11
104.481505999999996
21
-80.8852279999999979
0
LINE
8
BLACK
6
CONTINUOUS
10
104.481505999999996
20
-80.8852279999999979
11
104.4817549999999926
21
-80.8852779999999996
0
LINE
8
BLACK
6
CONTINUOUS
10
104.4817549999999926
20
-80.8852779999999996
11
104.6066469999999953
21
-80.8994179999999972
0
LINE
8
BLACK
6
CONTINUOUS
10
104.6066469999999953
20
-80.8994179999999972
11
104.725687999999991
21
-80.9411329999999936
0
LINE
8
BLACK
6
CONTINUOUS
10
104.725687999999991
20
-80.9411329999999936
11
104.832468999999989
21
-81.0082809999999967
0
LINE
8
BLACK
6
CONTINUOUS
10
104.832468999999989
20
-81.0082809999999967
11
104.9216380000000015
21
-81.0974989999999991
0
LINE
8
BLACK
6
CONTINUOUS
10
104.9216380000000015
20
-81.0974989999999991
11
104.9887279999999947
21
-81.2043159999999915
0
LINE
8
BLACK
6
CONTINUOUS
10
104.9887279999999947
20
-81.2043159999999915
11
105.0303779999999989
21
-81.3233800000000002
0
LINE
8
BLACK
6
CONTINUOUS
10
105.0303779999999989
20
-81.3233800000000002
11
105.0444999999999993
21
-81.4487259999999935
0
LINE
8
BLACK
6
CONTINUOUS
10
105.0444999999999993
20
-81.4487259999999935
11
105.0444999999999993
21
-81.4487280000000027
0
LINE
8
BLACK
6
CONTINUOUS
10
105.0444999999999993
20
-81.4487280000000027
11
105.0444999999999993
21
-89.4440000000000026
0
LINE
8
BLACK
6
CONTINUOUS
10
105.0444999999999993
20
-89.4440000000000026
11
105.0303719999999998
21
-89.569390999999996
0
LINE
8
BLACK
6
CONTINUOUS
10
105.0303719999999998
20
-89.569390999999996
11
104.9886959999999902
21
-89.688492999999994
0
LINE
8
BLACK
6
CONTINUOUS
10
104.9886959999999902
20
-89.688492999999994
11
104.9215619999999944
21
-89.7953359999999918
0
LINE
8
BLACK
6
CONTINUOUS
10
104.9215619999999944
20
-89.7953359999999918
11
104.832335999999998
21
-89.8845620000000025
0
LINE
8
BLACK
6
CONTINUOUS
10
104.832335999999998
20
-89.8845620000000025
11
104.7254930000000002
21
-89.9516959999999983
0
LINE
8
BLACK
6
CONTINUOUS
10
104.7254930000000002
20
-89.9516959999999983
11
104.6063910000000021
21
-89.9933719999999937
0
LINE
8
BLACK
6
CONTINUOUS
10
104.6063910000000021
20
-89.9933719999999937
11
104.4809999999999945
21
-90.0074999999999932
0
LINE
8
BLACK
6
CONTINUOUS
10
104.4809999999999945
20
-90.0074999999999932
11
103.5344999999999942
21
-90.0074999999999932
0
LINE
8
BLACK
6
CONTINUOUS
10
103.5344999999999942
20
-90.0074999999999932
11
103.5344999999999942
21
-92.4249999999999972
0
LINE
8
BLACK
6
CONTINUOUS
10
103.5344999999999942
20
-92.4249999999999972
11
103.5176589999999948
21
-92.6819409999999948
0
LINE
8
BLACK
6
CONTINUOUS
10
103.5176589999999948
20
-92.6819409999999948
11
103.4674249999999915
21
-92.9344849999999951
0
LINE
8
BLACK
6
CONTINUOUS
10
103.4674249999999915
20
-92.9344849999999951
11
103.3846559999999926
21
-93.1783119999999911
0
LINE
8
BLACK
6
CONTINUOUS
10
103.3846559999999926
20
-93.1783119999999911
11
103.2707709999999963
21
-93.4092500000000001
0
LINE
8
BLACK
6
CONTINUOUS
10
103.2707709999999963
20
-93.4092500000000001
11
103.1277159999999924
21
-93.6233469999999954
0
LINE
8
BLACK
6
CONTINUOUS
10
103.1277159999999924
20
-93.6233469999999954
11
102.9579389999999961
21
-93.8169389999999908
0
LINE
8
BLACK
6
CONTINUOUS
10
102.9579389999999961
20
-93.8169389999999908
11
102.7643470000000008
21
-93.9867160000000013
0
LINE
8
BLACK
6
CONTINUOUS
10
102.7643470000000008
20
-93.9867160000000013
11
102.5502499999999912
21
-94.129770999999991
0
LINE
8
BLACK
6
CONTINUOUS
10
102.5502499999999912
20
-94.129770999999991
11
102.3193119999999965
21
-94.2436560000000014
0
LINE
8
BLACK
6
CONTINUOUS
10
102.3193119999999965
20
-94.2436560000000014
11
102.0754850000000005
21
-94.3264250000000004
0
LINE
8
BLACK
6
CONTINUOUS
10
102.0754850000000005
20
-94.3264250000000004
11
101.8229410000000001
21
-94.3766589999999894
0
LINE
8
BLACK
6
CONTINUOUS
10
101.8229410000000001
20
-94.3766589999999894
11
101.5660000000000025
21
-94.3934999999999889
0
LINE
8
BLACK
6
CONTINUOUS
10
101.5660000000000025
20
-94.3934999999999889
11
84.4209999999999923
21
-94.3934999999999889
0
LINE
8
BLACK
6
CONTINUOUS
10
84.4209999999999923
20
-94.3934999999999889
11
84.1640589999999946
21
-94.3766589999999894
0
LINE
8
BLACK
6
CONTINUOUS
10
84.1640589999999946
20
-94.3766589999999894
11
83.9115149999999943
21
-94.3264250000000004
0
LINE
8
BLACK
6
CONTINUOUS
10
83.9115149999999943
20
-94.3264250000000004
11
83.6676879999999983
21
-94.2436560000000014
0
LINE
8
BLACK
6
CONTINUOUS
10
83.6676879999999983
20
-94.2436560000000014
11
83.4367499999999893
21
-94.129770999999991
0
LINE
8
BLACK
6
CONTINUOUS
10
83.4367499999999893
20
-94.129770999999991
11
83.222652999999994
21
-93.9867160000000013
0
LINE
8
BLACK
6
CONTINUOUS
10
83.222652999999994
20
-93.9867160000000013
11
83.0290609999999987
21
-93.8169389999999908
0
LINE
8
BLACK
6
CONTINUOUS
10
83.0290609999999987
20
-93.8169389999999908
11
82.8592840000000024
21
-93.6233469999999954
0
LINE
8
BLACK
6
CONTINUOUS
10
82.8592840000000024
20
-93.6233469999999954
11
82.7162289999999985
21
-93.4092500000000001
0
LINE
8
BLACK
6
CONTINUOUS
10
82.7162289999999985
20
-93.4092500000000001
11
82.6023440000000022
21
-93.1783119999999911
0
LINE
8
BLACK
6
CONTINUOUS
10
82.6023440000000022
20
-93.1783119999999911
11
82.5195750000000032
21
-92.9344849999999951
0
LINE
8
BLACK
6
CONTINUOUS
10
82.5195750000000032
20
-92.9344849999999951
11
82.469341
21
-92.6819409999999948
0
LINE
8
BLACK
6
CONTINUOUS
10
82.469341
20
-92.6819409999999948
11
82.4525000000000006
21
-92.4249999999999972
0
LINE
8
BLACK
6
CONTINUOUS
10
82.4525000000000006
20
-92.4249999999999972
11
82.4525000000000006
21
-78.4549999999999983
0
LINE
8
BLACK
6
CONTINUOUS
10
82.4525000000000006
20
-78.4549999999999983
11
82.469341
21
-78.1980590000000007
0
LINE
8
BLACK
6
CONTINUOUS
10
82.469341
20
-78.1980590000000007
11
82.5195750000000032
21
-77.9455150000000003
0
LINE
8
BLACK
6
CONTINUOUS
10
82.5195750000000032
20
-77.9455150000000003
11
82.6023440000000022
21
-77.7016879999999901
0
LINE
8
BLACK
6
CONTINUOUS
10
82.6023440000000022
20
-77.7016879999999901
11
82.7162289999999985
21
-77.4707499999999953
0
LINE
8
BLACK
6
CONTINUOUS
10
82.7162289999999985
20
-77.4707499999999953
11
82.8592840000000024
21
-77.256653
0
LINE
8
BLACK
6
CONTINUOUS
10
82.8592840000000024
20
-77.256653
11
83.0290609999999987
21
-77.0630609999999905
0
LINE
8
BLACK
6
CONTINUOUS
10
83.0290609999999987
20
-77.0630609999999905
11
83.222652999999994
21
-76.8932839999999942
0
LINE
8
BLACK
6
CONTINUOUS
10
83.222652999999994
20
-76.8932839999999942
11
83.4367499999999893
21
-76.7502289999999903
0
LINE
8
BLACK
6
CONTINUOUS
10
83.4367499999999893
20
-76.7502289999999903
11
83.6676879999999983
21
-76.636343999999994
0
LINE
8
BLACK
6
CONTINUOUS
10
83.6676879999999983
20
-76.636343999999994
11
83.9115149999999943
21
-76.553574999999995
0
LINE
8
BLACK
6
CONTINUOUS
10
83.9115149999999943
20
-76.553574999999995
11
84.1640589999999946
21
-76.5033409999999918
0
LINE
8
BLACK
6
CONTINUOUS
10
84.1640589999999946
20
-76.5033409999999918
11
84.4209999999999923
21
-76.4864999999999924
0
LINE
8
BLACK
6
CONTINUOUS
10
84.4209999999999923
20
-76.4864999999999924
11
101.5660000000000025
21
-76.4864999999999924
0
LINE
8
BLACK
6
CONTINUOUS
10
84.4209999999999923
20
-76.6135000000000019
11
84.3003020000000021
21
-76.6135000000000019
0
LINE
8
BLACK
6
CONTINUOUS
10
84.3003020000000021
20
-76.6135000000000019
11
84.060970999999995
21
-76.6450090000000017
0
LINE
8
BLACK
6
CONTINUOUS
10
84.060970999999995
20
-76.6450090000000017
11
83.8277989999999988
21
-76.7074870000000004
0
LINE
8
BLACK
6
CONTINUOUS
10
83.8277989999999988
20
-76.7074870000000004
11
83.604777999999996
21
-76.7998659999999944
0
LINE
8
BLACK
6
CONTINUOUS
10
83.604777999999996
20
-76.7998659999999944
11
83.3957229999999896
21
-76.9205639999999988
0
LINE
8
BLACK
6
CONTINUOUS
10
83.3957229999999896
20
-76.9205639999999988
11
83.2042100000000033
21
-77.0675169999999952
0
LINE
8
BLACK
6
CONTINUOUS
10
83.2042100000000033
20
-77.0675169999999952
11
83.0335169999999891
21
-77.2382099999999951
0
LINE
8
BLACK
6
CONTINUOUS
10
83.0335169999999891
20
-77.2382099999999951
11
82.8865639999999928
21
-77.4297229999999956
0
LINE
8
BLACK
6
CONTINUOUS
10
82.8865639999999928
20
-77.4297229999999956
11
82.7658660000000026
21
-77.6387780000000021
0
LINE
8
BLACK
6
CONTINUOUS
10
82.7658660000000026
20
-77.6387780000000021
11
82.6734869999999944
21
-77.8617989999999907
0
LINE
8
BLACK
6
CONTINUOUS
10
82.6734869999999944
20
-77.8617989999999907
11
82.6110089999999957
21
-78.094971000000001
0
LINE
8
BLACK
6
CONTINUOUS
10
82.6110089999999957
20
-78.094971000000001
11
82.5794999999999959
21
-78.3343019999999939
0
LINE
8
BLACK
6
CONTINUOUS
10
82.5794999999999959
20
-78.3343019999999939
11
82.5794999999999959
21
-78.4549999999999983
0
LINE
8
BLACK
6
CONTINUOUS
10
82.5794999999999959
20
-78.4549999999999983
11
82.5794999999999959
21
-92.4249999999999972
0
LINE
8
BLACK
6
CONTINUOUS
10
82.5794999999999959
20
-92.4249999999999972
11
82.5794999999999959
21
-92.5456980000000016
0
LINE
8
BLACK
6
CONTINUOUS
10
82.5794999999999959
20
-92.5456980000000016
11
82.6110089999999957
21
-92.7850289999999944
0
LINE
8
BLACK
6
CONTINUOUS
10
82.6110089999999957
20
-92.7850289999999944
11
82.6734869999999944
21
-93.0182009999999906
0
LINE
8
BLACK
6
CONTINUOUS
10
82.6734869999999944
20
-93.0182009999999906
11
82.7658660000000026
21
-93.2412219999999934
0
LINE
8
BLACK
6
CONTINUOUS
10
82.7658660000000026
20
-93.2412219999999934
11
82.8865639999999928
21
-93.4502769999999998
0
LINE
8
BLACK
6
CONTINUOUS
10
82.8865639999999928
20
-93.4502769999999998
11
83.0335169999999891
21
-93.6417900000000003
0
LINE
8
BLACK
6
CONTINUOUS
10
83.0335169999999891
20
-93.6417900000000003
11
83.2042100000000033
21
-93.8124830000000003
0
LINE
8
BLACK
6
CONTINUOUS
10
83.2042100000000033
20
-93.8124830000000003
11
83.3957229999999896
21
-93.9594359999999966
0
LINE
8
BLACK
6
CONTINUOUS
10
83.3957229999999896
20
-93.9594359999999966
11
83.604777999999996
21
-94.080134000000001
0
LINE
8
BLACK
6
CONTINUOUS
10
83.604777999999996
20
-94.080134000000001
11
83.8277989999999988
21
-94.172512999999995
0
LINE
8
BLACK
6
CONTINUOUS
10
83.8277989999999988
20
-94.172512999999995
11
84.060970999999995
21
-94.2349909999999937
0
LINE
8
BLACK
6
CONTINUOUS
10
84.060970999999995
20
-94.2349909999999937
11
84.3003020000000021
21
-94.2664999999999935
0
LINE
8
BLACK
6
CONTINUOUS
10
84.3003020000000021
20
-94.2664999999999935
11
84.4209999999999923
21
-94.2664999999999935
0
LINE
8
BLACK
6
CONTINUOUS
10
84.4209999999999923
20
-94.2664999999999935
11
101.5660000000000025
21
-94.2664999999999935
0
LINE
8
BLACK
6
CONTINUOUS
10
101.5660000000000025
20
-94.2664999999999935
11
101.6866979999999927
21
-94.2664999999999935
0
LINE
8
BLACK
6
CONTINUOUS
10
101.6866979999999927
20
-94.2664999999999935
11
101.9260289999999998
21
-94.2349909999999937
0
LINE
8
BLACK
6
CONTINUOUS
10
101.9260289999999998
20
-94.2349909999999937
11
102.1592009999999959
21
-94.172512999999995
0
LINE
8
BLACK
6
CONTINUOUS
10
102.1592009999999959
20
-94.172512999999995
11
102.3822219999999987
21
-94.080134000000001
0
LINE
8
BLACK
6
CONTINUOUS
10
102.3822219999999987
20
-94.080134000000001
11
102.5912769999999909
21
-93.9594359999999966
0
LINE
8
BLACK
6
CONTINUOUS
10
102.5912769999999909
20
-93.9594359999999966
11
102.7827899999999914
21
-93.8124830000000003
0
LINE
8
BLACK
6
CONTINUOUS
10
102.7827899999999914
20
-93.8124830000000003
11
102.9534829999999914
21
-93.6417900000000003
0
LINE
8
BLACK
6
CONTINUOUS
10
102.9534829999999914
20
-93.6417900000000003
11
103.100436000000002
21
-93.4502769999999998
0
LINE
8
BLACK
6
CONTINUOUS
10
103.100436000000002
20
-93.4502769999999998
11
103.2211339999999922
21
-93.2412219999999934
0
LINE
8
BLACK
6
CONTINUOUS
10
103.2211339999999922
20
-93.2412219999999934
11
103.3135130000000004
21
-93.0182009999999906
0
LINE
8
BLACK
6
CONTINUOUS
10
103.3135130000000004
20
-93.0182009999999906
11
103.3759909999999991
21
-92.7850289999999944
0
LINE
8
BLACK
6
CONTINUOUS
10
103.3759909999999991
20
-92.7850289999999944
11
103.4074999999999989
21
-92.5456980000000016
0
LINE
8
BLACK
6
CONTINUOUS
10
103.4074999999999989
20
-92.5456980000000016
11
103.4074999999999989
21
-92.4249999999999972
0
LINE
8
BLACK
6
CONTINUOUS
10
103.4074999999999989
20
-92.4249999999999972
11
103.4074999999999989
21
-78.4549999999999983
0
LINE
8
BLACK
6
CONTINUOUS
10
103.4074999999999989
20
-78.4549999999999983
11
103.4074999999999989
21
-78.3343019999999939
0
LINE
8
BLACK
6
CONTINUOUS
10
103.4074999999999989
20
-78.3343019999999939
11
103.3759909999999991
21
-78.094971000000001
0
LINE
8
BLACK
6
CONTINUOUS
10
103.3759909999999991
20
-78.094971000000001
11
103.3135130000000004
21
-77.8617989999999907
0
LINE
8
BLACK
6
CONTINUOUS
10
103.3135130000000004
20
-77.8617989999999907
11
103.2211339999999922
21
-77.6387780000000021
0
LINE
8
BLACK
6
CONTINUOUS
10
103.2211339999999922
20
-77.6387780000000021
11
103.100436000000002
21
-77.4297229999999956
0
LINE
8
BLACK
6
CONTINUOUS
10
103.100436000000002
20
-77.4297229999999956
11
102.9534829999999914
21
-77.2382099999999951
0
LINE
8
BLACK
6
CONTINUOUS
10
102.9534829999999914
20
-77.2382099999999951
11
102.7827899999999914
21
-77.0675169999999952
0
LINE
8
BLACK
6
CONTINUOUS
10
102.7827899999999914
20
-77.0675169999999952
11
102.5912769999999909
21
-76.9205639999999988
0
LINE
8
BLACK
6
CONTINUOUS
10
102.5912769999999909
20
-76.9205639999999988
11
102.3822219999999987
21
-76.7998659999999944
0
LINE
8
BLACK
6
CONTINUOUS
10
102.3822219999999987
20
-76.7998659999999944
11
102.1592009999999959
21
-76.7074870000000004
0
LINE
8
BLACK
6
CONTINUOUS
10
102.1592009999999959
20
-76.7074870000000004
11
101.9260289999999998
21
-76.6450090000000017
0
LINE
8
BLACK
6
CONTINUOUS
10
101.9260289999999998
20
-76.6450090000000017
11
101.6866979999999927
21
-76.6135000000000019
0
LINE
8
BLACK
6
CONTINUOUS
10
101.6866979999999927
20
-76.6135000000000019
11
101.5660000000000025
21
-76.6135000000000019
0
LINE
8
BLACK
6
CONTINUOUS
10
101.5660000000000025
20
-76.6135000000000019
11
84.4209999999999923
21
-76.6135000000000019
0
LINE
8
BLACK
6
CONTINUOUS
10
103.5344999999999942
20
-89.8804999999999978
11
104.4809999999999945
21
-89.8804999999999978
0
LINE
8
BLACK
6
CONTINUOUS
10
104.4809999999999945
20
-89.8804999999999978
11
104.5384659999999997
21
-89.8804999999999978
0
LINE
8
BLACK
6
CONTINUOUS
10
104.5384659999999997
20
-89.8804999999999978
11
104.6494829999999894
21
-89.8507529999999974
0
LINE
8
BLACK
6
CONTINUOUS
10
104.6494829999999894
20
-89.8507529999999974
11
104.7490169999999949
21
-89.7932869999999923
0
LINE
8
BLACK
6
CONTINUOUS
10
104.7490169999999949
20
-89.7932869999999923
11
104.8302869999999984
21
-89.712017000000003
0
LINE
8
BLACK
6
CONTINUOUS
10
104.8302869999999984
20
-89.712017000000003
11
104.8877529999999894
21
-89.6124829999999974
0
LINE
8
BLACK
6
CONTINUOUS
10
104.8877529999999894
20
-89.6124829999999974
11
104.9174999999999898
21
-89.5014659999999935
0
LINE
8
BLACK
6
CONTINUOUS
10
104.9174999999999898
20
-89.5014659999999935
11
104.9174999999999898
21
-89.4440000000000026
0
LINE
8
BLACK
6
CONTINUOUS
10
104.9174999999999898
20
-89.4440000000000026
11
104.9174999999999898
21
-81.4487280000000027
0
LINE
8
BLACK
6
CONTINUOUS
10
104.9174999999999898
20
-81.4487280000000027
11
104.9174999999999898
21
-81.4487259999999935
0
LINE
8
BLACK
6
CONTINUOUS
10
104.9174999999999898
20
-81.4487259999999935
11
104.9175010000000015
21
-81.3912839999999989
0
LINE
8
BLACK
6
CONTINUOUS
10
104.9175010000000015
20
-81.3912839999999989
11
104.8877719999999982
21
-81.280304000000001
0
LINE
8
BLACK
6
CONTINUOUS
10
104.8877719999999982
20
-81.280304000000001
11
104.8303429999999992
21
-81.1807950000000034
0
LINE
8
BLACK
6
CONTINUOUS
10
104.8303429999999992
20
-81.1807950000000034
11
104.7491229999999973
21
-81.0995309999999989
0
LINE
8
BLACK
6
CONTINUOUS
10
104.7491229999999973
20
-81.0995309999999989
11
104.6496449999999925
21
-81.0420479999999941
0
LINE
8
BLACK
6
CONTINUOUS
10
104.6496449999999925
20
-81.0420479999999941
11
104.5386809999999969
21
-81.0122580000000028
0
LINE
8
BLACK
6
CONTINUOUS
10
104.5386809999999969
20
-81.0122580000000028
11
104.4812349999999981
21
-81.0122279999999932
0
LINE
8
BLACK
6
CONTINUOUS
10
104.4812349999999981
20
-81.0122279999999932
11
104.4811610000000002
21
-81.0122029999999995
0
LINE
8
BLACK
6
CONTINUOUS
10
104.4811610000000002
20
-81.0122029999999995
11
104.4810379999999981
21
-81.0122279999999932
0
LINE
8
BLACK
6
CONTINUOUS
10
104.4810379999999981
20
-81.0122279999999932
11
103.5344999999999942
21
-81.0087350000000015
0
LINE
8
BLACK
6
CONTINUOUS
10
103.5344999999999942
20
-81.0087350000000015
11
103.5344999999999942
21
-89.8804999999999978
0
LINE
8
BLACK
6
CONTINUOUS
10
79.6929609999999968
20
-80.894566999999995
11
79.7254329999999953
21
-80.9270389999999935
0
LINE
8
BLACK
6
CONTINUOUS
10
79.7254329999999953
20
-80.9270389999999935
11
79.7299999999999898
21
-80.9500000000000028
0
LINE
8
BLACK
6
CONTINUOUS
10
79.7299999999999898
20
-80.9500000000000028
11
79.7299999999999898
21
-91.3499999999999943
0
LINE
8
BLACK
6
CONTINUOUS
10
79.7299999999999898
20
-91.3499999999999943
11
79.7254329999999953
21
-91.3729609999999894
0
LINE
8
BLACK
6
CONTINUOUS
10
79.7254329999999953
20
-91.3729609999999894
11
79.6929609999999968
21
-91.4054330000000022
0
LINE
8
BLACK
6
CONTINUOUS
10
79.6929609999999968
20
-91.4054330000000022
11
79.6700000000000017
21
-91.4099999999999966
0
LINE
8
BLACK
6
CONTINUOUS
10
79.6700000000000017
20
-91.4099999999999966
11
69.6299999999999955
21
-91.4099999999999966
0
LINE
8
BLACK
6
CONTINUOUS
10
69.6299999999999955
20
-91.4099999999999966
11
69.6070390000000003
21
-91.4054330000000022
0
LINE
8
BLACK
6
CONTINUOUS
10
69.6070390000000003
20
-91.4054330000000022
11
69.5745670000000018
21
-91.3729609999999894
0
LINE
8
BLACK
6
CONTINUOUS
10
69.5745670000000018
20
-91.3729609999999894
11
69.5699999999999932
21
-91.3499999999999943
0
LINE
8
BLACK
6
CONTINUOUS
10
69.5699999999999932
20
-91.3499999999999943
11
69.5699999999999932
21
-83.9099999999999966
0
LINE
8
BLACK
6
CONTINUOUS
10
69.5699999999999932
20
-83.9099999999999966
11
69.5745670000000018
21
-83.8870390000000015
0
LINE
8
BLACK
6
CONTINUOUS
10
69.5745670000000018
20
-83.8870390000000015
11
69.6070390000000003
21
-83.854567000000003
0
LINE
8
BLACK
6
CONTINUOUS
10
69.6070390000000003
20
-83.854567000000003
11
69.6529609999999906
21
-83.854567000000003
0
LINE
8
BLACK
6
CONTINUOUS
10
69.6529609999999906
20
-83.854567000000003
11
69.6854330000000033
21
-83.8870390000000015
0
LINE
8
BLACK
6
CONTINUOUS
10
69.6854330000000033
20
-83.8870390000000015
11
69.6899999999999977
21
-83.9099999999999966
0
LINE
8
BLACK
6
CONTINUOUS
10
69.6899999999999977
20
-83.9099999999999966
11
69.6899999999999977
21
-91.289999999999992
0
LINE
8
BLACK
6
CONTINUOUS
10
69.6899999999999977
20
-91.289999999999992
11
70.1899999999999977
21
-91.289999999999992
0
LINE
8
BLACK
6
CONTINUOUS
10
70.1899999999999977
20
-91.289999999999992
11
70.1899999999999977
21
-81.0099999999999909
0
LINE
8
BLACK
6
CONTINUOUS
10
70.1899999999999977
20
-81.0099999999999909
11
69.6899999999999977
21
-81.0099999999999909
0
LINE
8
BLACK
6
CONTINUOUS
10
69.6899999999999977
20
-81.0099999999999909
11
69.6899999999999977
21
-83.3100000000000023
0
LINE
8
BLACK
6
CONTINUOUS
10
69.6899999999999977
20
-83.3100000000000023
11
69.6854330000000033
21
-83.3329609999999974
0
LINE
8
BLACK
6
CONTINUOUS
10
69.6854330000000033
20
-83.3329609999999974
11
69.6529609999999906
21
-83.3654329999999959
0
LINE
8
BLACK
6
CONTINUOUS
10
69.6529609999999906
20
-83.3654329999999959
11
69.6070390000000003
21
-83.3654329999999959
0
LINE
8
BLACK
6
CONTINUOUS
10
69.6070390000000003
20
-83.3654329999999959
11
69.5745670000000018
21
-83.3329609999999974
0
LINE
8
BLACK
6
CONTINUOUS
10
69.5745670000000018
20
-83.3329609999999974
11
69.5699999999999932
21
-83.3100000000000023
0
LINE
8
BLACK
6
CONTINUOUS
10
69.5699999999999932
20
-83.3100000000000023
11
69.5699999999999932
21
-80.9500000000000028
0
LINE
8
BLACK
6
CONTINUOUS
10
69.5699999999999932
20
-80.9500000000000028
11
69.5745670000000018
21
-80.9270389999999935
0
LINE
8
BLACK
6
CONTINUOUS
10
69.5745670000000018
20
-80.9270389999999935
11
69.6070390000000003
21
-80.894566999999995
0
LINE
8
BLACK
6
CONTINUOUS
10
69.6070390000000003
20
-80.894566999999995
11
69.6299999999999955
21
-80.8900000000000006
0
LINE
8
BLACK
6
CONTINUOUS
10
69.6299999999999955
20
-80.8900000000000006
11
79.6700000000000017
21
-80.8900000000000006
0
LINE
8
BLACK
6
CONTINUOUS
10
79.6700000000000017
20
-80.8900000000000006
11
79.6929609999999968
21
-80.894566999999995
0
LINE
8
BLACK
6
CONTINUOUS
10
70.3100000000000023
20
-81.0099999999999909
11
70.3100000000000023
21
-91.289999999999992
0
LINE
8
BLACK
6
CONTINUOUS
10
70.3100000000000023
20
-91.289999999999992
11
71.6899999999999977
21
-91.289999999999992
0
LINE
8
BLACK
6
CONTINUOUS
10
71.6899999999999977
20
-91.289999999999992
11
71.6899999999999977
21
-81.0099999999999909
0
LINE
8
BLACK
6
CONTINUOUS
10
71.6899999999999977
20
-81.0099999999999909
11
70.3100000000000023
21
-81.0099999999999909
0
LINE
8
BLACK
6
CONTINUOUS
10
71.8100000000000023
20
-81.0099999999999909
11
71.8100000000000023
21
-91.289999999999992
0
LINE
8
BLACK
6
CONTINUOUS
10
71.8100000000000023
20
-91.289999999999992
11
76.5900000000000034
21
-91.289999999999992
0
LINE
8
BLACK
6
CONTINUOUS
10
76.5900000000000034
20
-91.289999999999992
11
76.5900000000000034
21
-81.0099999999999909
0
LINE
8
BLACK
6
CONTINUOUS
10
76.5900000000000034
20
-81.0099999999999909
11
71.8100000000000023
21
-81.0099999999999909
0
LINE
8
BLACK
6
CONTINUOUS
10
76.7099999999999937
20
-81.0099999999999909
11
76.7099999999999937
21
-91.289999999999992
0
LINE
8
BLACK
6
CONTINUOUS
10
76.7099999999999937
20
-91.289999999999992
11
79.6099999999999994
21
-91.289999999999992
0
LINE
8
BLACK
6
CONTINUOUS
10
79.6099999999999994
20
-91.289999999999992
11
79.6099999999999994
21
-81.0099999999999909
0
LINE
8
BLACK
6
CONTINUOUS
10
79.6099999999999994
20
-81.0099999999999909
11
76.7099999999999937
21
-81.0099999999999909
0
LINE
8
BLACK
6
CONTINUOUS
10
69.0550999999999959
20
-83.1213379999999944
11
69.6650999999999954
21
-83.5613379999999921
0
LINE
8
BLACK
6
CONTINUOUS
10
69.6650999999999954
20
-83.5613379999999921
11
69.6892289999999974
21
-83.600410999999994
0
LINE
8
BLACK
6
CONTINUOUS
10
69.6892289999999974
20
-83.600410999999994
11
69.6786620000000028
21
-83.6450999999999993
0
LINE
8
BLACK
6
CONTINUOUS
10
69.6786620000000028
20
-83.6450999999999993
11
69.6650999999999954
21
-83.6586619999999925
0
LINE
8
BLACK
6
CONTINUOUS
10
69.6650999999999954
20
-83.6586619999999925
11
69.0550999999999959
21
-84.0986619999999903
0
LINE
8
BLACK
6
CONTINUOUS
10
69.0550999999999959
20
-84.0986619999999903
11
69.0104109999999906
21
-84.1092289999999991
0
LINE
8
BLACK
6
CONTINUOUS
10
69.0104109999999906
20
-84.1092289999999991
11
68.9713380000000029
21
-84.0850999999999971
0
LINE
8
BLACK
6
CONTINUOUS
10
68.9713380000000029
20
-84.0850999999999971
11
68.9599999999999937
21
-84.0499999999999972
0
LINE
8
BLACK
6
CONTINUOUS
10
68.9599999999999937
20
-84.0499999999999972
11
68.9599999999999937
21
-83.1700000000000017
0
LINE
8
BLACK
6
CONTINUOUS
10
68.9599999999999937
20
-83.1700000000000017
11
68.97757399999999
21
-83.1275739999999956
0
LINE
8
BLACK
6
CONTINUOUS
10
68.97757399999999
20
-83.1275739999999956
11
69.019999999999996
21
-83.1099999999999994
0
LINE
8
BLACK
6
CONTINUOUS
10
69.019999999999996
20
-83.1099999999999994
11
69.0550999999999959
21
-83.1213379999999944
0
LINE
8
BLACK
6
CONTINUOUS
10
103.4228719999999981
20
-76.0243650000000031
11
103.5368160000000017
21
-76.0901499999999942
0
LINE
8
BLACK
6
CONTINUOUS
10
103.5368160000000017
20
-76.0901499999999942
11
103.6298499999999905
21
-76.1831839999999971
0
LINE
8
BLACK
6
CONTINUOUS
10
103.6298499999999905
20
-76.1831839999999971
11
103.6956349999999958
21
-76.2971280000000007
0
LINE
8
BLACK
6
CONTINUOUS
10
103.6956349999999958
20
-76.2971280000000007
11
103.7296879999999959
21
-76.4242149999999896
0
LINE
8
BLACK
6
CONTINUOUS
10
103.7296879999999959
20
-76.4242149999999896
11
103.7296879999999959
21
-76.5557850000000002
0
LINE
8
BLACK
6
CONTINUOUS
10
103.7296879999999959
20
-76.5557850000000002
11
103.6956349999999958
21
-76.6828720000000033
0
LINE
8
BLACK
6
CONTINUOUS
10
103.6956349999999958
20
-76.6828720000000033
11
103.6298499999999905
21
-76.7968159999999926
0
LINE
8
BLACK
6
CONTINUOUS
10
103.6298499999999905
20
-76.7968159999999926
11
103.5368160000000017
21
-76.8898499999999956
0
LINE
8
BLACK
6
CONTINUOUS
10
103.5368160000000017
20
-76.8898499999999956
11
103.4228719999999981
21
-76.9556350000000009
0
LINE
8
BLACK
6
CONTINUOUS
10
103.4228719999999981
20
-76.9556350000000009
11
103.2957849999999951
21
-76.989688000000001
0
LINE
8
BLACK
6
CONTINUOUS
10
103.2957849999999951
20
-76.989688000000001
11
103.1642149999999987
21
-76.989688000000001
0
LINE
8
BLACK
6
CONTINUOUS
10
103.1642149999999987
20
-76.989688000000001
11
103.0371279999999956
21
-76.9556350000000009
0
LINE
8
BLACK
6
CONTINUOUS
10
103.0371279999999956
20
-76.9556350000000009
11
102.923183999999992
21
-76.8898499999999956
0
LINE
8
BLACK
6
CONTINUOUS
10
102.923183999999992
20
-76.8898499999999956
11
102.8301499999999891
21
-76.7968159999999926
0
LINE
8
BLACK
6
CONTINUOUS
10
102.8301499999999891
20
-76.7968159999999926
11
102.764364999999998
21
-76.6828720000000033
0
LINE
8
BLACK
6
CONTINUOUS
10
102.764364999999998
20
-76.6828720000000033
11
102.7303119999999979
21
-76.5557850000000002
0
LINE
8
BLACK
6
CONTINUOUS
10
102.7303119999999979
20
-76.5557850000000002
11
102.7303119999999979
21
-76.4242149999999896
0
LINE
8
BLACK
6
CONTINUOUS
10
102.7303119999999979
20
-76.4242149999999896
11
102.764364999999998
21
-76.2971280000000007
0
LINE
8
BLACK
6
CONTINUOUS
10
102.764364999999998
20
-76.2971280000000007
11
102.8301499999999891
21
-76.1831839999999971
0
LINE
8
BLACK
6
CONTINUOUS
10
102.8301499999999891
20
-76.1831839999999971
11
102.923183999999992
21
-76.0901499999999942
0
LINE
8
BLACK
6
CONTINUOUS
10
102.923183999999992
20
-76.0901499999999942
11
103.0371279999999956
21
-76.0243650000000031
0
LINE
8
BLACK
6
CONTINUOUS
10
103.0371279999999956
20
-76.0243650000000031
11
103.1642149999999987
21
-75.990312000000003
0
LINE
8
BLACK
6
CONTINUOUS
10
103.1642149999999987
20
-75.990312000000003
11
103.2957849999999951
21
-75.990312000000003
0
LINE
8
BLACK
6
CONTINUOUS
10
103.2957849999999951
20
-75.990312000000003
11
103.4228719999999981
21
-76.0243650000000031
0
LINE
8
BLACK
6
CONTINUOUS
10
103.5739609999999971
20
-70.2845669999999956
11
103.6064329999999956
21
-70.3170389999999941
0
LINE
8
BLACK
6
CONTINUOUS
10
103.6064329999999956
20
-70.3170389999999941
11
103.6064329999999956
21
-70.3629609999999985
0
LINE
8
BLACK
6
CONTINUOUS
10
103.6064329999999956
20
-70.3629609999999985
11
103.5739609999999971
21
-70.395432999999997
0
LINE
8
BLACK
6
CONTINUOUS
10
103.5739609999999971
20
-70.395432999999997
11
103.5510000000000019
21
-70.3999999999999915
0
LINE
8
BLACK
6
CONTINUOUS
10
103.5510000000000019
20
-70.3999999999999915
11
102.8900000000000006
21
-70.3999999999999915
0
LINE
8
BLACK
6
CONTINUOUS
10
102.8900000000000006
20
-70.3999999999999915
11
102.8900000000000006
21
-74.3199999999999932
0
LINE
8
BLACK
6
CONTINUOUS
10
102.8900000000000006
20
-74.3199999999999932
11
103.5510000000000019
21
-74.3199999999999932
0
LINE
8
BLACK
6
CONTINUOUS
10
103.5510000000000019
20
-74.3199999999999932
11
103.5739609999999971
21
-74.3245670000000018
0
LINE
8
BLACK
6
CONTINUOUS
10
103.5739609999999971
20
-74.3245670000000018
11
103.6064329999999956
21
-74.3570390000000003
0
LINE
8
BLACK
6
CONTINUOUS
10
103.6064329999999956
20
-74.3570390000000003
11
103.6064329999999956
21
-74.4029609999999906
0
LINE
8
BLACK
6
CONTINUOUS
10
103.6064329999999956
20
-74.4029609999999906
11
103.5739609999999971
21
-74.4354330000000033
0
LINE
8
BLACK
6
CONTINUOUS
10
103.5739609999999971
20
-74.4354330000000033
11
103.5510000000000019
21
-74.4399999999999977
0
LINE
8
BLACK
6
CONTINUOUS
10
103.5510000000000019
20
-74.4399999999999977
11
102.8299999999999983
21
-74.4399999999999977
0
LINE
8
BLACK
6
CONTINUOUS
10
102.8299999999999983
20
-74.4399999999999977
11
102.807038999999989
21
-74.4354330000000033
0
LINE
8
BLACK
6
CONTINUOUS
10
102.807038999999989
20
-74.4354330000000033
11
102.7745669999999905
21
-74.4029609999999906
0
LINE
8
BLACK
6
CONTINUOUS
10
102.7745669999999905
20
-74.4029609999999906
11
102.769999999999996
21
-74.3799999999999955
0
LINE
8
BLACK
6
CONTINUOUS
10
102.769999999999996
20
-74.3799999999999955
11
102.769999999999996
21
-70.3400000000000034
0
LINE
8
BLACK
6
CONTINUOUS
10
102.769999999999996
20
-70.3400000000000034
11
102.7745669999999905
21
-70.3170389999999941
0
LINE
8
BLACK
6
CONTINUOUS
10
102.7745669999999905
20
-70.3170389999999941
11
102.807038999999989
21
-70.2845669999999956
0
LINE
8
BLACK
6
CONTINUOUS
10
102.807038999999989
20
-70.2845669999999956
11
102.8299999999999983
21
-70.2800000000000011
0
LINE
8
BLACK
6
CONTINUOUS
10
102.8299999999999983
20
-70.2800000000000011
11
103.5510000000000019
21
-70.2800000000000011
0
LINE
8
BLACK
6
CONTINUOUS
10
103.5510000000000019
20
-70.2800000000000011
11
103.5739609999999971
21
-70.2845669999999956
0
LINE
8
BLACK
6
CONTINUOUS
10
105.6929609999999968
20
-70.2845669999999956
11
105.7254329999999953
21
-70.3170389999999941
0
LINE
8
BLACK
6
CONTINUOUS
10
105.7254329999999953
20
-70.3170389999999941
11
105.7299999999999898
21
-70.3400000000000034
0
LINE
8
BLACK
6
CONTINUOUS
10
105.7299999999999898
20
-70.3400000000000034
11
105.7299999999999898
21
-74.3799999999999955
0
LINE
8
BLACK
6
CONTINUOUS
10
105.7299999999999898
20
-74.3799999999999955
11
105.7254329999999953
21
-74.4029609999999906
0
LINE
8
BLACK
6
CONTINUOUS
10
105.7254329999999953
20
-74.4029609999999906
11
105.6929609999999968
21
-74.4354330000000033
0
LINE
8
BLACK
6
CONTINUOUS
10
105.6929609999999968
20
-74.4354330000000033
11
105.6700000000000017
21
-74.4399999999999977
0
LINE
8
BLACK
6
CONTINUOUS
10
105.6700000000000017
20
-74.4399999999999977
11
104.9489999999999981
21
-74.4399999999999977
0
LINE
8
BLACK
6
CONTINUOUS
10
104.9489999999999981
20
-74.4399999999999977
11
104.9260389999999887
21
-74.4354330000000033
0
LINE
8
BLACK
6
CONTINUOUS
10
104.9260389999999887
20
-74.4354330000000033
11
104.8935669999999902
21
-74.4029609999999906
0
LINE
8
BLACK
6
CONTINUOUS
10
104.8935669999999902
20
-74.4029609999999906
11
104.8935669999999902
21
-74.3570390000000003
0
LINE
8
BLACK
6
CONTINUOUS
10
104.8935669999999902
20
-74.3570390000000003
11
104.9260389999999887
21
-74.3245670000000018
0
LINE
8
BLACK
6
CONTINUOUS
10
104.9260389999999887
20
-74.3245670000000018
11
104.9489999999999981
21
-74.3199999999999932
0
LINE
8
BLACK
6
CONTINUOUS
10
104.9489999999999981
20
-74.3199999999999932
11
105.6099999999999994
21
-74.3199999999999932
0
LINE
8
BLACK
6
CONTINUOUS
10
105.6099999999999994
20
-74.3199999999999932
11
105.6099999999999994
21
-70.3999999999999915
0
LINE
8
BLACK
6
CONTINUOUS
10
105.6099999999999994
20
-70.3999999999999915
11
104.9489999999999981
21
-70.3999999999999915
0
LINE
8
BLACK
6
CONTINUOUS
10
104.9489999999999981
20
-70.3999999999999915
11
104.9260389999999887
21
-70.395432999999997
0
LINE
8
BLACK
6
CONTINUOUS
10
104.9260389999999887
20
-70.395432999999997
11
104.8935669999999902
21
-70.3629609999999985
0
LINE
8
BLACK
6
CONTINUOUS
10
104.8935669999999902
20
-70.3629609999999985
11
104.8935669999999902
21
-70.3170389999999941
0
LINE
8
BLACK
6
CONTINUOUS
10
104.8935669999999902
20
-70.3170389999999941
11
104.9260389999999887
21
-70.2845669999999956
0
LINE
8
BLACK
6
CONTINUOUS
10
104.9260389999999887
20
-70.2845669999999956
11
104.9489999999999981
21
-70.2800000000000011
0
LINE
8
BLACK
6
CONTINUOUS
10
104.9489999999999981
20
-70.2800000000000011
11
105.6700000000000017
21
-70.2800000000000011
0
LINE
8
BLACK
6
CONTINUOUS
10
105.6700000000000017
20
-70.2800000000000011
11
105.6929609999999968
21
-70.2845669999999956
0
LINE
8
BLACK
6
CONTINUOUS
10
101.8429609999999883
20
-67.0145669999999996
11
101.875433000000001
21
-67.0470389999999981
0
LINE
8
BLACK
6
CONTINUOUS
10
101.875433000000001
20
-67.0470389999999981
11
101.8799999999999955
21
-67.0699999999999932
0
LINE
8
BLACK
6
CONTINUOUS
10
101.8799999999999955
20
-67.0699999999999932
11
101.8799999999999955
21
-68.7199999999999989
0
LINE
8
BLACK
6
CONTINUOUS
10
101.8799999999999955
20
-68.7199999999999989
11
101.8770629999999926
21
-68.7347659999999934
0
LINE
8
BLACK
6
CONTINUOUS
10
101.8770629999999926
20
-68.7347659999999934
11
101.8770629999999926
21
-68.7385409999999979
0
LINE
8
BLACK
6
CONTINUOUS
10
101.8770629999999926
20
-68.7385409999999979
11
101.8760289999999884
21
-68.7399640000000005
0
LINE
8
BLACK
6
CONTINUOUS
10
101.8760289999999884
20
-68.7399640000000005
11
101.875433000000001
21
-68.742960999999994
0
LINE
8
BLACK
6
CONTINUOUS
10
101.875433000000001
20
-68.742960999999994
11
101.8696499999999929
21
-68.7487429999999904
0
LINE
8
BLACK
6
CONTINUOUS
10
101.8696499999999929
20
-68.7487429999999904
11
101.8552669999999978
21
-68.768540999999999
0
LINE
8
BLACK
6
CONTINUOUS
10
101.8552669999999978
20
-68.768540999999999
11
101.8472469999999959
21
-68.7711460000000017
0
LINE
8
BLACK
6
CONTINUOUS
10
101.8472469999999959
20
-68.7711460000000017
11
101.8429609999999883
21
-68.7754329999999925
0
LINE
8
BLACK
6
CONTINUOUS
10
101.8429609999999883
20
-68.7754329999999925
11
101.8340559999999897
21
-68.7754329999999925
0
LINE
8
BLACK
6
CONTINUOUS
10
101.8340559999999897
20
-68.7754329999999925
11
101.8199999999999932
21
-68.7800000000000011
0
LINE
8
BLACK
6
CONTINUOUS
10
101.8199999999999932
20
-68.7800000000000011
11
101.7274180000000001
21
-68.7800000000000011
0
LINE
8
BLACK
6
CONTINUOUS
10
101.7274180000000001
20
-68.7800000000000011
11
101.545811999999998
21
-68.8161240000000021
0
LINE
8
BLACK
6
CONTINUOUS
10
101.545811999999998
20
-68.8161240000000021
11
101.3747429999999952
21
-68.8869830000000007
0
LINE
8
BLACK
6
CONTINUOUS
10
101.3747429999999952
20
-68.8869830000000007
11
101.2207849999999922
21
-68.9898549999999915
0
LINE
8
BLACK
6
CONTINUOUS
10
101.2207849999999922
20
-68.9898549999999915
11
101.089855
21
-69.1207849999999979
0
LINE
8
BLACK
6
CONTINUOUS
10
101.089855
20
-69.1207849999999979
11
100.9869829999999951
21
-69.2747430000000008
0
LINE
8
BLACK
6
CONTINUOUS
10
100.9869829999999951
20
-69.2747430000000008
11
100.9161239999999964
21
-69.4458120000000036
0
LINE
8
BLACK
6
CONTINUOUS
10
100.9161239999999964
20
-69.4458120000000036
11
100.8799999999999955
21
-69.6274179999999916
0
LINE
8
BLACK
6
CONTINUOUS
10
100.8799999999999955
20
-69.6274179999999916
11
100.8799999999999955
21
-69.8125819999999919
0
LINE
8
BLACK
6
CONTINUOUS
10
100.8799999999999955
20
-69.8125819999999919
11
100.9161239999999964
21
-69.9941879999999941
0
LINE
8
BLACK
6
CONTINUOUS
10
100.9161239999999964
20
-69.9941879999999941
11
100.9869829999999951
21
-70.1652569999999969
0
LINE
8
BLACK
6
CONTINUOUS
10
100.9869829999999951
20
-70.1652569999999969
11
101.089855
21
-70.3192149999999998
0
LINE
8
BLACK
6
CONTINUOUS
10
101.089855
20
-70.3192149999999998
11
101.2207849999999922
21
-70.450144999999992
0
LINE
8
BLACK
6
CONTINUOUS
10
101.2207849999999922
20
-70.450144999999992
11
101.3747429999999952
21
-70.553016999999997
0
LINE
8
BLACK
6
CONTINUOUS
10
101.3747429999999952
20
-70.553016999999997
11
101.545811999999998
21
-70.6238759999999957
0
LINE
8
BLACK
6
CONTINUOUS
10
101.545811999999998
20
-70.6238759999999957
11
101.7274180000000001
21
-70.6599999999999966
0
LINE
8
BLACK
6
CONTINUOUS
10
101.7274180000000001
20
-70.6599999999999966
11
101.8199999999999932
21
-70.6599999999999966
0
LINE
8
BLACK
6
CONTINUOUS
10
101.8199999999999932
20
-70.6599999999999966
11
101.8340559999999897
21
-70.664566999999991
0
LINE
8
BLACK
6
CONTINUOUS
10
101.8340559999999897
20
-70.664566999999991
11
101.8429609999999883
21
-70.664566999999991
0
LINE
8
BLACK
6
CONTINUOUS
10
101.8429609999999883
20
-70.664566999999991
11
101.8472469999999959
21
-70.6688529999999986
0
LINE
8
BLACK
6
CONTINUOUS
10
101.8472469999999959
20
-70.6688529999999986
11
101.8552669999999978
21
-70.6714589999999987
0
LINE
8
BLACK
6
CONTINUOUS
10
101.8552669999999978
20
-70.6714589999999987
11
101.8696499999999929
21
-70.6912559999999957
0
LINE
8
BLACK
6
CONTINUOUS
10
101.8696499999999929
20
-70.6912559999999957
11
101.875433000000001
21
-70.6970390000000037
0
LINE
8
BLACK
6
CONTINUOUS
10
101.875433000000001
20
-70.6970390000000037
11
101.8760289999999884
21
-70.7000349999999997
0
LINE
8
BLACK
6
CONTINUOUS
10
101.8760289999999884
20
-70.7000349999999997
11
101.8770629999999926
21
-70.7014589999999998
0
LINE
8
BLACK
6
CONTINUOUS
10
101.8770629999999926
20
-70.7014589999999998
11
101.8770629999999926
21
-70.7052329999999927
0
LINE
8
BLACK
6
CONTINUOUS
10
101.8770629999999926
20
-70.7052329999999927
11
101.8799999999999955
21
-70.7199999999999989
0
LINE
8
BLACK
6
CONTINUOUS
10
101.8799999999999955
20
-70.7199999999999989
11
101.8799999999999955
21
-72.3699999999999903
0
LINE
8
BLACK
6
CONTINUOUS
10
101.8799999999999955
20
-72.3699999999999903
11
101.875433000000001
21
-72.3929609999999997
0
LINE
8
BLACK
6
CONTINUOUS
10
101.875433000000001
20
-72.3929609999999997
11
101.8429609999999883
21
-72.4254329999999982
0
LINE
8
BLACK
6
CONTINUOUS
10
101.8429609999999883
20
-72.4254329999999982
11
101.8199999999999932
21
-72.4299999999999926
0
LINE
8
BLACK
6
CONTINUOUS
10
101.8199999999999932
20
-72.4299999999999926
11
83.9200000000000017
21
-72.4299999999999926
0
LINE
8
BLACK
6
CONTINUOUS
10
83.9200000000000017
20
-72.4299999999999926
11
83.8970389999999924
21
-72.4254329999999982
0
LINE
8
BLACK
6
CONTINUOUS
10
83.8970389999999924
20
-72.4254329999999982
11
83.8645669999999939
21
-72.3929609999999997
0
LINE
8
BLACK
6
CONTINUOUS
10
83.8645669999999939
20
-72.3929609999999997
11
83.8599999999999994
21
-72.3699999999999903
0
LINE
8
BLACK
6
CONTINUOUS
10
83.8599999999999994
20
-72.3699999999999903
11
83.8599999999999994
21
-67.0699999999999932
0
LINE
8
BLACK
6
CONTINUOUS
10
83.8599999999999994
20
-67.0699999999999932
11
83.8645669999999939
21
-67.0470389999999981
0
LINE
8
BLACK
6
CONTINUOUS
10
83.8645669999999939
20
-67.0470389999999981
11
83.8970389999999924
21
-67.0145669999999996
0
LINE
8
BLACK
6
CONTINUOUS
10
83.8970389999999924
20
-67.0145669999999996
11
83.9200000000000017
21
-67.0099999999999909
0
LINE
8
BLACK
6
CONTINUOUS
10
83.9200000000000017
20
-67.0099999999999909
11
101.8199999999999932
21
-67.0099999999999909
0
LINE
8
BLACK
6
CONTINUOUS
10
101.8199999999999932
20
-67.0099999999999909
11
101.8429609999999883
21
-67.0145669999999996
0
LINE
8
BLACK
6
CONTINUOUS
10
83.9799999999999898
20
-67.1299999999999955
11
83.9799999999999898
21
-72.3100000000000023
0
LINE
8
BLACK
6
CONTINUOUS
10
83.9799999999999898
20
-72.3100000000000023
11
101.7599999999999909
21
-72.3100000000000023
0
LINE
8
BLACK
6
CONTINUOUS
10
101.7599999999999909
20
-72.3100000000000023
11
101.7599999999999909
21
-70.7744399999999985
0
LINE
8
BLACK
6
CONTINUOUS
10
101.7599999999999909
20
-70.7744399999999985
11
101.6252259999999978
21
-70.7619509999999963
0
LINE
8
BLACK
6
CONTINUOUS
10
101.6252259999999978
20
-70.7619509999999963
11
101.4370839999999987
21
-70.7084210000000013
0
LINE
8
BLACK
6
CONTINUOUS
10
101.4370839999999987
20
-70.7084210000000013
11
101.2619819999999891
21
-70.6212299999999971
0
LINE
8
BLACK
6
CONTINUOUS
10
101.2619819999999891
20
-70.6212299999999971
11
101.1058829999999915
21
-70.503349
0
LINE
8
BLACK
6
CONTINUOUS
10
101.1058829999999915
20
-70.503349
11
100.974102000000002
21
-70.3587929999999915
0
LINE
8
BLACK
6
CONTINUOUS
10
100.974102000000002
20
-70.3587929999999915
11
100.8711270000000013
21
-70.1924829999999957
0
LINE
8
BLACK
6
CONTINUOUS
10
100.8711270000000013
20
-70.1924829999999957
11
100.8004649999999884
21
-70.0100829999999945
0
LINE
8
BLACK
6
CONTINUOUS
10
100.8004649999999884
20
-70.0100829999999945
11
100.7645219999999995
21
-69.8178039999999953
0
LINE
8
BLACK
6
CONTINUOUS
10
100.7645219999999995
20
-69.8178039999999953
11
100.7645219999999995
21
-69.6221960000000024
0
LINE
8
BLACK
6
CONTINUOUS
10
100.7645219999999995
20
-69.6221960000000024
11
100.8004649999999884
21
-69.4299170000000032
0
LINE
8
BLACK
6
CONTINUOUS
10
100.8004649999999884
20
-69.4299170000000032
11
100.8711270000000013
21
-69.247517000000002
0
LINE
8
BLACK
6
CONTINUOUS
10
100.8711270000000013
20
-69.247517000000002
11
100.974102000000002
21
-69.081206999999992
0
LINE
8
BLACK
6
CONTINUOUS
10
100.974102000000002
20
-69.081206999999992
11
101.1058829999999915
21
-68.9366509999999977
0
LINE
8
BLACK
6
CONTINUOUS
10
101.1058829999999915
20
-68.9366509999999977
11
101.2619819999999891
21
-68.8187700000000007
0
LINE
8
BLACK
6
CONTINUOUS
10
101.2619819999999891
20
-68.8187700000000007
11
101.4370839999999987
21
-68.7315789999999964
0
LINE
8
BLACK
6
CONTINUOUS
10
101.4370839999999987
20
-68.7315789999999964
11
101.6252259999999978
21
-68.6780490000000015
0
LINE
8
BLACK
6
CONTINUOUS
10
101.6252259999999978
20
-68.6780490000000015
11
101.7599999999999909
21
-68.6655590000000018
0
LINE
8
BLACK
6
CONTINUOUS
10
101.7599999999999909
20
-68.6655590000000018
11
101.7599999999999909
21
-67.1299999999999955
0
LINE
8
BLACK
6
CONTINUOUS
10
101.7599999999999909
20
-67.1299999999999955
11
83.9799999999999898
21
-67.1299999999999955
0
LINE
8
BLACK
6
CONTINUOUS
10
103.9002619999999979
20
-68.6905479999999926
11
103.9022369999999995
21
-68.6904079999999908
0
LINE
8
BLACK
6
CONTINUOUS
10
103.9022369999999995
20
-68.6904079999999908
11
103.9048339999999939
21
-68.6909979999999933
0
LINE
8
BLACK
6
CONTINUOUS
10
103.9048339999999939
20
-68.6909979999999933
11
103.9074889999999982
21
-68.6912599999999998
0
LINE
8
BLACK
6
CONTINUOUS
10
103.9074889999999982
20
-68.6912599999999998
11
103.9093199999999939
21
-68.6920179999999903
0
LINE
8
BLACK
6
CONTINUOUS
10
103.9093199999999939
20
-68.6920179999999903
11
103.9165739999999971
21
-68.6936680000000024
0
LINE
8
BLACK
6
CONTINUOUS
10
103.9165739999999971
20
-68.6936680000000024
11
104.0594309999999894
21
-68.7412869999999998
0
LINE
8
BLACK
6
CONTINUOUS
10
104.0594309999999894
20
-68.7412869999999998
11
104.0728560000000016
21
-68.747281000000001
0
LINE
8
BLACK
6
CONTINUOUS
10
104.0728560000000016
20
-68.747281000000001
11
104.0748909999999938
21
-68.7490459999999928
0
LINE
8
BLACK
6
CONTINUOUS
10
104.0748909999999938
20
-68.7490459999999928
11
104.0773820000000001
21
-68.750078000000002
0
LINE
8
BLACK
6
CONTINUOUS
10
104.0773820000000001
20
-68.750078000000002
11
104.0887469999999979
21
-68.759405000000001
0
LINE
8
BLACK
6
CONTINUOUS
10
104.0887469999999979
20
-68.759405000000001
11
104.1363659999999953
21
-68.8070239999999984
0
LINE
8
BLACK
6
CONTINUOUS
10
104.1363659999999953
20
-68.8070239999999984
11
104.1456929999999943
21
-68.8183889999999963
0
LINE
8
BLACK
6
CONTINUOUS
10
104.1456929999999943
20
-68.8183889999999963
11
104.1568919999999991
21
-68.8454249999999917
0
LINE
8
BLACK
6
CONTINUOUS
10
104.1568919999999991
20
-68.8454249999999917
11
104.1568919999999991
21
-68.8746879999999919
0
LINE
8
BLACK
6
CONTINUOUS
10
104.1568919999999991
20
-68.8746879999999919
11
104.1456929999999943
21
-68.9017240000000015
0
LINE
8
BLACK
6
CONTINUOUS
10
104.1456929999999943
20
-68.9017240000000015
11
104.125
21
-68.9224169999999958
0
LINE
8
BLACK
6
CONTINUOUS
10
104.125
20
-68.9224169999999958
11
104.0979639999999904
21
-68.9336160000000007
0
LINE
8
BLACK
6
CONTINUOUS
10
104.0979639999999904
20
-68.9336160000000007
11
104.0687009999999901
21
-68.9336160000000007
0
LINE
8
BLACK
6
CONTINUOUS
10
104.0687009999999901
20
-68.9336160000000007
11
104.0416649999999947
21
-68.9224169999999958
0
LINE
8
BLACK
6
CONTINUOUS
10
104.0416649999999947
20
-68.9224169999999958
11
104.0302999999999969
21
-68.9130899999999968
0
LINE
8
BLACK
6
CONTINUOUS
10
104.0302999999999969
20
-68.9130899999999968
11
103.995199999999997
21
-68.8779899999999969
0
LINE
8
BLACK
6
CONTINUOUS
10
103.995199999999997
20
-68.8779899999999969
11
103.8806869999999947
21
-68.8398189999999914
0
LINE
8
BLACK
6
CONTINUOUS
10
103.8806869999999947
20
-68.8398189999999914
11
103.809788999999995
21
-68.8398189999999914
0
LINE
8
BLACK
6
CONTINUOUS
10
103.809788999999995
20
-68.8398189999999914
11
103.6952759999999927
21
-68.8779899999999969
0
LINE
8
BLACK
6
CONTINUOUS
10
103.6952759999999927
20
-68.8779899999999969
11
103.6211629999999957
21
-68.9521029999999939
0
LINE
8
BLACK
6
CONTINUOUS
10
103.6211629999999957
20
-68.9521029999999939
11
103.5826689999999957
21
-69.0290899999999965
0
LINE
8
BLACK
6
CONTINUOUS
10
103.5826689999999957
20
-69.0290899999999965
11
103.5392859999999899
21
-69.2026240000000001
0
LINE
8
BLACK
6
CONTINUOUS
10
103.5392859999999899
20
-69.2026240000000001
11
103.5392859999999899
21
-69.3270129999999938
0
LINE
8
BLACK
6
CONTINUOUS
10
103.5392859999999899
20
-69.3270129999999938
11
103.5826689999999957
21
-69.5005469999999974
0
LINE
8
BLACK
6
CONTINUOUS
10
103.5826689999999957
20
-69.5005469999999974
11
103.6211629999999957
21
-69.577534
0
LINE
8
BLACK
6
CONTINUOUS
10
103.6211629999999957
20
-69.577534
11
103.6952759999999927
21
-69.6516479999999945
0
LINE
8
BLACK
6
CONTINUOUS
10
103.6952759999999927
20
-69.6516479999999945
11
103.809788999999995
21
-69.689819
0
LINE
8
BLACK
6
CONTINUOUS
10
103.809788999999995
20
-69.689819
11
103.8806869999999947
21
-69.689819
0
LINE
8
BLACK
6
CONTINUOUS
10
103.8806869999999947
20
-69.689819
11
103.995199999999997
21
-69.651646999999997
0
LINE
8
BLACK
6
CONTINUOUS
10
103.995199999999997
20
-69.651646999999997
11
104.0302989999999994
21
-69.6165479999999945
0
LINE
8
BLACK
6
CONTINUOUS
10
104.0302989999999994
20
-69.6165479999999945
11
104.0416649999999947
21
-69.6072199999999981
0
LINE
8
BLACK
6
CONTINUOUS
10
104.0416649999999947
20
-69.6072199999999981
11
104.0687009999999901
21
-69.5960209999999933
0
LINE
8
BLACK
6
CONTINUOUS
10
104.0687009999999901
20
-69.5960209999999933
11
104.0979639999999904
21
-69.5960209999999933
0
LINE
8
BLACK
6
CONTINUOUS
10
104.0979639999999904
20
-69.5960209999999933
11
104.125
21
-69.6072190000000006
0
LINE
8
BLACK
6
CONTINUOUS
10
104.125
20
-69.6072190000000006
11
104.1456929999999943
21
-69.6279119999999949
0
LINE
8
BLACK
6
CONTINUOUS
10
104.1456929999999943
20
-69.6279119999999949
11
104.1568919999999991
21
-69.6549479999999903
0
LINE
8
BLACK
6
CONTINUOUS
10
104.1568919999999991
20
-69.6549479999999903
11
104.1568919999999991
21
-69.6842109999999906
0
LINE
8
BLACK
6
CONTINUOUS
10
104.1568919999999991
20
-69.6842109999999906
11
104.1456939999999918
21
-69.7112470000000002
0
LINE
8
BLACK
6
CONTINUOUS
10
104.1456939999999918
20
-69.7112470000000002
11
104.1363659999999953
21
-69.7226129999999955
0
LINE
8
BLACK
6
CONTINUOUS
10
104.1363659999999953
20
-69.7226129999999955
11
104.0887479999999954
21
-69.7702319999999929
0
LINE
8
BLACK
6
CONTINUOUS
10
104.0887479999999954
20
-69.7702319999999929
11
104.0773820000000001
21
-69.7795600000000036
0
LINE
8
BLACK
6
CONTINUOUS
10
104.0773820000000001
20
-69.7795600000000036
11
104.0748909999999938
21
-69.7805910000000011
0
LINE
8
BLACK
6
CONTINUOUS
10
104.0748909999999938
20
-69.7805910000000011
11
104.0728560000000016
21
-69.7823569999999904
0
LINE
8
BLACK
6
CONTINUOUS
10
104.0728560000000016
20
-69.7823569999999904
11
104.0594309999999894
21
-69.7883509999999916
0
LINE
8
BLACK
6
CONTINUOUS
10
104.0594309999999894
20
-69.7883509999999916
11
103.9165739999999971
21
-69.8359700000000032
0
LINE
8
BLACK
6
CONTINUOUS
10
103.9165739999999971
20
-69.8359700000000032
11
103.9093199999999939
21
-69.8376190000000037
0
LINE
8
BLACK
6
CONTINUOUS
10
103.9093199999999939
20
-69.8376190000000037
11
103.9074889999999982
21
-69.8383779999999916
0
LINE
8
BLACK
6
CONTINUOUS
10
103.9074889999999982
20
-69.8383779999999916
11
103.9048339999999939
21
-69.8386390000000006
0
LINE
8
BLACK
6
CONTINUOUS
10
103.9048339999999939
20
-69.8386390000000006
11
103.9022369999999995
21
-69.8392300000000006
0
LINE
8
BLACK
6
CONTINUOUS
10
103.9022369999999995
20
-69.8392300000000006
11
103.9002619999999979
21
-69.8390890000000013
0
LINE
8
BLACK
6
CONTINUOUS
10
103.9002619999999979
20
-69.8390890000000013
11
103.8928569999999922
21
-69.8398189999999914
0
LINE
8
BLACK
6
CONTINUOUS
10
103.8928569999999922
20
-69.8398189999999914
11
103.7976189999999974
21
-69.8398189999999914
0
LINE
8
BLACK
6
CONTINUOUS
10
103.7976189999999974
20
-69.8398189999999914
11
103.7902119999999968
21
-69.8390890000000013
0
LINE
8
BLACK
6
CONTINUOUS
10
103.7902119999999968
20
-69.8390890000000013
11
103.7882379999999927
21
-69.8392300000000006
0
LINE
8
BLACK
6
CONTINUOUS
10
103.7882379999999927
20
-69.8392300000000006
11
103.7856400000000008
21
-69.8386390000000006
0
LINE
8
BLACK
6
CONTINUOUS
10
103.7856400000000008
20
-69.8386390000000006
11
103.7829869999999914
21
-69.8383779999999916
0
LINE
8
BLACK
6
CONTINUOUS
10
103.7829869999999914
20
-69.8383779999999916
11
103.7811559999999957
21
-69.8376190000000037
0
LINE
8
BLACK
6
CONTINUOUS
10
103.7811559999999957
20
-69.8376190000000037
11
103.7739009999999951
21
-69.8359700000000032
0
LINE
8
BLACK
6
CONTINUOUS
10
103.7739009999999951
20
-69.8359700000000032
11
103.6310450000000003
21
-69.7883509999999916
0
LINE
8
BLACK
6
CONTINUOUS
10
103.6310450000000003
20
-69.7883509999999916
11
103.6176189999999906
21
-69.7823569999999904
0
LINE
8
BLACK
6
CONTINUOUS
10
103.6176189999999906
20
-69.7823569999999904
11
103.6155839999999984
21
-69.7805919999999986
0
LINE
8
BLACK
6
CONTINUOUS
10
103.6155839999999984
20
-69.7805919999999986
11
103.6130939999999896
21
-69.7795610000000011
0
LINE
8
BLACK
6
CONTINUOUS
10
103.6130939999999896
20
-69.7795610000000011
11
103.6017289999999917
21
-69.7702329999999904
0
LINE
8
BLACK
6
CONTINUOUS
10
103.6017289999999917
20
-69.7702329999999904
11
103.5064909999999969
21
-69.6749939999999981
0
LINE
8
BLACK
6
CONTINUOUS
10
103.5064909999999969
20
-69.6749939999999981
11
103.5017719999999883
21
-69.669243999999992
0
LINE
8
BLACK
6
CONTINUOUS
10
103.5017719999999883
20
-69.669243999999992
11
103.5002739999999903
21
-69.6679450000000031
0
LINE
8
BLACK
6
CONTINUOUS
10
103.5002739999999903
20
-69.6679450000000031
11
103.4988519999999994
21
-69.6656859999999938
0
LINE
8
BLACK
6
CONTINUOUS
10
103.4988519999999994
20
-69.6656859999999938
11
103.4971630000000005
21
-69.6636280000000028
0
LINE
8
BLACK
6
CONTINUOUS
10
103.4971630000000005
20
-69.6636280000000028
11
103.4964049999999958
21
-69.6617979999999903
0
LINE
8
BLACK
6
CONTINUOUS
10
103.4964049999999958
20
-69.6617979999999903
11
103.4924419999999969
21
-69.6555019999999985
0
LINE
8
BLACK
6
CONTINUOUS
10
103.4924419999999969
20
-69.6555019999999985
11
103.4448229999999995
21
-69.5602640000000036
0
LINE
8
BLACK
6
CONTINUOUS
10
103.4448229999999995
20
-69.5602640000000036
11
103.4444129999999973
21
-69.5591939999999909
0
LINE
8
BLACK
6
CONTINUOUS
10
103.4444129999999973
20
-69.5591939999999909
11
103.4440910000000002
21
-69.5587589999999949
0
LINE
8
BLACK
6
CONTINUOUS
10
103.4440910000000002
20
-69.5587589999999949
11
103.4418950000000024
21
-69.5526129999999938
0
LINE
8
BLACK
6
CONTINUOUS
10
103.4418950000000024
20
-69.5526129999999938
11
103.4395679999999942
21
-69.5465319999999991
0
LINE
8
BLACK
6
CONTINUOUS
10
103.4395679999999942
20
-69.5465319999999991
11
103.4395289999999932
21
-69.5459919999999983
0
LINE
8
BLACK
6
CONTINUOUS
10
103.4395289999999932
20
-69.5459919999999983
11
103.4391439999999989
21
-69.544912999999994
0
LINE
8
BLACK
6
CONTINUOUS
10
103.4391439999999989
20
-69.544912999999994
11
103.3915250000000015
21
-69.3544369999999901
0
LINE
8
BLACK
6
CONTINUOUS
10
103.3915250000000015
20
-69.3544369999999901
11
103.3911489999999986
21
-69.3519000000000005
0
LINE
8
BLACK
6
CONTINUOUS
10
103.3911489999999986
20
-69.3519000000000005
11
103.3907269999999983
21
-69.3508789999999919
0
LINE
8
BLACK
6
CONTINUOUS
10
103.3907269999999983
20
-69.3508789999999919
11
103.3901839999999908
21
-69.3453659999999985
0
LINE
8
BLACK
6
CONTINUOUS
10
103.3901839999999908
20
-69.3453659999999985
11
103.3893750000000011
21
-69.3398930000000036
0
LINE
8
BLACK
6
CONTINUOUS
10
103.3893750000000011
20
-69.3398930000000036
11
103.38953699999999
21
-69.338799999999992
0
LINE
8
BLACK
6
CONTINUOUS
10
103.38953699999999
20
-69.338799999999992
11
103.3892859999999985
21
-69.3362470000000002
0
LINE
8
BLACK
6
CONTINUOUS
10
103.3892859999999985
20
-69.3362470000000002
11
103.3892859999999985
21
-69.1933899999999937
0
LINE
8
BLACK
6
CONTINUOUS
10
103.3892859999999985
20
-69.1933899999999937
11
103.38953699999999
21
-69.1908359999999902
0
LINE
8
BLACK
6
CONTINUOUS
10
103.38953699999999
20
-69.1908359999999902
11
103.3893750000000011
21
-69.1897439999999904
0
LINE
8
BLACK
6
CONTINUOUS
10
103.3893750000000011
20
-69.1897439999999904
11
103.3901839999999908
21
-69.1842699999999979
0
LINE
8
BLACK
6
CONTINUOUS
10
103.3901839999999908
20
-69.1842699999999979
11
103.3907269999999983
21
-69.178758000000002
0
LINE
8
BLACK
6
CONTINUOUS
10
103.3907269999999983
20
-69.178758000000002
11
103.3911489999999986
21
-69.1777359999999959
0
LINE
8
BLACK
6
CONTINUOUS
10
103.3911489999999986
20
-69.1777359999999959
11
103.3915250000000015
21
-69.1752000000000038
0
LINE
8
BLACK
6
CONTINUOUS
10
103.3915250000000015
20
-69.1752000000000038
11
103.4391439999999989
21
-68.9847239999999999
0
LINE
8
BLACK
6
CONTINUOUS
10
103.4391439999999989
20
-68.9847239999999999
11
103.4395289999999932
21
-68.9836439999999982
0
LINE
8
BLACK
6
CONTINUOUS
10
103.4395289999999932
20
-68.9836439999999982
11
103.4395679999999942
21
-68.9831049999999948
0
LINE
8
BLACK
6
CONTINUOUS
10
103.4395679999999942
20
-68.9831049999999948
11
103.4419049999999913
21
-68.9769969999999972
0
LINE
8
BLACK
6
CONTINUOUS
10
103.4419049999999913
20
-68.9769969999999972
11
103.4440910000000002
21
-68.970877999999999
0
LINE
8
BLACK
6
CONTINUOUS
10
103.4440910000000002
20
-68.970877999999999
11
103.4444129999999973
21
-68.9704419999999914
0
LINE
8
BLACK
6
CONTINUOUS
10
103.4444129999999973
20
-68.9704419999999914
11
103.4448229999999995
21
-68.9693729999999903
0
LINE
8
BLACK
6
CONTINUOUS
10
103.4448229999999995
20
-68.9693729999999903
11
103.4924419999999969
21
-68.8741349999999954
0
LINE
8
BLACK
6
CONTINUOUS
10
103.4924419999999969
20
-68.8741349999999954
11
103.4964059999999932
21
-68.8678349999999995
0
LINE
8
BLACK
6
CONTINUOUS
10
103.4964059999999932
20
-68.8678349999999995
11
103.4971639999999979
21
-68.8660079999999937
0
LINE
8
BLACK
6
CONTINUOUS
10
103.4971639999999979
20
-68.8660079999999937
11
103.4988519999999994
21
-68.8639510000000001
0
LINE
8
BLACK
6
CONTINUOUS
10
103.4988519999999994
20
-68.8639510000000001
11
103.5002739999999903
21
-68.8616919999999908
0
LINE
8
BLACK
6
CONTINUOUS
10
103.5002739999999903
20
-68.8616919999999908
11
103.5017719999999883
21
-68.8603919999999903
0
LINE
8
BLACK
6
CONTINUOUS
10
103.5017719999999883
20
-68.8603919999999903
11
103.5064909999999969
21
-68.8546429999999958
0
LINE
8
BLACK
6
CONTINUOUS
10
103.5064909999999969
20
-68.8546429999999958
11
103.6017289999999917
21
-68.759405000000001
0
LINE
8
BLACK
6
CONTINUOUS
10
103.6017289999999917
20
-68.759405000000001
11
103.6130939999999896
21
-68.7500769999999903
0
LINE
8
BLACK
6
CONTINUOUS
10
103.6130939999999896
20
-68.7500769999999903
11
103.6155839999999984
21
-68.7490449999999953
0
LINE
8
BLACK
6
CONTINUOUS
10
103.6155839999999984
20
-68.7490449999999953
11
103.6176189999999906
21
-68.747281000000001
0
LINE
8
BLACK
6
CONTINUOUS
10
103.6176189999999906
20
-68.747281000000001
11
103.6310450000000003
21
-68.7412869999999998
0
LINE
8
BLACK
6
CONTINUOUS
10
103.6310450000000003
20
-68.7412869999999998
11
103.7739009999999951
21
-68.6936680000000024
0
LINE
8
BLACK
6
CONTINUOUS
10
103.7739009999999951
20
-68.6936680000000024
11
103.7811559999999957
21
-68.6920179999999903
0
LINE
8
BLACK
6
CONTINUOUS
10
103.7811559999999957
20
-68.6920179999999903
11
103.7829869999999914
21
-68.6912599999999998
0
LINE
8
BLACK
6
CONTINUOUS
10
103.7829869999999914
20
-68.6912599999999998
11
103.7856400000000008
21
-68.6909979999999933
0
LINE
8
BLACK
6
CONTINUOUS
10
103.7856400000000008
20
-68.6909979999999933
11
103.7882379999999927
21
-68.6904079999999908
0
LINE
8
BLACK
6
CONTINUOUS
10
103.7882379999999927
20
-68.6904079999999908
11
103.7902119999999968
21
-68.6905479999999926
0
LINE
8
BLACK
6
CONTINUOUS
10
103.7902119999999968
20
-68.6905479999999926
11
103.7976189999999974
21
-68.689819
0
LINE
8
BLACK
6
CONTINUOUS
10
103.7976189999999974
20
-68.689819
11
103.8928569999999922
21
-68.689819
0
LINE
8
BLACK
6
CONTINUOUS
10
103.8928569999999922
20
-68.689819
11
103.9002619999999979
21
-68.6905479999999926
0
LINE
8
BLACK
6
CONTINUOUS
10
104.757204999999999
20
-68.6912599999999998
11
104.7646319999999918
21
-68.6912599999999998
0
LINE
8
BLACK
6
CONTINUOUS
10
104.7646319999999918
20
-68.6912599999999998
11
104.771419999999992
21
-68.6940719999999914
0
LINE
8
BLACK
6
CONTINUOUS
10
104.771419999999992
20
-68.6940719999999914
11
104.7786289999999951
21
-68.6954980000000006
0
LINE
8
BLACK
6
CONTINUOUS
10
104.7786289999999951
20
-68.6954980000000006
11
104.7848079999999982
21
-68.6996170000000035
0
LINE
8
BLACK
6
CONTINUOUS
10
104.7848079999999982
20
-68.6996170000000035
11
104.7916680000000014
21
-68.7024589999999904
0
LINE
8
BLACK
6
CONTINUOUS
10
104.7916680000000014
20
-68.7024589999999904
11
104.7968609999999927
21
-68.707651999999996
0
LINE
8
BLACK
6
CONTINUOUS
10
104.7968609999999927
20
-68.707651999999996
11
104.802977999999996
21
-68.7117300000000029
0
LINE
8
BLACK
6
CONTINUOUS
10
104.802977999999996
20
-68.7117300000000029
11
104.8071109999999919
21
-68.7179019999999952
0
LINE
8
BLACK
6
CONTINUOUS
10
104.8071109999999919
20
-68.7179019999999952
11
104.8123599999999982
21
-68.7231510000000014
0
LINE
8
BLACK
6
CONTINUOUS
10
104.8123599999999982
20
-68.7231510000000014
11
104.8151709999999923
21
-68.72993799999999
0
LINE
8
BLACK
6
CONTINUOUS
10
104.8151709999999923
20
-68.72993799999999
11
104.8192609999999974
21
-68.7360449999999901
0
LINE
8
BLACK
6
CONTINUOUS
10
104.8192609999999974
20
-68.7360449999999901
11
104.8207170000000019
21
-68.7433259999999962
0
LINE
8
BLACK
6
CONTINUOUS
10
104.8207170000000019
20
-68.7433259999999962
11
104.8235589999999888
21
-68.7501869999999968
0
LINE
8
BLACK
6
CONTINUOUS
10
104.8235589999999888
20
-68.7501869999999968
11
104.8249840000000006
21
-68.7646629999999988
0
LINE
8
BLACK
6
CONTINUOUS
10
104.8249840000000006
20
-68.7646629999999988
11
104.8249999999999886
21
-68.7647400000000033
0
LINE
8
BLACK
6
CONTINUOUS
10
104.8249999999999886
20
-68.7647400000000033
11
104.8249939999999896
21
-68.7647659999999945
0
LINE
8
BLACK
6
CONTINUOUS
10
104.8249939999999896
20
-68.7647659999999945
11
104.8249999999999886
21
-68.7648190000000028
0
LINE
8
BLACK
6
CONTINUOUS
10
104.8249999999999886
20
-68.7648190000000028
11
104.8249999999999886
21
-69.689819
0
LINE
8
BLACK
6
CONTINUOUS
10
104.8249999999999886
20
-69.689819
11
105.0357139999999987
21
-69.689819
0
LINE
8
BLACK
6
CONTINUOUS
10
105.0357139999999987
20
-69.689819
11
105.0503459999999905
21
-69.6912599999999998
0
LINE
8
BLACK
6
CONTINUOUS
10
105.0503459999999905
20
-69.6912599999999998
11
105.0773820000000001
21
-69.7024589999999904
0
LINE
8
BLACK
6
CONTINUOUS
10
105.0773820000000001
20
-69.7024589999999904
11
105.0980739999999969
21
-69.7231510000000014
0
LINE
8
BLACK
6
CONTINUOUS
10
105.0980739999999969
20
-69.7231510000000014
11
105.1092730000000017
21
-69.7501869999999968
0
LINE
8
BLACK
6
CONTINUOUS
10
105.1092730000000017
20
-69.7501869999999968
11
105.1092730000000017
21
-69.7794509999999946
0
LINE
8
BLACK
6
CONTINUOUS
10
105.1092730000000017
20
-69.7794509999999946
11
105.0980739999999969
21
-69.80648699999999
0
LINE
8
BLACK
6
CONTINUOUS
10
105.0980739999999969
20
-69.80648699999999
11
105.0773820000000001
21
-69.827179000000001
0
LINE
8
BLACK
6
CONTINUOUS
10
105.0773820000000001
20
-69.827179000000001
11
105.0503459999999905
21
-69.8383779999999916
0
LINE
8
BLACK
6
CONTINUOUS
10
105.0503459999999905
20
-69.8383779999999916
11
105.0357139999999987
21
-69.8398189999999914
0
LINE
8
BLACK
6
CONTINUOUS
10
105.0357139999999987
20
-69.8398189999999914
11
104.4642860000000013
21
-69.8398189999999914
0
LINE
8
BLACK
6
CONTINUOUS
10
104.4642860000000013
20
-69.8398189999999914
11
104.4496539999999953
21
-69.8383779999999916
0
LINE
8
BLACK
6
CONTINUOUS
10
104.4496539999999953
20
-69.8383779999999916
11
104.4226179999999999
21
-69.827179000000001
0
LINE
8
BLACK
6
CONTINUOUS
10
104.4226179999999999
20
-69.827179000000001
11
104.4019259999999889
21
-69.80648699999999
0
LINE
8
BLACK
6
CONTINUOUS
10
104.4019259999999889
20
-69.80648699999999
11
104.3907269999999983
21
-69.7794509999999946
0
LINE
8
BLACK
6
CONTINUOUS
10
104.3907269999999983
20
-69.7794509999999946
11
104.3907269999999983
21
-69.7501869999999968
0
LINE
8
BLACK
6
CONTINUOUS
10
104.3907269999999983
20
-69.7501869999999968
11
104.4019259999999889
21
-69.7231510000000014
0
LINE
8
BLACK
6
CONTINUOUS
10
104.4019259999999889
20
-69.7231510000000014
11
104.4226179999999999
21
-69.7024589999999904
0
LINE
8
BLACK
6
CONTINUOUS
10
104.4226179999999999
20
-69.7024589999999904
11
104.4496539999999953
21
-69.6912599999999998
0
LINE
8
BLACK
6
CONTINUOUS
10
104.4496539999999953
20
-69.6912599999999998
11
104.4642860000000013
21
-69.689819
0
LINE
8
BLACK
6
CONTINUOUS
10
104.4642860000000013
20
-69.689819
11
104.6749999999999972
21
-69.689819
0
LINE
8
BLACK
6
CONTINUOUS
10
104.6749999999999972
20
-69.689819
11
104.6749999999999972
21
-68.9935040000000015
0
LINE
8
BLACK
6
CONTINUOUS
10
104.6749999999999972
20
-68.9935040000000015
11
104.6125569999999954
21
-69.0559470000000033
0
LINE
8
BLACK
6
CONTINUOUS
10
104.6125569999999954
20
-69.0559470000000033
11
104.6068069999999892
21
-69.0606650000000002
0
LINE
8
BLACK
6
CONTINUOUS
10
104.6068069999999892
20
-69.0606650000000002
11
104.6055080000000004
21
-69.0621639999999957
0
LINE
8
BLACK
6
CONTINUOUS
10
104.6055080000000004
20
-69.0621639999999957
11
104.6032479999999936
21
-69.0635850000000033
0
LINE
8
BLACK
6
CONTINUOUS
10
104.6032479999999936
20
-69.0635850000000033
11
104.6011919999999975
21
-69.0652740000000023
0
LINE
8
BLACK
6
CONTINUOUS
10
104.6011919999999975
20
-69.0652740000000023
11
104.5993639999999942
21
-69.0660309999999953
0
LINE
8
BLACK
6
CONTINUOUS
10
104.5993639999999942
20
-69.0660309999999953
11
104.5930649999999957
21
-69.0699960000000033
0
LINE
8
BLACK
6
CONTINUOUS
10
104.5930649999999957
20
-69.0699960000000033
11
104.4978270000000009
21
-69.1176150000000007
0
LINE
8
BLACK
6
CONTINUOUS
10
104.4978270000000009
20
-69.1176150000000007
11
104.4840949999999964
21
-69.1228699999999918
0
LINE
8
BLACK
6
CONTINUOUS
10
104.4840949999999964
20
-69.1228699999999918
11
104.4549049999999966
21
-69.1249439999999993
0
LINE
8
BLACK
6
CONTINUOUS
10
104.4549049999999966
20
-69.1249439999999993
11
104.4271439999999984
21
-69.1156900000000007
0
LINE
8
BLACK
6
CONTINUOUS
10
104.4271439999999984
20
-69.1156900000000007
11
104.4050359999999955
21
-69.0965169999999915
0
LINE
8
BLACK
6
CONTINUOUS
10
104.4050359999999955
20
-69.0965169999999915
11
104.3919489999999968
21
-69.0703419999999966
0
LINE
8
BLACK
6
CONTINUOUS
10
104.3919489999999968
20
-69.0703419999999966
11
104.3898749999999893
21
-69.0411519999999967
0
LINE
8
BLACK
6
CONTINUOUS
10
104.3898749999999893
20
-69.0411519999999967
11
104.3991290000000021
21
-69.0133909999999986
0
LINE
8
BLACK
6
CONTINUOUS
10
104.3991290000000021
20
-69.0133909999999986
11
104.4183019999999971
21
-68.9912829999999957
0
LINE
8
BLACK
6
CONTINUOUS
10
104.4183019999999971
20
-68.9912829999999957
11
104.4307450000000017
21
-68.9834510000000023
0
LINE
8
BLACK
6
CONTINUOUS
10
104.4307450000000017
20
-68.9834510000000023
11
104.5150969999999973
21
-68.9412749999999903
0
LINE
8
BLACK
6
CONTINUOUS
10
104.5150969999999973
20
-68.9412749999999903
11
104.5964759999999956
21
-68.859895999999992
0
LINE
8
BLACK
6
CONTINUOUS
10
104.5964759999999956
20
-68.859895999999992
11
104.6875959999999992
21
-68.7232159999999936
0
LINE
8
BLACK
6
CONTINUOUS
10
104.6875959999999992
20
-68.7232159999999936
11
104.6876299999999986
21
-68.7231730000000027
0
LINE
8
BLACK
6
CONTINUOUS
10
104.6876299999999986
20
-68.7231730000000027
11
104.6876400000000018
21
-68.7231510000000014
0
LINE
8
BLACK
6
CONTINUOUS
10
104.6876400000000018
20
-68.7231510000000014
11
104.6876910000000009
21
-68.7230989999999906
0
LINE
8
BLACK
6
CONTINUOUS
10
104.6876910000000009
20
-68.7230989999999906
11
104.6969119999999975
21
-68.7118409999999926
0
LINE
8
BLACK
6
CONTINUOUS
10
104.6969119999999975
20
-68.7118409999999926
11
104.7030809999999974
21
-68.7077089999999941
0
LINE
8
BLACK
6
CONTINUOUS
10
104.7030809999999974
20
-68.7077089999999941
11
104.7083319999999986
21
-68.7024589999999904
0
LINE
8
BLACK
6
CONTINUOUS
10
104.7083319999999986
20
-68.7024589999999904
11
104.7151209999999963
21
-68.6996460000000013
0
LINE
8
BLACK
6
CONTINUOUS
10
104.7151209999999963
20
-68.6996460000000013
11
104.721226999999999
21
-68.6955579999999912
0
LINE
8
BLACK
6
CONTINUOUS
10
104.721226999999999
20
-68.6955579999999912
11
104.7285069999999934
21
-68.6941010000000034
0
LINE
8
BLACK
6
CONTINUOUS
10
104.7285069999999934
20
-68.6941010000000034
11
104.735367999999994
21
-68.6912599999999998
0
LINE
8
BLACK
6
CONTINUOUS
10
104.735367999999994
20
-68.6912599999999998
11
104.7427160000000015
21
-68.6912599999999998
0
LINE
8
BLACK
6
CONTINUOUS
10
104.7427160000000015
20
-68.6912599999999998
11
104.7499210000000005
21
-68.689819
0
LINE
8
BLACK
6
CONTINUOUS
10
104.7499210000000005
20
-68.689819
11
104.757204999999999
21
-68.6912599999999998
0
LINE
8
BLACK
6
CONTINUOUS
10
86.5929610000000025
20
-45.364567000000001
11
86.625433000000001
21
-45.3970389999999995
0
LINE
8
BLACK
6
CONTINUOUS
10
86.625433000000001
20
-45.3970389999999995
11
86.6299999999999955
21
-45.4199999999999946
0
LINE
8
BLACK
6
CONTINUOUS
10
86.6299999999999955
20
-45.4199999999999946
11
86.6299999999999955
21
-60.8999999999999986
0
LINE
8
BLACK
6
CONTINUOUS
10
86.6299999999999955
20
-60.8999999999999986
11
86.625433000000001
21
-60.9229609999999937
0
LINE
8
BLACK
6
CONTINUOUS
10
86.625433000000001
20
-60.9229609999999937
11
86.5929610000000025
21
-60.9554329999999993
0
LINE
8
BLACK
6
CONTINUOUS
10
86.5929610000000025
20
-60.9554329999999993
11
86.5699999999999932
21
-60.9599999999999937
0
LINE
8
BLACK
6
CONTINUOUS
10
86.5699999999999932
20
-60.9599999999999937
11
76.5300000000000011
21
-60.9599999999999937
0
LINE
8
BLACK
6
CONTINUOUS
10
76.5300000000000011
20
-60.9599999999999937
11
76.5070389999999918
21
-60.9554329999999993
0
LINE
8
BLACK
6
CONTINUOUS
10
76.5070389999999918
20
-60.9554329999999993
11
76.4745669999999933
21
-60.9229609999999937
0
LINE
8
BLACK
6
CONTINUOUS
10
76.4745669999999933
20
-60.9229609999999937
11
76.4699999999999989
21
-60.8999999999999986
0
LINE
8
BLACK
6
CONTINUOUS
10
76.4699999999999989
20
-60.8999999999999986
11
76.4699999999999989
21
-48.3799999999999955
0
LINE
8
BLACK
6
CONTINUOUS
10
76.4699999999999989
20
-48.3799999999999955
11
76.4745669999999933
21
-48.3570390000000003
0
LINE
8
BLACK
6
CONTINUOUS
10
76.4745669999999933
20
-48.3570390000000003
11
76.5070389999999918
21
-48.3245669999999947
0
LINE
8
BLACK
6
CONTINUOUS
10
76.5070389999999918
20
-48.3245669999999947
11
76.5529609999999963
21
-48.3245669999999947
0
LINE
8
BLACK
6
CONTINUOUS
10
76.5529609999999963
20
-48.3245669999999947
11
76.5854329999999948
21
-48.3570390000000003
0
LINE
8
BLACK
6
CONTINUOUS
10
76.5854329999999948
20
-48.3570390000000003
11
76.5900000000000034
21
-48.3799999999999955
0
LINE
8
BLACK
6
CONTINUOUS
10
76.5900000000000034
20
-48.3799999999999955
11
76.5900000000000034
21
-60.8399999999999963
0
LINE
8
BLACK
6
CONTINUOUS
10
76.5900000000000034
20
-60.8399999999999963
11
77.0900000000000034
21
-60.8399999999999963
0
LINE
8
BLACK
6
CONTINUOUS
10
77.0900000000000034
20
-60.8399999999999963
11
77.0900000000000034
21
-45.4799999999999969
0
LINE
8
BLACK
6
CONTINUOUS
10
77.0900000000000034
20
-45.4799999999999969
11
76.5900000000000034
21
-45.4799999999999969
0
LINE
8
BLACK
6
CONTINUOUS
10
76.5900000000000034
20
-45.4799999999999969
11
76.5900000000000034
21
-47.7800000000000011
0
LINE
8
BLACK
6
CONTINUOUS
10
76.5900000000000034
20
-47.7800000000000011
11
76.5854329999999948
21
-47.8029609999999963
0
LINE
8
BLACK
6
CONTINUOUS
10
76.5854329999999948
20
-47.8029609999999963
11
76.5529609999999963
21
-47.8354329999999948
0
LINE
8
BLACK
6
CONTINUOUS
10
76.5529609999999963
20
-47.8354329999999948
11
76.5070389999999918
21
-47.8354329999999948
0
LINE
8
BLACK
6
CONTINUOUS
10
76.5070389999999918
20
-47.8354329999999948
11
76.4745669999999933
21
-47.8029609999999963
0
LINE
8
BLACK
6
CONTINUOUS
10
76.4745669999999933
20
-47.8029609999999963
11
76.4699999999999989
21
-47.7800000000000011
0
LINE
8
BLACK
6
CONTINUOUS
10
76.4699999999999989
20
-47.7800000000000011
11
76.4699999999999989
21
-45.4199999999999946
0
LINE
8
BLACK
6
CONTINUOUS
10
76.4699999999999989
20
-45.4199999999999946
11
76.4745669999999933
21
-45.3970389999999995
0
LINE
8
BLACK
6
CONTINUOUS
10
76.4745669999999933
20
-45.3970389999999995
11
76.5070389999999918
21
-45.364567000000001
0
LINE
8
BLACK
6
CONTINUOUS
10
76.5070389999999918
20
-45.364567000000001
11
76.5300000000000011
21
-45.3599999999999994
0
LINE
8
BLACK
6
CONTINUOUS
10
76.5300000000000011
20
-45.3599999999999994
11
86.5699999999999932
21
-45.3599999999999994
0
LINE
8
BLACK
6
CONTINUOUS
10
86.5699999999999932
20
-45.3599999999999994
11
86.5929610000000025
21
-45.364567000000001
0
LINE
8
BLACK
6
CONTINUOUS
10
77.2099999999999937
20
-45.4799999999999969
11
77.2099999999999937
21
-60.8399999999999963
0
LINE
8
BLACK
6
CONTINUOUS
10
77.2099999999999937
20
-60.8399999999999963
11
78.5900000000000034
21
-60.8399999999999963
0
LINE
8
BLACK
6
CONTINUOUS
10
78.5900000000000034
20
-60.8399999999999963
11
78.5900000000000034
21
-45.4799999999999969
0
LINE
8
BLACK
6
CONTINUOUS
10
78.5900000000000034
20
-45.4799999999999969
11
77.2099999999999937
21
-45.4799999999999969
0
LINE
8
BLACK
6
CONTINUOUS
10
78.7099999999999937
20
-45.4799999999999969
11
78.7099999999999937
21
-60.8399999999999963
0
LINE
8
BLACK
6
CONTINUOUS
10
78.7099999999999937
20
-60.8399999999999963
11
83.4899999999999949
21
-60.8399999999999963
0
LINE
8
BLACK
6
CONTINUOUS
10
83.4899999999999949
20
-60.8399999999999963
11
83.4899999999999949
21
-45.4799999999999969
0
LINE
8
BLACK
6
CONTINUOUS
10
83.4899999999999949
20
-45.4799999999999969
11
78.7099999999999937
21
-45.4799999999999969
0
LINE
8
BLACK
6
CONTINUOUS
10
83.6099999999999994
20
-45.4799999999999969
11
83.6099999999999994
21
-60.8399999999999963
0
LINE
8
BLACK
6
CONTINUOUS
10
83.6099999999999994
20
-60.8399999999999963
11
86.5099999999999909
21
-60.8399999999999963
0
LINE
8
BLACK
6
CONTINUOUS
10
86.5099999999999909
20
-60.8399999999999963
11
86.5099999999999909
21
-45.4799999999999969
0
LINE
8
BLACK
6
CONTINUOUS
10
86.5099999999999909
20
-45.4799999999999969
11
83.6099999999999994
21
-45.4799999999999969
0
LINE
8
BLACK
6
CONTINUOUS
10
107.4654609999999906
20
-45.2745669999999976
11
107.4979329999999891
21
-45.3070389999999961
0
LINE
8
BLACK
6
CONTINUOUS
10
107.4979329999999891
20
-45.3070389999999961
11
107.5024999999999977
21
-45.3299999999999983
0
LINE
8
BLACK
6
CONTINUOUS
10
107.5024999999999977
20
-45.3299999999999983
11
107.5024999999999977
21
-57.8499999999999943
0
LINE
8
BLACK
6
CONTINUOUS
10
107.5024999999999977
20
-57.8499999999999943
11
107.4979329999999891
21
-57.8729609999999965
0
LINE
8
BLACK
6
CONTINUOUS
10
107.4979329999999891
20
-57.8729609999999965
11
107.4654609999999906
21
-57.905432999999995
0
LINE
8
BLACK
6
CONTINUOUS
10
107.4654609999999906
20
-57.905432999999995
11
107.4195390000000003
21
-57.905432999999995
0
LINE
8
BLACK
6
CONTINUOUS
10
107.4195390000000003
20
-57.905432999999995
11
107.3870670000000018
21
-57.8729609999999965
0
LINE
8
BLACK
6
CONTINUOUS
10
107.3870670000000018
20
-57.8729609999999965
11
107.3824999999999932
21
-57.8499999999999943
0
LINE
8
BLACK
6
CONTINUOUS
10
107.3824999999999932
20
-57.8499999999999943
11
107.3824999999999932
21
-45.3900000000000006
0
LINE
8
BLACK
6
CONTINUOUS
10
107.3824999999999932
20
-45.3900000000000006
11
106.8824999999999932
21
-45.3900000000000006
0
LINE
8
BLACK
6
CONTINUOUS
10
106.8824999999999932
20
-45.3900000000000006
11
106.8824999999999932
21
-60.75
0
LINE
8
BLACK
6
CONTINUOUS
10
106.8824999999999932
20
-60.75
11
107.3824999999999932
21
-60.75
0
LINE
8
BLACK
6
CONTINUOUS
10
107.3824999999999932
20
-60.75
11
107.3824999999999932
21
-58.4499999999999957
0
LINE
8
BLACK
6
CONTINUOUS
10
107.3824999999999932
20
-58.4499999999999957
11
107.3870670000000018
21
-58.4270390000000006
0
LINE
8
BLACK
6
CONTINUOUS
10
107.3870670000000018
20
-58.4270390000000006
11
107.4195390000000003
21
-58.394566999999995
0
LINE
8
BLACK
6
CONTINUOUS
10
107.4195390000000003
20
-58.394566999999995
11
107.4654609999999906
21
-58.394566999999995
0
LINE
8
BLACK
6
CONTINUOUS
10
107.4654609999999906
20
-58.394566999999995
11
107.4979329999999891
21
-58.4270390000000006
0
LINE
8
BLACK
6
CONTINUOUS
10
107.4979329999999891
20
-58.4270390000000006
11
107.5024999999999977
21
-58.4499999999999957
0
LINE
8
BLACK
6
CONTINUOUS
10
107.5024999999999977
20
-58.4499999999999957
11
107.5024999999999977
21
-60.8099999999999952
0
LINE
8
BLACK
6
CONTINUOUS
10
107.5024999999999977
20
-60.8099999999999952
11
107.4979329999999891
21
-60.8329609999999974
0
LINE
8
BLACK
6
CONTINUOUS
10
107.4979329999999891
20
-60.8329609999999974
11
107.4654609999999906
21
-60.8654329999999959
0
LINE
8
BLACK
6
CONTINUOUS
10
107.4654609999999906
20
-60.8654329999999959
11
107.4424999999999955
21
-60.8699999999999974
0
LINE
8
BLACK
6
CONTINUOUS
10
107.4424999999999955
20
-60.8699999999999974
11
97.4024999999999892
21
-60.8699999999999974
0
LINE
8
BLACK
6
CONTINUOUS
10
97.4024999999999892
20
-60.8699999999999974
11
97.3795389999999941
21
-60.8654329999999959
0
LINE
8
BLACK
6
CONTINUOUS
10
97.3795389999999941
20
-60.8654329999999959
11
97.3470669999999956
21
-60.8329609999999974
0
LINE
8
BLACK
6
CONTINUOUS
10
97.3470669999999956
20
-60.8329609999999974
11
97.3425000000000011
21
-60.8099999999999952
0
LINE
8
BLACK
6
CONTINUOUS
10
97.3425000000000011
20
-60.8099999999999952
11
97.3425000000000011
21
-45.3299999999999983
0
LINE
8
BLACK
6
CONTINUOUS
10
97.3425000000000011
20
-45.3299999999999983
11
97.3470669999999956
21
-45.3070389999999961
0
LINE
8
BLACK
6
CONTINUOUS
10
97.3470669999999956
20
-45.3070389999999961
11
97.3795389999999941
21
-45.2745669999999976
0
LINE
8
BLACK
6
CONTINUOUS
10
97.3795389999999941
20
-45.2745669999999976
11
97.4024999999999892
21
-45.269999999999996
0
LINE
8
BLACK
6
CONTINUOUS
10
97.4024999999999892
20
-45.269999999999996
11
107.4424999999999955
21
-45.269999999999996
0
LINE
8
BLACK
6
CONTINUOUS
10
107.4424999999999955
20
-45.269999999999996
11
107.4654609999999906
21
-45.2745669999999976
0
LINE
8
BLACK
6
CONTINUOUS
10
97.4624999999999915
20
-45.3900000000000006
11
97.4624999999999915
21
-60.75
0
LINE
8
BLACK
6
CONTINUOUS
10
97.4624999999999915
20
-60.75
11
100.3624999999999972
21
-60.75
0
LINE
8
BLACK
6
CONTINUOUS
10
100.3624999999999972
20
-60.75
11
100.3624999999999972
21
-45.3900000000000006
0
LINE
8
BLACK
6
CONTINUOUS
10
100.3624999999999972
20
-45.3900000000000006
11
97.4624999999999915
21
-45.3900000000000006
0
LINE
8
BLACK
6
CONTINUOUS
10
100.4825000000000017
20
-45.3900000000000006
11
100.4825000000000017
21
-60.75
0
LINE
8
BLACK
6
CONTINUOUS
10
100.4825000000000017
20
-60.75
11
105.2624999999999886
21
-60.75
0
LINE
8
BLACK
6
CONTINUOUS
10
105.2624999999999886
20
-60.75
11
105.2624999999999886
21
-45.3900000000000006
0
LINE
8
BLACK
6
CONTINUOUS
10
105.2624999999999886
20
-45.3900000000000006
11
100.4825000000000017
21
-45.3900000000000006
0
LINE
8
BLACK
6
CONTINUOUS
10
105.3824999999999932
20
-45.3900000000000006
11
105.3824999999999932
21
-60.75
0
LINE
8
BLACK
6
CONTINUOUS
10
105.3824999999999932
20
-60.75
11
106.7624999999999886
21
-60.75
0
LINE
8
BLACK
6
CONTINUOUS
10
106.7624999999999886
20
-60.75
11
106.7624999999999886
21
-45.3900000000000006
0
LINE
8
BLACK
6
CONTINUOUS
10
106.7624999999999886
20
-45.3900000000000006
11
105.3824999999999932
21
-45.3900000000000006
0
LINE
8
BLACK
6
CONTINUOUS
10
87.8329609999999974
20
-53.1045669999999959
11
87.8654329999999959
21
-53.1370389999999944
0
LINE
8
BLACK
6
CONTINUOUS
10
87.8654329999999959
20
-53.1370389999999944
11
87.8654329999999959
21
-53.1829609999999988
0
LINE
8
BLACK
6
CONTINUOUS
10
87.8654329999999959
20
-53.1829609999999988
11
87.8329609999999974
21
-53.2154329999999973
0
LINE
8
BLACK
6
CONTINUOUS
10
87.8329609999999974
20
-53.2154329999999973
11
87.8100000000000023
21
-53.2199999999999989
0
LINE
8
BLACK
6
CONTINUOUS
10
87.8100000000000023
20
-53.2199999999999989
11
87.539999999999992
21
-53.2199999999999989
0
LINE
8
BLACK
6
CONTINUOUS
10
87.539999999999992
20
-53.2199999999999989
11
87.539999999999992
21
-59.6400000000000006
0
LINE
8
BLACK
6
CONTINUOUS
10
87.539999999999992
20
-59.6400000000000006
11
87.8100000000000023
21
-59.6400000000000006
0
LINE
8
BLACK
6
CONTINUOUS
10
87.8100000000000023
20
-59.6400000000000006
11
87.8329609999999974
21
-59.644566999999995
0
LINE
8
BLACK
6
CONTINUOUS
10
87.8329609999999974
20
-59.644566999999995
11
87.8654329999999959
21
-59.6770390000000006
0
LINE
8
BLACK
6
CONTINUOUS
10
87.8654329999999959
20
-59.6770390000000006
11
87.8654329999999959
21
-59.722960999999998
0
LINE
8
BLACK
6
CONTINUOUS
10
87.8654329999999959
20
-59.722960999999998
11
87.8329609999999974
21
-59.7554329999999965
0
LINE
8
BLACK
6
CONTINUOUS
10
87.8329609999999974
20
-59.7554329999999965
11
87.8100000000000023
21
-59.759999999999998
0
LINE
8
BLACK
6
CONTINUOUS
10
87.8100000000000023
20
-59.759999999999998
11
87.4799999999999898
21
-59.759999999999998
0
LINE
8
BLACK
6
CONTINUOUS
10
87.4799999999999898
20
-59.759999999999998
11
87.4570389999999946
21
-59.7554329999999965
0
LINE
8
BLACK
6
CONTINUOUS
10
87.4570389999999946
20
-59.7554329999999965
11
87.4245669999999961
21
-59.722960999999998
0
LINE
8
BLACK
6
CONTINUOUS
10
87.4245669999999961
20
-59.722960999999998
11
87.4200000000000017
21
-59.6999999999999957
0
LINE
8
BLACK
6
CONTINUOUS
10
87.4200000000000017
20
-59.6999999999999957
11
87.4200000000000017
21
-53.1599999999999966
0
LINE
8
BLACK
6
CONTINUOUS
10
87.4200000000000017
20
-53.1599999999999966
11
87.4245669999999961
21
-53.1370389999999944
0
LINE
8
BLACK
6
CONTINUOUS
10
87.4245669999999961
20
-53.1370389999999944
11
87.4570389999999946
21
-53.1045669999999959
0
LINE
8
BLACK
6
CONTINUOUS
10
87.4570389999999946
20
-53.1045669999999959
11
87.4799999999999898
21
-53.0999999999999943
0
LINE
8
BLACK
6
CONTINUOUS
10
87.4799999999999898
20
-53.0999999999999943
11
87.8100000000000023
21
-53.0999999999999943
0
LINE
8
BLACK
6
CONTINUOUS
10
87.8100000000000023
20
-53.0999999999999943
11
87.8329609999999974
21
-53.1045669999999959
0
LINE
8
BLACK
6
CONTINUOUS
10
90.242960999999994
20
-53.1045669999999959
11
90.2754329999999925
21
-53.1370389999999944
0
LINE
8
BLACK
6
CONTINUOUS
10
90.2754329999999925
20
-53.1370389999999944
11
90.2800000000000011
21
-53.1599999999999966
0
LINE
8
BLACK
6
CONTINUOUS
10
90.2800000000000011
20
-53.1599999999999966
11
90.2800000000000011
21
-59.6999999999999957
0
LINE
8
BLACK
6
CONTINUOUS
10
90.2800000000000011
20
-59.6999999999999957
11
90.2754329999999925
21
-59.722960999999998
0
LINE
8
BLACK
6
CONTINUOUS
10
90.2754329999999925
20
-59.722960999999998
11
90.242960999999994
21
-59.7554329999999965
0
LINE
8
BLACK
6
CONTINUOUS
10
90.242960999999994
20
-59.7554329999999965
11
90.2199999999999989
21
-59.759999999999998
0
LINE
8
BLACK
6
CONTINUOUS
10
90.2199999999999989
20
-59.759999999999998
11
89.8900000000000006
21
-59.759999999999998
0
LINE
8
BLACK
6
CONTINUOUS
10
89.8900000000000006
20
-59.759999999999998
11
89.8670389999999912
21
-59.7554329999999965
0
LINE
8
BLACK
6
CONTINUOUS
10
89.8670389999999912
20
-59.7554329999999965
11
89.8345669999999927
21
-59.722960999999998
0
LINE
8
BLACK
6
CONTINUOUS
10
89.8345669999999927
20
-59.722960999999998
11
89.8345669999999927
21
-59.6770390000000006
0
LINE
8
BLACK
6
CONTINUOUS
10
89.8345669999999927
20
-59.6770390000000006
11
89.8670389999999912
21
-59.644566999999995
0
LINE
8
BLACK
6
CONTINUOUS
10
89.8670389999999912
20
-59.644566999999995
11
89.8900000000000006
21
-59.6400000000000006
0
LINE
8
BLACK
6
CONTINUOUS
10
89.8900000000000006
20
-59.6400000000000006
11
90.1599999999999966
21
-59.6400000000000006
0
LINE
8
BLACK
6
CONTINUOUS
10
90.1599999999999966
20
-59.6400000000000006
11
90.1599999999999966
21
-53.2199999999999989
0
LINE
8
BLACK
6
CONTINUOUS
10
90.1599999999999966
20
-53.2199999999999989
11
89.8900000000000006
21
-53.2199999999999989
0
LINE
8
BLACK
6
CONTINUOUS
10
89.8900000000000006
20
-53.2199999999999989
11
89.8670389999999912
21
-53.2154329999999973
0
LINE
8
BLACK
6
CONTINUOUS
10
89.8670389999999912
20
-53.2154329999999973
11
89.8345669999999927
21
-53.1829609999999988
0
LINE
8
BLACK
6
CONTINUOUS
10
89.8345669999999927
20
-53.1829609999999988
11
89.8345669999999927
21
-53.1370389999999944
0
LINE
8
BLACK
6
CONTINUOUS
10
89.8345669999999927
20
-53.1370389999999944
11
89.8670389999999912
21
-53.1045669999999959
0
LINE
8
BLACK
6
CONTINUOUS
10
89.8670389999999912
20
-53.1045669999999959
11
89.8900000000000006
21
-53.0999999999999943
0
LINE
8
BLACK
6
CONTINUOUS
10
89.8900000000000006
20
-53.0999999999999943
11
90.2199999999999989
21
-53.0999999999999943
0
LINE
8
BLACK
6
CONTINUOUS
10
90.2199999999999989
20
-53.0999999999999943
11
90.242960999999994
21
-53.1045669999999959
0
LINE
8
BLACK
6
CONTINUOUS
10
94.0329610000000002
20
-53.0045669999999944
11
94.0654329999999987
21
-53.037039
0
LINE
8
BLACK
6
CONTINUOUS
10
94.0654329999999987
20
-53.037039
11
94.0654329999999987
21
-53.0829609999999974
0
LINE
8
BLACK
6
CONTINUOUS
10
94.0654329999999987
20
-53.0829609999999974
11
94.0329610000000002
21
-53.1154329999999959
0
LINE
8
BLACK
6
CONTINUOUS
10
94.0329610000000002
20
-53.1154329999999959
11
94.0099999999999909
21
-53.1199999999999974
0
LINE
8
BLACK
6
CONTINUOUS
10
94.0099999999999909
20
-53.1199999999999974
11
93.7399999999999949
21
-53.1199999999999974
0
LINE
8
BLACK
6
CONTINUOUS
10
93.7399999999999949
20
-53.1199999999999974
11
93.7399999999999949
21
-59.5399999999999991
0
LINE
8
BLACK
6
CONTINUOUS
10
93.7399999999999949
20
-59.5399999999999991
11
94.0099999999999909
21
-59.5399999999999991
0
LINE
8
BLACK
6
CONTINUOUS
10
94.0099999999999909
20
-59.5399999999999991
11
94.0329610000000002
21
-59.5445670000000007
0
LINE
8
BLACK
6
CONTINUOUS
10
94.0329610000000002
20
-59.5445670000000007
11
94.0654329999999987
21
-59.5770389999999992
0
LINE
8
BLACK
6
CONTINUOUS
10
94.0654329999999987
20
-59.5770389999999992
11
94.0654329999999987
21
-59.6229609999999965
0
LINE
8
BLACK
6
CONTINUOUS
10
94.0654329999999987
20
-59.6229609999999965
11
94.0329610000000002
21
-59.655432999999995
0
LINE
8
BLACK
6
CONTINUOUS
10
94.0329610000000002
20
-59.655432999999995
11
94.0099999999999909
21
-59.6599999999999966
0
LINE
8
BLACK
6
CONTINUOUS
10
94.0099999999999909
20
-59.6599999999999966
11
93.6799999999999926
21
-59.6599999999999966
0
LINE
8
BLACK
6
CONTINUOUS
10
93.6799999999999926
20
-59.6599999999999966
11
93.6570389999999975
21
-59.655432999999995
0
LINE
8
BLACK
6
CONTINUOUS
10
93.6570389999999975
20
-59.655432999999995
11
93.624566999999999
21
-59.6229609999999965
0
LINE
8
BLACK
6
CONTINUOUS
10
93.624566999999999
20
-59.6229609999999965
11
93.6199999999999903
21
-59.5999999999999943
0
LINE
8
BLACK
6
CONTINUOUS
10
93.6199999999999903
20
-59.5999999999999943
11
93.6199999999999903
21
-53.0599999999999952
0
LINE
8
BLACK
6
CONTINUOUS
10
93.6199999999999903
20
-53.0599999999999952
11
93.624566999999999
21
-53.037039
0
LINE
8
BLACK
6
CONTINUOUS
10
93.624566999999999
20
-53.037039
11
93.6570389999999975
21
-53.0045669999999944
0
LINE
8
BLACK
6
CONTINUOUS
10
93.6570389999999975
20
-53.0045669999999944
11
93.6799999999999926
21
-53.
0
LINE
8
BLACK
6
CONTINUOUS
10
93.6799999999999926
20
-53.
11
94.0099999999999909
21
-53.
0
LINE
8
BLACK
6
CONTINUOUS
10
94.0099999999999909
20
-53.
11
94.0329610000000002
21
-53.0045669999999944
0
LINE
8
BLACK
6
CONTINUOUS
10
96.4429609999999968
20
-53.0045669999999944
11
96.4754329999999953
21
-53.037039
0
LINE
8
BLACK
6
CONTINUOUS
10
96.4754329999999953
20
-53.037039
11
96.4799999999999898
21
-53.0599999999999952
0
LINE
8
BLACK
6
CONTINUOUS
10
96.4799999999999898
20
-53.0599999999999952
11
96.4799999999999898
21
-59.5999999999999943
0
LINE
8
BLACK
6
CONTINUOUS
10
96.4799999999999898
20
-59.5999999999999943
11
96.4754329999999953
21
-59.6229609999999965
0
LINE
8
BLACK
6
CONTINUOUS
10
96.4754329999999953
20
-59.6229609999999965
11
96.4429609999999968
21
-59.655432999999995
0
LINE
8
BLACK
6
CONTINUOUS
10
96.4429609999999968
20
-59.655432999999995
11
96.4200000000000017
21
-59.6599999999999966
0
LINE
8
BLACK
6
CONTINUOUS
10
96.4200000000000017
20
-59.6599999999999966
11
96.0899999999999892
21
-59.6599999999999966
0
LINE
8
BLACK
6
CONTINUOUS
10
96.0899999999999892
20
-59.6599999999999966
11
96.0670389999999941
21
-59.655432999999995
0
LINE
8
BLACK
6
CONTINUOUS
10
96.0670389999999941
20
-59.655432999999995
11
96.0345669999999956
21
-59.6229609999999965
0
LINE
8
BLACK
6
CONTINUOUS
10
96.0345669999999956
20
-59.6229609999999965
11
96.0345669999999956
21
-59.5770389999999992
0
LINE
8
BLACK
6
CONTINUOUS
10
96.0345669999999956
20
-59.5770389999999992
11
96.0670389999999941
21
-59.5445670000000007
0
LINE
8
BLACK
6
CONTINUOUS
10
96.0670389999999941
20
-59.5445670000000007
11
96.0899999999999892
21
-59.5399999999999991
0
LINE
8
BLACK
6
CONTINUOUS
10
96.0899999999999892
20
-59.5399999999999991
11
96.3599999999999994
21
-59.5399999999999991
0
LINE
8
BLACK
6
CONTINUOUS
10
96.3599999999999994
20
-59.5399999999999991
11
96.3599999999999994
21
-53.1199999999999974
0
LINE
8
BLACK
6
CONTINUOUS
10
96.3599999999999994
20
-53.1199999999999974
11
96.0899999999999892
21
-53.1199999999999974
0
LINE
8
BLACK
6
CONTINUOUS
10
96.0899999999999892
20
-53.1199999999999974
11
96.0670389999999941
21
-53.1154329999999959
0
LINE
8
BLACK
6
CONTINUOUS
10
96.0670389999999941
20
-53.1154329999999959
11
96.0345669999999956
21
-53.0829609999999974
0
LINE
8
BLACK
6
CONTINUOUS
10
96.0345669999999956
20
-53.0829609999999974
11
96.0345669999999956
21
-53.037039
0
LINE
8
BLACK
6
CONTINUOUS
10
96.0345669999999956
20
-53.037039
11
96.0670389999999941
21
-53.0045669999999944
0
LINE
8
BLACK
6
CONTINUOUS
10
96.0670389999999941
20
-53.0045669999999944
11
96.0899999999999892
21
-53.
0
LINE
8
BLACK
6
CONTINUOUS
10
96.0899999999999892
20
-53.
11
96.4200000000000017
21
-53.
0
LINE
8
BLACK
6
CONTINUOUS
10
96.4200000000000017
20
-53.
11
96.4429609999999968
21
-53.0045669999999944
0
LINE
8
BLACK
6
CONTINUOUS
10
108.1011620000000022
20
-57.6748999999999938
11
108.1124999999999972
21
-57.7100000000000009
0
LINE
8
BLACK
6
CONTINUOUS
10
108.1124999999999972
20
-57.7100000000000009
11
108.1124999999999972
21
-58.5899999999999963
0
LINE
8
BLACK
6
CONTINUOUS
10
108.1124999999999972
20
-58.5899999999999963
11
108.094926000000001
21
-58.6324259999999953
0
LINE
8
BLACK
6
CONTINUOUS
10
108.094926000000001
20
-58.6324259999999953
11
108.0524999999999949
21
-58.6499999999999986
0
LINE
8
BLACK
6
CONTINUOUS
10
108.0524999999999949
20
-58.6499999999999986
11
108.017399999999995
21
-58.6386619999999965
0
LINE
8
BLACK
6
CONTINUOUS
10
108.017399999999995
20
-58.6386619999999965
11
107.4073999999999955
21
-58.1986619999999988
0
LINE
8
BLACK
6
CONTINUOUS
10
107.4073999999999955
20
-58.1986619999999988
11
107.3832709999999935
21
-58.1595889999999969
0
LINE
8
BLACK
6
CONTINUOUS
10
107.3832709999999935
20
-58.1595889999999969
11
107.3938379999999881
21
-58.1148999999999987
0
LINE
8
BLACK
6
CONTINUOUS
10
107.3938379999999881
20
-58.1148999999999987
11
107.4073999999999955
21
-58.1013379999999984
0
LINE
8
BLACK
6
CONTINUOUS
10
107.4073999999999955
20
-58.1013379999999984
11
108.017399999999995
21
-57.6613380000000006
0
LINE
8
BLACK
6
CONTINUOUS
10
108.017399999999995
20
-57.6613380000000006
11
108.0620890000000003
21
-57.6507709999999989
0
LINE
8
BLACK
6
CONTINUOUS
10
108.0620890000000003
20
-57.6507709999999989
11
108.1011620000000022
21
-57.6748999999999938
0
LINE
8
BLACK
6
CONTINUOUS
10
88.6527839999999969
20
-56.523106999999996
11
88.655272999999994
21
-56.5241380000000007
0
LINE
8
BLACK
6
CONTINUOUS
10
88.655272999999994
20
-56.5241380000000007
11
88.6579610000000002
21
-56.5243289999999945
0
LINE
8
BLACK
6
CONTINUOUS
10
88.6579610000000002
20
-56.5243289999999945
11
88.6716929999999905
21
-56.5295839999999998
0
LINE
8
BLACK
6
CONTINUOUS
10
88.6716929999999905
20
-56.5295839999999998
11
88.7669309999999996
21
-56.5772029999999972
0
LINE
8
BLACK
6
CONTINUOUS
10
88.7669309999999996
20
-56.5772029999999972
11
88.7732299999999981
21
-56.5811670000000007
0
LINE
8
BLACK
6
CONTINUOUS
10
88.7732299999999981
20
-56.5811670000000007
11
88.7750580000000014
21
-56.5819249999999982
0
LINE
8
BLACK
6
CONTINUOUS
10
88.7750580000000014
20
-56.5819249999999982
11
88.7771139999999974
21
-56.5836129999999997
0
LINE
8
BLACK
6
CONTINUOUS
10
88.7771139999999974
20
-56.5836129999999997
11
88.77937399999999
21
-56.5850349999999978
0
LINE
8
BLACK
6
CONTINUOUS
10
88.77937399999999
20
-56.5850349999999978
11
88.7806729999999931
21
-56.5865329999999958
0
LINE
8
BLACK
6
CONTINUOUS
10
88.7806729999999931
20
-56.5865329999999958
11
88.7864229999999992
21
-56.5912519999999972
0
LINE
8
BLACK
6
CONTINUOUS
10
88.7864229999999992
20
-56.5912519999999972
11
88.8340419999999966
21
-56.6388709999999946
0
LINE
8
BLACK
6
CONTINUOUS
10
88.8340419999999966
20
-56.6388709999999946
11
88.8387599999999935
21
-56.6446199999999962
0
LINE
8
BLACK
6
CONTINUOUS
10
88.8387599999999935
20
-56.6446199999999962
11
88.840258999999989
21
-56.6459199999999967
0
LINE
8
BLACK
6
CONTINUOUS
10
88.840258999999989
20
-56.6459199999999967
11
88.8416799999999967
21
-56.648178999999999
0
LINE
8
BLACK
6
CONTINUOUS
10
88.8416799999999967
20
-56.648178999999999
11
88.8433689999999956
21
-56.6502359999999996
0
LINE
8
BLACK
6
CONTINUOUS
10
88.8433689999999956
20
-56.6502359999999996
11
88.8441260000000028
21
-56.6520629999999983
0
LINE
8
BLACK
6
CONTINUOUS
10
88.8441260000000028
20
-56.6520629999999983
11
88.8480909999999966
21
-56.6583629999999943
0
LINE
8
BLACK
6
CONTINUOUS
10
88.8480909999999966
20
-56.6583629999999943
11
88.895709999999994
21
-56.7536009999999962
0
LINE
8
BLACK
6
CONTINUOUS
10
88.895709999999994
20
-56.7536009999999962
11
88.9009649999999993
21
-56.7673319999999961
0
LINE
8
BLACK
6
CONTINUOUS
10
88.9009649999999993
20
-56.7673319999999961
11
88.9011560000000003
21
-56.7700209999999998
0
LINE
8
BLACK
6
CONTINUOUS
10
88.9011560000000003
20
-56.7700209999999998
11
88.9021869999999979
21
-56.7725099999999969
0
LINE
8
BLACK
6
CONTINUOUS
10
88.9021869999999979
20
-56.7725099999999969
11
88.9035179999999912
21
-56.7860259999999997
0
LINE
8
BLACK
6
CONTINUOUS
10
88.9035179999999912
20
-56.7860259999999997
11
89.261809999999997
21
-56.5352229999999949
0
LINE
8
BLACK
6
CONTINUOUS
10
89.261809999999997
20
-56.5352229999999949
11
89.2746229999999912
21
-56.5280129999999943
0
LINE
8
BLACK
6
CONTINUOUS
10
89.2746229999999912
20
-56.5280129999999943
11
89.3031939999999906
21
-56.5216840000000005
0
LINE
8
BLACK
6
CONTINUOUS
10
89.3031939999999906
20
-56.5216840000000005
11
89.3320119999999918
21
-56.5267689999999945
0
LINE
8
BLACK
6
CONTINUOUS
10
89.3320119999999918
20
-56.5267689999999945
11
89.3566900000000004
21
-56.5424959999999999
0
LINE
8
BLACK
6
CONTINUOUS
10
89.3566900000000004
20
-56.5424959999999999
11
89.3734719999999925
21
-56.5664699999999954
0
LINE
8
BLACK
6
CONTINUOUS
10
89.3734719999999925
20
-56.5664699999999954
11
89.379801999999998
21
-56.5950409999999948
0
LINE
8
BLACK
6
CONTINUOUS
10
89.379801999999998
20
-56.5950409999999948
11
89.3747159999999923
21
-56.6238579999999985
0
LINE
8
BLACK
6
CONTINUOUS
10
89.3747159999999923
20
-56.6238579999999985
11
89.358988999999994
21
-56.6485369999999975
0
LINE
8
BLACK
6
CONTINUOUS
10
89.358988999999994
20
-56.6485369999999975
11
89.3478289999999902
21
-56.6581079999999986
0
LINE
8
BLACK
6
CONTINUOUS
10
89.3478289999999902
20
-56.6581079999999986
11
88.9036279999999977
21
-56.9690480000000008
0
LINE
8
BLACK
6
CONTINUOUS
10
88.9036279999999977
20
-56.9690480000000008
11
88.9036279999999977
21
-57.0930940000000007
0
LINE
8
BLACK
6
CONTINUOUS
10
88.9036279999999977
20
-57.0930940000000007
11
89.3048189999999948
21
-57.0930940000000007
0
LINE
8
BLACK
6
CONTINUOUS
10
89.3048189999999948
20
-57.0930940000000007
11
89.3194510000000008
21
-57.0945350000000005
0
LINE
8
BLACK
6
CONTINUOUS
10
89.3194510000000008
20
-57.0945350000000005
11
89.3464869999999962
21
-57.1057339999999982
0
LINE
8
BLACK
6
CONTINUOUS
10
89.3464869999999962
20
-57.1057339999999982
11
89.367178999999993
21
-57.126425999999995
0
LINE
8
BLACK
6
CONTINUOUS
10
89.367178999999993
20
-57.126425999999995
11
89.3783779999999979
21
-57.1534619999999975
0
LINE
8
BLACK
6
CONTINUOUS
10
89.3783779999999979
20
-57.1534619999999975
11
89.3783779999999979
21
-57.1827259999999953
0
LINE
8
BLACK
6
CONTINUOUS
10
89.3783779999999979
20
-57.1827259999999953
11
89.367178999999993
21
-57.2097619999999978
0
LINE
8
BLACK
6
CONTINUOUS
10
89.367178999999993
20
-57.2097619999999978
11
89.3464869999999962
21
-57.2304539999999946
0
LINE
8
BLACK
6
CONTINUOUS
10
89.3464869999999962
20
-57.2304539999999946
11
89.3194510000000008
21
-57.2416529999999995
0
LINE
8
BLACK
6
CONTINUOUS
10
89.3194510000000008
20
-57.2416529999999995
11
89.3048189999999948
21
-57.2430939999999993
0
LINE
8
BLACK
6
CONTINUOUS
10
89.3048189999999948
20
-57.2430939999999993
11
88.3048189999999948
21
-57.2430939999999993
0
LINE
8
BLACK
6
CONTINUOUS
10
88.3048189999999948
20
-57.2430939999999993
11
88.2901870000000031
21
-57.2416529999999995
0
LINE
8
BLACK
6
CONTINUOUS
10
88.2901870000000031
20
-57.2416529999999995
11
88.2631509999999935
21
-57.2304539999999946
0
LINE
8
BLACK
6
CONTINUOUS
10
88.2631509999999935
20
-57.2304539999999946
11
88.2424589999999966
21
-57.2097619999999978
0
LINE
8
BLACK
6
CONTINUOUS
10
88.2424589999999966
20
-57.2097619999999978
11
88.2312599999999918
21
-57.1827259999999953
0
LINE
8
BLACK
6
CONTINUOUS
10
88.2312599999999918
20
-57.1827259999999953
11
88.229818999999992
21
-57.1680939999999964
0
LINE
8
BLACK
6
CONTINUOUS
10
88.229818999999992
20
-57.1680939999999964
11
88.229818999999992
21
-56.7871419999999958
0
LINE
8
BLACK
6
CONTINUOUS
10
88.229818999999992
20
-56.7871419999999958
11
88.2312599999999918
21
-56.7725099999999969
0
LINE
8
BLACK
6
CONTINUOUS
10
88.2312599999999918
20
-56.7725099999999969
11
88.2322909999999894
21
-56.7700199999999953
0
LINE
8
BLACK
6
CONTINUOUS
10
88.2322909999999894
20
-56.7700199999999953
11
88.2324819999999903
21
-56.7673330000000007
0
LINE
8
BLACK
6
CONTINUOUS
10
88.2324819999999903
20
-56.7673330000000007
11
88.2377369999999956
21
-56.7536009999999962
0
LINE
8
BLACK
6
CONTINUOUS
10
88.2377369999999956
20
-56.7536009999999962
11
88.2853559999999931
21
-56.6583629999999943
0
LINE
8
BLACK
6
CONTINUOUS
10
88.2853559999999931
20
-56.6583629999999943
11
88.2893199999999894
21
-56.6520629999999983
0
LINE
8
BLACK
6
CONTINUOUS
10
88.2893199999999894
20
-56.6520629999999983
11
88.2900779999999941
21
-56.6502359999999996
0
LINE
8
BLACK
6
CONTINUOUS
10
88.2900779999999941
20
-56.6502359999999996
11
88.2917659999999955
21
-56.648178999999999
0
LINE
8
BLACK
6
CONTINUOUS
10
88.2917659999999955
20
-56.648178999999999
11
88.2931880000000007
21
-56.6459199999999967
0
LINE
8
BLACK
6
CONTINUOUS
10
88.2931880000000007
20
-56.6459199999999967
11
88.2946859999999987
21
-56.6446199999999962
0
LINE
8
BLACK
6
CONTINUOUS
10
88.2946859999999987
20
-56.6446199999999962
11
88.299404999999993
21
-56.6388709999999946
0
LINE
8
BLACK
6
CONTINUOUS
10
88.299404999999993
20
-56.6388709999999946
11
88.3470239999999905
21
-56.5912519999999972
0
LINE
8
BLACK
6
CONTINUOUS
10
88.3470239999999905
20
-56.5912519999999972
11
88.3527729999999991
21
-56.5865329999999958
0
LINE
8
BLACK
6
CONTINUOUS
10
88.3527729999999991
20
-56.5865329999999958
11
88.3540729999999996
21
-56.5850349999999978
0
LINE
8
BLACK
6
CONTINUOUS
10
88.3540729999999996
20
-56.5850349999999978
11
88.3563319999999948
21
-56.5836129999999997
0
LINE
8
BLACK
6
CONTINUOUS
10
88.3563319999999948
20
-56.5836129999999997
11
88.3583890000000025
21
-56.5819249999999982
0
LINE
8
BLACK
6
CONTINUOUS
10
88.3583890000000025
20
-56.5819249999999982
11
88.3602159999999941
21
-56.5811670000000007
0
LINE
8
BLACK
6
CONTINUOUS
10
88.3602159999999941
20
-56.5811670000000007
11
88.3665159999999901
21
-56.5772029999999972
0
LINE
8
BLACK
6
CONTINUOUS
10
88.3665159999999901
20
-56.5772029999999972
11
88.4617539999999991
21
-56.5295839999999998
0
LINE
8
BLACK
6
CONTINUOUS
10
88.4617539999999991
20
-56.5295839999999998
11
88.4754849999999919
21
-56.5243289999999945
0
LINE
8
BLACK
6
CONTINUOUS
10
88.4754849999999919
20
-56.5243289999999945
11
88.4781739999999957
21
-56.5241369999999961
0
LINE
8
BLACK
6
CONTINUOUS
10
88.4781739999999957
20
-56.5241369999999961
11
88.4806629999999927
21
-56.523106999999996
0
LINE
8
BLACK
6
CONTINUOUS
10
88.4806629999999927
20
-56.523106999999996
11
88.4952949999999987
21
-56.5216659999999962
0
LINE
8
BLACK
6
CONTINUOUS
10
88.4952949999999987
20
-56.5216659999999962
11
88.6381519999999909
21
-56.5216659999999962
0
LINE
8
BLACK
6
CONTINUOUS
10
88.6381519999999909
20
-56.5216659999999962
11
88.6527839999999969
21
-56.523106999999996
0
LINE
8
BLACK
6
CONTINUOUS
10
88.4444840000000028
20
-56.705923999999996
11
88.4140769999999918
21
-56.7363309999999998
0
LINE
8
BLACK
6
CONTINUOUS
10
88.4140769999999918
20
-56.7363309999999998
11
88.3798189999999977
21
-56.8048469999999952
0
LINE
8
BLACK
6
CONTINUOUS
10
88.3798189999999977
20
-56.8048469999999952
11
88.3798189999999977
21
-57.0930940000000007
0
LINE
8
BLACK
6
CONTINUOUS
10
88.3798189999999977
20
-57.0930940000000007
11
88.753627999999992
21
-57.0930940000000007
0
LINE
8
BLACK
6
CONTINUOUS
10
88.753627999999992
20
-57.0930940000000007
11
88.753627999999992
21
-56.8048469999999952
0
LINE
8
BLACK
6
CONTINUOUS
10
88.753627999999992
20
-56.8048469999999952
11
88.7193699999999978
21
-56.7363309999999998
0
LINE
8
BLACK
6
CONTINUOUS
10
88.7193699999999978
20
-56.7363309999999998
11
88.6889630000000011
21
-56.705923999999996
0
LINE
8
BLACK
6
CONTINUOUS
10
88.6889630000000011
20
-56.705923999999996
11
88.6204469999999986
21
-56.6716659999999948
0
LINE
8
BLACK
6
CONTINUOUS
10
88.6204469999999986
20
-56.6716659999999948
11
88.512999999999991
21
-56.6716659999999948
0
LINE
8
BLACK
6
CONTINUOUS
10
88.512999999999991
20
-56.6716659999999948
11
88.4444840000000028
21
-56.705923999999996
0
LINE
8
BLACK
6
CONTINUOUS
10
94.8527839999999998
20
-56.4231069999999946
11
94.8552729999999968
21
-56.4241379999999992
0
LINE
8
BLACK
6
CONTINUOUS
10
94.8552729999999968
20
-56.4241379999999992
11
94.8579609999999889
21
-56.4243290000000002
0
LINE
8
BLACK
6
CONTINUOUS
10
94.8579609999999889
20
-56.4243290000000002
11
94.8716929999999934
21
-56.4295839999999984
0
LINE
8
BLACK
6
CONTINUOUS
10
94.8716929999999934
20
-56.4295839999999984
11
94.9669310000000024
21
-56.4772029999999958
0
LINE
8
BLACK
6
CONTINUOUS
10
94.9669310000000024
20
-56.4772029999999958
11
94.9732300000000009
21
-56.4811669999999992
0
LINE
8
BLACK
6
CONTINUOUS
10
94.9732300000000009
20
-56.4811669999999992
11
94.97505799999999
21
-56.4819249999999968
0
LINE
8
BLACK
6
CONTINUOUS
10
94.97505799999999
20
-56.4819249999999968
11
94.9771140000000003
21
-56.4836129999999983
0
LINE
8
BLACK
6
CONTINUOUS
10
94.9771140000000003
20
-56.4836129999999983
11
94.9793739999999929
21
-56.4850349999999963
0
LINE
8
BLACK
6
CONTINUOUS
10
94.9793739999999929
20
-56.4850349999999963
11
94.9806729999999959
21
-56.4865329999999943
0
LINE
8
BLACK
6
CONTINUOUS
10
94.9806729999999959
20
-56.4865329999999943
11
94.986423000000002
21
-56.4912519999999958
0
LINE
8
BLACK
6
CONTINUOUS
10
94.986423000000002
20
-56.4912519999999958
11
95.0340419999999995
21
-56.5388710000000003
0
LINE
8
BLACK
6
CONTINUOUS
10
95.0340419999999995
20
-56.5388710000000003
11
95.0387599999999964
21
-56.5446199999999948
0
LINE
8
BLACK
6
CONTINUOUS
10
95.0387599999999964
20
-56.5446199999999948
11
95.0402589999999918
21
-56.5459199999999953
0
LINE
8
BLACK
6
CONTINUOUS
10
95.0402589999999918
20
-56.5459199999999953
11
95.0416799999999995
21
-56.5481789999999975
0
LINE
8
BLACK
6
CONTINUOUS
10
95.0416799999999995
20
-56.5481789999999975
11
95.0433689999999984
21
-56.5502359999999982
0
LINE
8
BLACK
6
CONTINUOUS
10
95.0433689999999984
20
-56.5502359999999982
11
95.0441259999999914
21
-56.5520629999999969
0
LINE
8
BLACK
6
CONTINUOUS
10
95.0441259999999914
20
-56.5520629999999969
11
95.0480909999999994
21
-56.5583629999999999
0
LINE
8
BLACK
6
CONTINUOUS
10
95.0480909999999994
20
-56.5583629999999999
11
95.0957099999999969
21
-56.6536009999999948
0
LINE
8
BLACK
6
CONTINUOUS
10
95.0957099999999969
20
-56.6536009999999948
11
95.1009650000000022
21
-56.6673319999999947
0
LINE
8
BLACK
6
CONTINUOUS
10
95.1009650000000022
20
-56.6673319999999947
11
95.1011559999999889
21
-56.6700209999999984
0
LINE
8
BLACK
6
CONTINUOUS
10
95.1011559999999889
20
-56.6700209999999984
11
95.1021870000000007
21
-56.6725099999999955
0
LINE
8
BLACK
6
CONTINUOUS
10
95.1021870000000007
20
-56.6725099999999955
11
95.103517999999994
21
-56.6860259999999982
0
LINE
8
BLACK
6
CONTINUOUS
10
95.103517999999994
20
-56.6860259999999982
11
95.4618099999999998
21
-56.4352230000000006
0
LINE
8
BLACK
6
CONTINUOUS
10
95.4618099999999998
20
-56.4352230000000006
11
95.474622999999994
21
-56.428013
0
LINE
8
BLACK
6
CONTINUOUS
10
95.474622999999994
20
-56.428013
11
95.5031939999999935
21
-56.4216839999999991
0
LINE
8
BLACK
6
CONTINUOUS
10
95.5031939999999935
20
-56.4216839999999991
11
95.5320119999999946
21
-56.4267690000000002
0
LINE
8
BLACK
6
CONTINUOUS
10
95.5320119999999946
20
-56.4267690000000002
11
95.556689999999989
21
-56.4424959999999984
0
LINE
8
BLACK
6
CONTINUOUS
10
95.556689999999989
20
-56.4424959999999984
11
95.5734719999999953
21
-56.4664699999999939
0
LINE
8
BLACK
6
CONTINUOUS
10
95.5734719999999953
20
-56.4664699999999939
11
95.5798020000000008
21
-56.4950410000000005
0
LINE
8
BLACK
6
CONTINUOUS
10
95.5798020000000008
20
-56.4950410000000005
11
95.5747159999999951
21
-56.523857999999997
0
LINE
8
BLACK
6
CONTINUOUS
10
95.5747159999999951
20
-56.523857999999997
11
95.5589889999999968
21
-56.5485369999999961
0
LINE
8
BLACK
6
CONTINUOUS
10
95.5589889999999968
20
-56.5485369999999961
11
95.547828999999993
21
-56.5581079999999972
0
LINE
8
BLACK
6
CONTINUOUS
10
95.547828999999993
20
-56.5581079999999972
11
95.1036280000000005
21
-56.8690479999999994
0
LINE
8
BLACK
6
CONTINUOUS
10
95.1036280000000005
20
-56.8690479999999994
11
95.1036280000000005
21
-56.9930939999999993
0
LINE
8
BLACK
6
CONTINUOUS
10
95.1036280000000005
20
-56.9930939999999993
11
95.5048189999999977
21
-56.9930939999999993
0
LINE
8
BLACK
6
CONTINUOUS
10
95.5048189999999977
20
-56.9930939999999993
11
95.5194509999999894
21
-56.9945349999999991
0
LINE
8
BLACK
6
CONTINUOUS
10
95.5194509999999894
20
-56.9945349999999991
11
95.5464869999999991
21
-57.0057339999999968
0
LINE
8
BLACK
6
CONTINUOUS
10
95.5464869999999991
20
-57.0057339999999968
11
95.5671789999999959
21
-57.0264260000000007
0
LINE
8
BLACK
6
CONTINUOUS
10
95.5671789999999959
20
-57.0264260000000007
11
95.5783780000000007
21
-57.0534619999999961
0
LINE
8
BLACK
6
CONTINUOUS
10
95.5783780000000007
20
-57.0534619999999961
11
95.5783780000000007
21
-57.082726000000001
0
LINE
8
BLACK
6
CONTINUOUS
10
95.5783780000000007
20
-57.082726000000001
11
95.5671789999999959
21
-57.1097619999999964
0
LINE
8
BLACK
6
CONTINUOUS
10
95.5671789999999959
20
-57.1097619999999964
11
95.5464869999999991
21
-57.1304540000000003
0
LINE
8
BLACK
6
CONTINUOUS
10
95.5464869999999991
20
-57.1304540000000003
11
95.5194509999999894
21
-57.141652999999998
0
LINE
8
BLACK
6
CONTINUOUS
10
95.5194509999999894
20
-57.141652999999998
11
95.5048189999999977
21
-57.1430939999999978
0
LINE
8
BLACK
6
CONTINUOUS
10
95.5048189999999977
20
-57.1430939999999978
11
94.5048189999999977
21
-57.1430939999999978
0
LINE
8
BLACK
6
CONTINUOUS
10
94.5048189999999977
20
-57.1430939999999978
11
94.4901869999999917
21
-57.141652999999998
0
LINE
8
BLACK
6
CONTINUOUS
10
94.4901869999999917
20
-57.141652999999998
11
94.4631509999999963
21
-57.1304540000000003
0
LINE
8
BLACK
6
CONTINUOUS
10
94.4631509999999963
20
-57.1304540000000003
11
94.4424589999999995
21
-57.1097619999999964
0
LINE
8
BLACK
6
CONTINUOUS
10
94.4424589999999995
20
-57.1097619999999964
11
94.4312599999999946
21
-57.082726000000001
0
LINE
8
BLACK
6
CONTINUOUS
10
94.4312599999999946
20
-57.082726000000001
11
94.4298189999999948
21
-57.068093999999995
0
LINE
8
BLACK
6
CONTINUOUS
10
94.4298189999999948
20
-57.068093999999995
11
94.4298189999999948
21
-56.6871419999999944
0
LINE
8
BLACK
6
CONTINUOUS
10
94.4298189999999948
20
-56.6871419999999944
11
94.4312599999999946
21
-56.6725099999999955
0
LINE
8
BLACK
6
CONTINUOUS
10
94.4312599999999946
20
-56.6725099999999955
11
94.4322909999999922
21
-56.6700200000000009
0
LINE
8
BLACK
6
CONTINUOUS
10
94.4322909999999922
20
-56.6700200000000009
11
94.4324819999999931
21
-56.6673329999999993
0
LINE
8
BLACK
6
CONTINUOUS
10
94.4324819999999931
20
-56.6673329999999993
11
94.4377369999999985
21
-56.6536009999999948
0
LINE
8
BLACK
6
CONTINUOUS
10
94.4377369999999985
20
-56.6536009999999948
11
94.4853559999999959
21
-56.5583629999999999
0
LINE
8
BLACK
6
CONTINUOUS
10
94.4853559999999959
20
-56.5583629999999999
11
94.4893199999999922
21
-56.5520629999999969
0
LINE
8
BLACK
6
CONTINUOUS
10
94.4893199999999922
20
-56.5520629999999969
11
94.4900779999999969
21
-56.5502359999999982
0
LINE
8
BLACK
6
CONTINUOUS
10
94.4900779999999969
20
-56.5502359999999982
11
94.4917659999999984
21
-56.5481789999999975
0
LINE
8
BLACK
6
CONTINUOUS
10
94.4917659999999984
20
-56.5481789999999975
11
94.4931879999999893
21
-56.5459199999999953
0
LINE
8
BLACK
6
CONTINUOUS
10
94.4931879999999893
20
-56.5459199999999953
11
94.4946860000000015
21
-56.5446199999999948
0
LINE
8
BLACK
6
CONTINUOUS
10
94.4946860000000015
20
-56.5446199999999948
11
94.4994049999999959
21
-56.5388710000000003
0
LINE
8
BLACK
6
CONTINUOUS
10
94.4994049999999959
20
-56.5388710000000003
11
94.5470239999999933
21
-56.4912519999999958
0
LINE
8
BLACK
6
CONTINUOUS
10
94.5470239999999933
20
-56.4912519999999958
11
94.552773000000002
21
-56.4865329999999943
0
LINE
8
BLACK
6
CONTINUOUS
10
94.552773000000002
20
-56.4865329999999943
11
94.5540730000000025
21
-56.4850349999999963
0
LINE
8
BLACK
6
CONTINUOUS
10
94.5540730000000025
20
-56.4850349999999963
11
94.5563319999999976
21
-56.4836129999999983
0
LINE
8
BLACK
6
CONTINUOUS
10
94.5563319999999976
20
-56.4836129999999983
11
94.5583889999999911
21
-56.4819249999999968
0
LINE
8
BLACK
6
CONTINUOUS
10
94.5583889999999911
20
-56.4819249999999968
11
94.5602159999999969
21
-56.4811669999999992
0
LINE
8
BLACK
6
CONTINUOUS
10
94.5602159999999969
20
-56.4811669999999992
11
94.5665159999999929
21
-56.4772029999999958
0
LINE
8
BLACK
6
CONTINUOUS
10
94.5665159999999929
20
-56.4772029999999958
11
94.661754000000002
21
-56.4295839999999984
0
LINE
8
BLACK
6
CONTINUOUS
10
94.661754000000002
20
-56.4295839999999984
11
94.6754849999999948
21
-56.4243290000000002
0
LINE
8
BLACK
6
CONTINUOUS
10
94.6754849999999948
20
-56.4243290000000002
11
94.6781739999999985
21
-56.4241369999999947
0
LINE
8
BLACK
6
CONTINUOUS
10
94.6781739999999985
20
-56.4241369999999947
11
94.6806629999999956
21
-56.4231069999999946
0
LINE
8
BLACK
6
CONTINUOUS
10
94.6806629999999956
20
-56.4231069999999946
11
94.6952950000000016
21
-56.4216659999999948
0
LINE
8
BLACK
6
CONTINUOUS
10
94.6952950000000016
20
-56.4216659999999948
11
94.8381519999999938
21
-56.4216659999999948
0
LINE
8
BLACK
6
CONTINUOUS
10
94.8381519999999938
20
-56.4216659999999948
11
94.8527839999999998
21
-56.4231069999999946
0
LINE
8
BLACK
6
CONTINUOUS
10
94.6444839999999914
20
-56.6059239999999946
11
94.6140769999999947
21
-56.6363309999999984
0
LINE
8
BLACK
6
CONTINUOUS
10
94.6140769999999947
20
-56.6363309999999984
11
94.5798190000000005
21
-56.7048470000000009
0
LINE
8
BLACK
6
CONTINUOUS
10
94.5798190000000005
20
-56.7048470000000009
11
94.5798190000000005
21
-56.9930939999999993
0
LINE
8
BLACK
6
CONTINUOUS
10
94.5798190000000005
20
-56.9930939999999993
11
94.9536279999999948
21
-56.9930939999999993
0
LINE
8
BLACK
6
CONTINUOUS
10
94.9536279999999948
20
-56.9930939999999993
11
94.9536279999999948
21
-56.7048470000000009
0
LINE
8
BLACK
6
CONTINUOUS
10
94.9536279999999948
20
-56.7048470000000009
11
94.9193700000000007
21
-56.6363309999999984
0
LINE
8
BLACK
6
CONTINUOUS
10
94.9193700000000007
20
-56.6363309999999984
11
94.8889629999999897
21
-56.6059239999999946
0
LINE
8
BLACK
6
CONTINUOUS
10
94.8889629999999897
20
-56.6059239999999946
11
94.8204470000000015
21
-56.5716660000000005
0
LINE
8
BLACK
6
CONTINUOUS
10
94.8204470000000015
20
-56.5716660000000005
11
94.7129999999999939
21
-56.5716660000000005
0
LINE
8
BLACK
6
CONTINUOUS
10
94.7129999999999939
20
-56.5716660000000005
11
94.6444839999999914
21
-56.6059239999999946
0
LINE
8
BLACK
6
CONTINUOUS
10
89.3464869999999962
20
-55.5819249999999982
11
89.367178999999993
21
-55.6026169999999951
0
LINE
8
BLACK
6
CONTINUOUS
10
89.367178999999993
20
-55.6026169999999951
11
89.3783779999999979
21
-55.6296529999999976
0
LINE
8
BLACK
6
CONTINUOUS
10
89.3783779999999979
20
-55.6296529999999976
11
89.3798189999999977
21
-55.6442849999999964
0
LINE
8
BLACK
6
CONTINUOUS
10
89.3798189999999977
20
-55.6442849999999964
11
89.3798189999999977
21
-56.2157130000000009
0
LINE
8
BLACK
6
CONTINUOUS
10
89.3798189999999977
20
-56.2157130000000009
11
89.3783779999999979
21
-56.2303449999999998
0
LINE
8
BLACK
6
CONTINUOUS
10
89.3783779999999979
20
-56.2303449999999998
11
89.367178999999993
21
-56.2573809999999952
0
LINE
8
BLACK
6
CONTINUOUS
10
89.367178999999993
20
-56.2573809999999952
11
89.3464869999999962
21
-56.2780729999999991
0
LINE
8
BLACK
6
CONTINUOUS
10
89.3464869999999962
20
-56.2780729999999991
11
89.3194510000000008
21
-56.2892719999999969
0
LINE
8
BLACK
6
CONTINUOUS
10
89.3194510000000008
20
-56.2892719999999969
11
89.2901869999999889
21
-56.2892719999999969
0
LINE
8
BLACK
6
CONTINUOUS
10
89.2901869999999889
20
-56.2892719999999969
11
89.2631509999999935
21
-56.2780729999999991
0
LINE
8
BLACK
6
CONTINUOUS
10
89.2631509999999935
20
-56.2780729999999991
11
89.2424589999999966
21
-56.2573809999999952
0
LINE
8
BLACK
6
CONTINUOUS
10
89.2424589999999966
20
-56.2573809999999952
11
89.2312599999999918
21
-56.2303449999999998
0
LINE
8
BLACK
6
CONTINUOUS
10
89.2312599999999918
20
-56.2303449999999998
11
89.229818999999992
21
-56.2157130000000009
0
LINE
8
BLACK
6
CONTINUOUS
10
89.229818999999992
20
-56.2157130000000009
11
89.229818999999992
21
-56.004998999999998
0
LINE
8
BLACK
6
CONTINUOUS
10
89.229818999999992
20
-56.004998999999998
11
88.5335039999999935
21
-56.004998999999998
0
LINE
8
BLACK
6
CONTINUOUS
10
88.5335039999999935
20
-56.004998999999998
11
88.5959469999999953
21
-56.0674419999999998
0
LINE
8
BLACK
6
CONTINUOUS
10
88.5959469999999953
20
-56.0674419999999998
11
88.6006670000000014
21
-56.0731919999999988
0
LINE
8
BLACK
6
CONTINUOUS
10
88.6006670000000014
20
-56.0731919999999988
11
88.6021640000000019
21
-56.0744909999999948
0
LINE
8
BLACK
6
CONTINUOUS
10
88.6021640000000019
20
-56.0744909999999948
11
88.6035830000000004
21
-56.0767449999999954
0
LINE
8
BLACK
6
CONTINUOUS
10
88.6035830000000004
20
-56.0767449999999954
11
88.6052749999999918
21
-56.0788069999999976
0
LINE
8
BLACK
6
CONTINUOUS
10
88.6052749999999918
20
-56.0788069999999976
11
88.6060329999999965
21
-56.0806389999999979
0
LINE
8
BLACK
6
CONTINUOUS
10
88.6060329999999965
20
-56.0806389999999979
11
88.6099959999999953
21
-56.0869339999999994
0
LINE
8
BLACK
6
CONTINUOUS
10
88.6099959999999953
20
-56.0869339999999994
11
88.6576149999999927
21
-56.1821719999999942
0
LINE
8
BLACK
6
CONTINUOUS
10
88.6576149999999927
20
-56.1821719999999942
11
88.6628699999999981
21
-56.1959029999999942
0
LINE
8
BLACK
6
CONTINUOUS
10
88.6628699999999981
20
-56.1959029999999942
11
88.6649439999999913
21
-56.225092999999994
0
LINE
8
BLACK
6
CONTINUOUS
10
88.6649439999999913
20
-56.225092999999994
11
88.6556899999999928
21
-56.2528549999999967
0
LINE
8
BLACK
6
CONTINUOUS
10
88.6556899999999928
20
-56.2528549999999967
11
88.6365169999999978
21
-56.274961999999995
0
LINE
8
BLACK
6
CONTINUOUS
10
88.6365169999999978
20
-56.274961999999995
11
88.6103420000000028
21
-56.2880499999999984
0
LINE
8
BLACK
6
CONTINUOUS
10
88.6103420000000028
20
-56.2880499999999984
11
88.581152000000003
21
-56.2901239999999987
0
LINE
8
BLACK
6
CONTINUOUS
10
88.581152000000003
20
-56.2901239999999987
11
88.5533909999999906
21
-56.2808700000000002
0
LINE
8
BLACK
6
CONTINUOUS
10
88.5533909999999906
20
-56.2808700000000002
11
88.5312830000000019
21
-56.2616969999999981
0
LINE
8
BLACK
6
CONTINUOUS
10
88.5312830000000019
20
-56.2616969999999981
11
88.5234509999999943
21
-56.2492540000000005
0
LINE
8
BLACK
6
CONTINUOUS
10
88.5234509999999943
20
-56.2492540000000005
11
88.4812749999999966
21
-56.1649019999999979
0
LINE
8
BLACK
6
CONTINUOUS
10
88.4812749999999966
20
-56.1649019999999979
11
88.3998939999999891
21
-56.0835209999999975
0
LINE
8
BLACK
6
CONTINUOUS
10
88.3998939999999891
20
-56.0835209999999975
11
88.2632159999999999
21
-55.9924029999999959
0
LINE
8
BLACK
6
CONTINUOUS
10
88.2632159999999999
20
-55.9924029999999959
11
88.2631729999999948
21
-55.992367999999999
0
LINE
8
BLACK
6
CONTINUOUS
10
88.2631729999999948
20
-55.992367999999999
11
88.2631509999999935
21
-55.9923590000000004
0
LINE
8
BLACK
6
CONTINUOUS
10
88.2631509999999935
20
-55.9923590000000004
11
88.2630989999999969
21
-55.9923069999999967
0
LINE
8
BLACK
6
CONTINUOUS
10
88.2630989999999969
20
-55.9923069999999967
11
88.2518409999999989
21
-55.9830869999999976
0
LINE
8
BLACK
6
CONTINUOUS
10
88.2518409999999989
20
-55.9830869999999976
11
88.2477090000000004
21
-55.9769170000000003
0
LINE
8
BLACK
6
CONTINUOUS
10
88.2477090000000004
20
-55.9769170000000003
11
88.2424589999999966
21
-55.9716669999999965
0
LINE
8
BLACK
6
CONTINUOUS
10
88.2424589999999966
20
-55.9716669999999965
11
88.2396459999999934
21
-55.9648769999999942
0
LINE
8
BLACK
6
CONTINUOUS
10
88.2396459999999934
20
-55.9648769999999942
11
88.2355579999999975
21
-55.9587719999999962
0
LINE
8
BLACK
6
CONTINUOUS
10
88.2355579999999975
20
-55.9587719999999962
11
88.2341009999999955
21
-55.9514909999999972
0
LINE
8
BLACK
6
CONTINUOUS
10
88.2341009999999955
20
-55.9514909999999972
11
88.2312599999999918
21
-55.944630999999994
0
LINE
8
BLACK
6
CONTINUOUS
10
88.2312599999999918
20
-55.944630999999994
11
88.2312599999999918
21
-55.9372819999999962
0
LINE
8
BLACK
6
CONTINUOUS
10
88.2312599999999918
20
-55.9372819999999962
11
88.229818999999992
21
-55.9300779999999946
0
LINE
8
BLACK
6
CONTINUOUS
10
88.229818999999992
20
-55.9300779999999946
11
88.2312599999999918
21
-55.9227929999999986
0
LINE
8
BLACK
6
CONTINUOUS
10
88.2312599999999918
20
-55.9227929999999986
11
88.2312599999999918
21
-55.9153669999999963
0
LINE
8
BLACK
6
CONTINUOUS
10
88.2312599999999918
20
-55.9153669999999963
11
88.2340719999999976
21
-55.9085779999999986
0
LINE
8
BLACK
6
CONTINUOUS
10
88.2340719999999976
20
-55.9085779999999986
11
88.2354979999999927
21
-55.90137
0
LINE
8
BLACK
6
CONTINUOUS
10
88.2354979999999927
20
-55.90137
11
88.2396169999999955
21
-55.895190999999997
0
LINE
8
BLACK
6
CONTINUOUS
10
88.2396169999999955
20
-55.895190999999997
11
88.2424589999999966
21
-55.8883310000000009
0
LINE
8
BLACK
6
CONTINUOUS
10
88.2424589999999966
20
-55.8883310000000009
11
88.2476539999999972
21
-55.8831349999999958
0
LINE
8
BLACK
6
CONTINUOUS
10
88.2476539999999972
20
-55.8831349999999958
11
88.2517309999999924
21
-55.8770209999999992
0
LINE
8
BLACK
6
CONTINUOUS
10
88.2517309999999924
20
-55.8770209999999992
11
88.2578999999999922
21
-55.8728890000000007
0
LINE
8
BLACK
6
CONTINUOUS
10
88.2578999999999922
20
-55.8728890000000007
11
88.2631509999999935
21
-55.8676389999999969
0
LINE
8
BLACK
6
CONTINUOUS
10
88.2631509999999935
20
-55.8676389999999969
11
88.2699399999999912
21
-55.8648260000000008
0
LINE
8
BLACK
6
CONTINUOUS
10
88.2699399999999912
20
-55.8648260000000008
11
88.2760459999999938
21
-55.8607379999999978
0
LINE
8
BLACK
6
CONTINUOUS
10
88.2760459999999938
20
-55.8607379999999978
11
88.2833260000000024
21
-55.8592809999999957
0
LINE
8
BLACK
6
CONTINUOUS
10
88.2833260000000024
20
-55.8592809999999957
11
88.2901870000000031
21
-55.8564399999999992
0
LINE
8
BLACK
6
CONTINUOUS
10
88.2901870000000031
20
-55.8564399999999992
11
88.3046629999999908
21
-55.8550139999999971
0
LINE
8
BLACK
6
CONTINUOUS
10
88.3046629999999908
20
-55.8550139999999971
11
88.3047399999999953
21
-55.8549989999999994
0
LINE
8
BLACK
6
CONTINUOUS
10
88.3047399999999953
20
-55.8549989999999994
11
88.3047660000000008
21
-55.855004000000001
0
LINE
8
BLACK
6
CONTINUOUS
10
88.3047660000000008
20
-55.855004000000001
11
88.3048189999999948
21
-55.8549989999999994
0
LINE
8
BLACK
6
CONTINUOUS
10
88.3048189999999948
20
-55.8549989999999994
11
89.229818999999992
21
-55.8549989999999994
0
LINE
8
BLACK
6
CONTINUOUS
10
89.229818999999992
20
-55.8549989999999994
11
89.229818999999992
21
-55.6442849999999964
0
LINE
8
BLACK
6
CONTINUOUS
10
89.229818999999992
20
-55.6442849999999964
11
89.2312599999999918
21
-55.6296529999999976
0
LINE
8
BLACK
6
CONTINUOUS
10
89.2312599999999918
20
-55.6296529999999976
11
89.2424589999999966
21
-55.6026169999999951
0
LINE
8
BLACK
6
CONTINUOUS
10
89.2424589999999966
20
-55.6026169999999951
11
89.2631509999999935
21
-55.5819249999999982
0
LINE
8
BLACK
6
CONTINUOUS
10
89.2631509999999935
20
-55.5819249999999982
11
89.2901869999999889
21
-55.5707260000000005
0
LINE
8
BLACK
6
CONTINUOUS
10
89.2901869999999889
20
-55.5707260000000005
11
89.3194510000000008
21
-55.5707260000000005
0
LINE
8
BLACK
6
CONTINUOUS
10
89.3194510000000008
20
-55.5707260000000005
11
89.3464869999999962
21
-55.5819249999999982
0
LINE
8
BLACK
6
CONTINUOUS
10
94.797938000000002
20
-55.470013999999999
11
94.7999129999999894
21
-55.4698739999999972
0
LINE
8
BLACK
6
CONTINUOUS
10
94.7999129999999894
20
-55.4698739999999972
11
94.8025099999999981
21
-55.4704639999999998
0
LINE
8
BLACK
6
CONTINUOUS
10
94.8025099999999981
20
-55.4704639999999998
11
94.8051650000000024
21
-55.4707259999999991
0
LINE
8
BLACK
6
CONTINUOUS
10
94.8051650000000024
20
-55.4707259999999991
11
94.806995999999998
21
-55.4714839999999967
0
LINE
8
BLACK
6
CONTINUOUS
10
94.806995999999998
20
-55.4714839999999967
11
94.8142500000000013
21
-55.4731339999999946
0
LINE
8
BLACK
6
CONTINUOUS
10
94.8142500000000013
20
-55.4731339999999946
11
94.9571069999999935
21
-55.5207529999999991
0
LINE
8
BLACK
6
CONTINUOUS
10
94.9571069999999935
20
-55.5207529999999991
11
94.9705319999999915
21
-55.5267470000000003
0
LINE
8
BLACK
6
CONTINUOUS
10
94.9705319999999915
20
-55.5267470000000003
11
94.972566999999998
21
-55.5285119999999992
0
LINE
8
BLACK
6
CONTINUOUS
10
94.972566999999998
20
-55.5285119999999992
11
94.97505799999999
21
-55.5295439999999942
0
LINE
8
BLACK
6
CONTINUOUS
10
94.97505799999999
20
-55.5295439999999942
11
94.986423000000002
21
-55.5388710000000003
0
LINE
8
BLACK
6
CONTINUOUS
10
94.986423000000002
20
-55.5388710000000003
11
95.4298189999999948
21
-55.9822659999999956
0
LINE
8
BLACK
6
CONTINUOUS
10
95.4298189999999948
20
-55.9822659999999956
11
95.4298189999999948
21
-55.544284999999995
0
LINE
8
BLACK
6
CONTINUOUS
10
95.4298189999999948
20
-55.544284999999995
11
95.4312599999999946
21
-55.5296529999999962
0
LINE
8
BLACK
6
CONTINUOUS
10
95.4312599999999946
20
-55.5296529999999962
11
95.4424589999999995
21
-55.5026170000000008
0
LINE
8
BLACK
6
CONTINUOUS
10
95.4424589999999995
20
-55.5026170000000008
11
95.4631509999999963
21
-55.4819249999999968
0
LINE
8
BLACK
6
CONTINUOUS
10
95.4631509999999963
20
-55.4819249999999968
11
95.4901869999999917
21
-55.4707259999999991
0
LINE
8
BLACK
6
CONTINUOUS
10
95.4901869999999917
20
-55.4707259999999991
11
95.5194509999999894
21
-55.4707259999999991
0
LINE
8
BLACK
6
CONTINUOUS
10
95.5194509999999894
20
-55.4707259999999991
11
95.5464869999999991
21
-55.4819249999999968
0
LINE
8
BLACK
6
CONTINUOUS
10
95.5464869999999991
20
-55.4819249999999968
11
95.5671789999999959
21
-55.5026170000000008
0
LINE
8
BLACK
6
CONTINUOUS
10
95.5671789999999959
20
-55.5026170000000008
11
95.5783780000000007
21
-55.5296529999999962
0
LINE
8
BLACK
6
CONTINUOUS
10
95.5783780000000007
20
-55.5296529999999962
11
95.5798190000000005
21
-55.544284999999995
0
LINE
8
BLACK
6
CONTINUOUS
10
95.5798190000000005
20
-55.544284999999995
11
95.5798190000000005
21
-56.1633319999999969
0
LINE
8
BLACK
6
CONTINUOUS
10
95.5798190000000005
20
-56.1633319999999969
11
95.5783780000000007
21
-56.1779639999999958
0
LINE
8
BLACK
6
CONTINUOUS
10
95.5783780000000007
20
-56.1779639999999958
11
95.575097999999997
21
-56.1858819999999994
0
LINE
8
BLACK
6
CONTINUOUS
10
95.575097999999997
20
-56.1858819999999994
11
95.5671799999999934
21
-56.2049999999999983
0
LINE
8
BLACK
6
CONTINUOUS
10
95.5671799999999934
20
-56.2049999999999983
11
95.5464869999999991
21
-56.2256919999999951
0
LINE
8
BLACK
6
CONTINUOUS
10
95.5464869999999991
20
-56.2256919999999951
11
95.5194509999999894
21
-56.236891
0
LINE
8
BLACK
6
CONTINUOUS
10
95.5194509999999894
20
-56.236891
11
95.4901879999999892
21
-56.236891
0
LINE
8
BLACK
6
CONTINUOUS
10
95.4901879999999892
20
-56.236891
11
95.4901869999999917
21
-56.236891
0
LINE
8
BLACK
6
CONTINUOUS
10
95.4901869999999917
20
-56.236891
11
95.4822679999999906
21
-56.2336109999999962
0
LINE
8
BLACK
6
CONTINUOUS
10
95.4822679999999906
20
-56.2336109999999962
11
95.4631509999999963
21
-56.2256929999999997
0
LINE
8
BLACK
6
CONTINUOUS
10
95.4631509999999963
20
-56.2256929999999997
11
95.4517859999999985
21
-56.2163649999999961
0
LINE
8
BLACK
6
CONTINUOUS
10
95.4517859999999985
20
-56.2163649999999961
11
94.8928760000000011
21
-55.6574559999999963
0
LINE
8
BLACK
6
CONTINUOUS
10
94.8928760000000011
20
-55.6574559999999963
11
94.7783629999999988
21
-55.6192849999999979
0
LINE
8
BLACK
6
CONTINUOUS
10
94.7783629999999988
20
-55.6192849999999979
11
94.7129999999999939
21
-55.6192849999999979
0
LINE
8
BLACK
6
CONTINUOUS
10
94.7129999999999939
20
-55.6192849999999979
11
94.6444839999999914
21
-55.6535429999999991
0
LINE
8
BLACK
6
CONTINUOUS
10
94.6444839999999914
20
-55.6535429999999991
11
94.6140769999999947
21
-55.6839499999999958
0
LINE
8
BLACK
6
CONTINUOUS
10
94.6140769999999947
20
-55.6839499999999958
11
94.5798190000000005
21
-55.7524659999999983
0
LINE
8
BLACK
6
CONTINUOUS
10
94.5798190000000005
20
-55.7524659999999983
11
94.5798190000000005
21
-55.9551510000000007
0
LINE
8
BLACK
6
CONTINUOUS
10
94.5798190000000005
20
-55.9551510000000007
11
94.6140769999999947
21
-56.0236669999999961
0
LINE
8
BLACK
6
CONTINUOUS
10
94.6140769999999947
20
-56.0236669999999961
11
94.6530899999999917
21
-56.0626800000000003
0
LINE
8
BLACK
6
CONTINUOUS
10
94.6530899999999917
20
-56.0626800000000003
11
94.6624169999999907
21
-56.0740449999999981
0
LINE
8
BLACK
6
CONTINUOUS
10
94.6624169999999907
20
-56.0740449999999981
11
94.6736159999999956
21
-56.1010810000000006
0
LINE
8
BLACK
6
CONTINUOUS
10
94.6736159999999956
20
-56.1010810000000006
11
94.6736159999999956
21
-56.1303440000000009
0
LINE
8
BLACK
6
CONTINUOUS
10
94.6736159999999956
20
-56.1303440000000009
11
94.6624169999999907
21
-56.1573799999999963
0
LINE
8
BLACK
6
CONTINUOUS
10
94.6624169999999907
20
-56.1573799999999963
11
94.6417239999999964
21
-56.1780729999999977
0
LINE
8
BLACK
6
CONTINUOUS
10
94.6417239999999964
20
-56.1780729999999977
11
94.614688000000001
21
-56.1892719999999954
0
LINE
8
BLACK
6
CONTINUOUS
10
94.614688000000001
20
-56.1892719999999954
11
94.5854250000000008
21
-56.1892719999999954
0
LINE
8
BLACK
6
CONTINUOUS
10
94.5854250000000008
20
-56.1892719999999954
11
94.5583889999999911
21
-56.1780729999999977
0
LINE
8
BLACK
6
CONTINUOUS
10
94.5583889999999911
20
-56.1780729999999977
11
94.5470239999999933
21
-56.1687459999999987
0
LINE
8
BLACK
6
CONTINUOUS
10
94.5470239999999933
20
-56.1687459999999987
11
94.4994049999999959
21
-56.1211269999999942
0
LINE
8
BLACK
6
CONTINUOUS
10
94.4994049999999959
20
-56.1211269999999942
11
94.4946860000000015
21
-56.1153769999999952
0
LINE
8
BLACK
6
CONTINUOUS
10
94.4946860000000015
20
-56.1153769999999952
11
94.4931879999999893
21
-56.1140779999999992
0
LINE
8
BLACK
6
CONTINUOUS
10
94.4931879999999893
20
-56.1140779999999992
11
94.4917659999999984
21
-56.1118179999999995
0
LINE
8
BLACK
6
CONTINUOUS
10
94.4917659999999984
20
-56.1118179999999995
11
94.4900779999999969
21
-56.1097619999999964
0
LINE
8
BLACK
6
CONTINUOUS
10
94.4900779999999969
20
-56.1097619999999964
11
94.4893199999999922
21
-56.1079340000000002
0
LINE
8
BLACK
6
CONTINUOUS
10
94.4893199999999922
20
-56.1079340000000002
11
94.4853559999999959
21
-56.1016349999999946
0
LINE
8
BLACK
6
CONTINUOUS
10
94.4853559999999959
20
-56.1016349999999946
11
94.4377369999999985
21
-56.0063969999999998
0
LINE
8
BLACK
6
CONTINUOUS
10
94.4377369999999985
20
-56.0063969999999998
11
94.4324819999999931
21
-55.9926649999999952
0
LINE
8
BLACK
6
CONTINUOUS
10
94.4324819999999931
20
-55.9926649999999952
11
94.4322909999999922
21
-55.9899769999999961
0
LINE
8
BLACK
6
CONTINUOUS
10
94.4322909999999922
20
-55.9899769999999961
11
94.4312599999999946
21
-55.987487999999999
0
LINE
8
BLACK
6
CONTINUOUS
10
94.4312599999999946
20
-55.987487999999999
11
94.4298189999999948
21
-55.9728560000000002
0
LINE
8
BLACK
6
CONTINUOUS
10
94.4298189999999948
20
-55.9728560000000002
11
94.4298189999999948
21
-55.7347609999999989
0
LINE
8
BLACK
6
CONTINUOUS
10
94.4298189999999948
20
-55.7347609999999989
11
94.4312599999999946
21
-55.720129
0
LINE
8
BLACK
6
CONTINUOUS
10
94.4312599999999946
20
-55.720129
11
94.4322909999999922
21
-55.7176389999999984
0
LINE
8
BLACK
6
CONTINUOUS
10
94.4322909999999922
20
-55.7176389999999984
11
94.4324819999999931
21
-55.7149519999999967
0
LINE
8
BLACK
6
CONTINUOUS
10
94.4324819999999931
20
-55.7149519999999967
11
94.4377369999999985
21
-55.7012199999999993
0
LINE
8
BLACK
6
CONTINUOUS
10
94.4377369999999985
20
-55.7012199999999993
11
94.4853559999999959
21
-55.6059819999999974
0
LINE
8
BLACK
6
CONTINUOUS
10
94.4853559999999959
20
-55.6059819999999974
11
94.4893199999999922
21
-55.5996819999999943
0
LINE
8
BLACK
6
CONTINUOUS
10
94.4893199999999922
20
-55.5996819999999943
11
94.4900779999999969
21
-55.5978549999999956
0
LINE
8
BLACK
6
CONTINUOUS
10
94.4900779999999969
20
-55.5978549999999956
11
94.4917659999999984
21
-55.5957979999999949
0
LINE
8
BLACK
6
CONTINUOUS
10
94.4917659999999984
20
-55.5957979999999949
11
94.4931879999999893
21
-55.5935389999999998
0
LINE
8
BLACK
6
CONTINUOUS
10
94.4931879999999893
20
-55.5935389999999998
11
94.4946860000000015
21
-55.5922389999999993
0
LINE
8
BLACK
6
CONTINUOUS
10
94.4946860000000015
20
-55.5922389999999993
11
94.4994049999999959
21
-55.5864899999999977
0
LINE
8
BLACK
6
CONTINUOUS
10
94.4994049999999959
20
-55.5864899999999977
11
94.5470239999999933
21
-55.5388710000000003
0
LINE
8
BLACK
6
CONTINUOUS
10
94.5470239999999933
20
-55.5388710000000003
11
94.552773000000002
21
-55.5341519999999988
0
LINE
8
BLACK
6
CONTINUOUS
10
94.552773000000002
20
-55.5341519999999988
11
94.5540730000000025
21
-55.5326540000000008
0
LINE
8
BLACK
6
CONTINUOUS
10
94.5540730000000025
20
-55.5326540000000008
11
94.5563319999999976
21
-55.5312319999999957
0
LINE
8
BLACK
6
CONTINUOUS
10
94.5563319999999976
20
-55.5312319999999957
11
94.5583889999999911
21
-55.5295439999999942
0
LINE
8
BLACK
6
CONTINUOUS
10
94.5583889999999911
20
-55.5295439999999942
11
94.5602159999999969
21
-55.5287859999999966
0
LINE
8
BLACK
6
CONTINUOUS
10
94.5602159999999969
20
-55.5287859999999966
11
94.5665159999999929
21
-55.5248220000000003
0
LINE
8
BLACK
6
CONTINUOUS
10
94.5665159999999929
20
-55.5248220000000003
11
94.661754000000002
21
-55.4772029999999958
0
LINE
8
BLACK
6
CONTINUOUS
10
94.661754000000002
20
-55.4772029999999958
11
94.6754849999999948
21
-55.4719479999999976
0
LINE
8
BLACK
6
CONTINUOUS
10
94.6754849999999948
20
-55.4719479999999976
11
94.6781739999999985
21
-55.4717559999999992
0
LINE
8
BLACK
6
CONTINUOUS
10
94.6781739999999985
20
-55.4717559999999992
11
94.6806629999999956
21
-55.4707259999999991
0
LINE
8
BLACK
6
CONTINUOUS
10
94.6806629999999956
20
-55.4707259999999991
11
94.6952950000000016
21
-55.4692849999999993
0
LINE
8
BLACK
6
CONTINUOUS
10
94.6952950000000016
20
-55.4692849999999993
11
94.7905329999999964
21
-55.4692849999999993
0
LINE
8
BLACK
6
CONTINUOUS
10
94.7905329999999964
20
-55.4692849999999993
11
94.797938000000002
21
-55.470013999999999
0
LINE
8
BLACK
6
CONTINUOUS
10
75.9551000000000016
20
-47.5913380000000004
11
76.565100000000001
21
-48.0313379999999981
0
LINE
8
BLACK
6
CONTINUOUS
10
76.565100000000001
20
-48.0313379999999981
11
76.5892290000000031
21
-48.070411
0
LINE
8
BLACK
6
CONTINUOUS
10
76.5892290000000031
20
-48.070411
11
76.5786619999999942
21
-48.1150999999999982
0
LINE
8
BLACK
6
CONTINUOUS
10
76.5786619999999942
20
-48.1150999999999982
11
76.565100000000001
21
-48.1286619999999985
0
LINE
8
BLACK
6
CONTINUOUS
10
76.565100000000001
20
-48.1286619999999985
11
75.9551000000000016
21
-48.5686619999999962
0
LINE
8
BLACK
6
CONTINUOUS
10
75.9551000000000016
20
-48.5686619999999962
11
75.9104109999999963
21
-48.579228999999998
0
LINE
8
BLACK
6
CONTINUOUS
10
75.9104109999999963
20
-48.579228999999998
11
75.8713379999999944
21
-48.5550999999999959
0
LINE
8
BLACK
6
CONTINUOUS
10
75.8713379999999944
20
-48.5550999999999959
11
75.8599999999999994
21
-48.519999999999996
0
LINE
8
BLACK
6
CONTINUOUS
10
75.8599999999999994
20
-48.519999999999996
11
75.8599999999999994
21
-47.6400000000000006
0
LINE
8
BLACK
6
CONTINUOUS
10
75.8599999999999994
20
-47.6400000000000006
11
75.8775739999999956
21
-47.5975739999999945
0
LINE
8
BLACK
6
CONTINUOUS
10
75.8775739999999956
20
-47.5975739999999945
11
75.9200000000000017
21
-47.5799999999999983
0
LINE
8
BLACK
6
CONTINUOUS
10
75.9200000000000017
20
-47.5799999999999983
11
75.9551000000000016
21
-47.5913380000000004
0
LINE
8
BLACK
6
CONTINUOUS
10
107.492960999999994
20
-33.614567000000001
11
107.5254329999999925
21
-33.6470389999999995
0
LINE
8
BLACK
6
CONTINUOUS
10
107.5254329999999925
20
-33.6470389999999995
11
107.5300000000000011
21
-33.6700000000000017
0
LINE
8
BLACK
6
CONTINUOUS
10
107.5300000000000011
20
-33.6700000000000017
11
107.5300000000000011
21
-41.1099999999999994
0
LINE
8
BLACK
6
CONTINUOUS
10
107.5300000000000011
20
-41.1099999999999994
11
107.5254329999999925
21
-41.1329610000000017
0
LINE
8
BLACK
6
CONTINUOUS
10
107.5254329999999925
20
-41.1329610000000017
11
107.492960999999994
21
-41.1654330000000002
0
LINE
8
BLACK
6
CONTINUOUS
10
107.492960999999994
20
-41.1654330000000002
11
107.4470389999999895
21
-41.1654330000000002
0
LINE
8
BLACK
6
CONTINUOUS
10
107.4470389999999895
20
-41.1654330000000002
11
107.414566999999991
21
-41.1329610000000017
0
LINE
8
BLACK
6
CONTINUOUS
10
107.414566999999991
20
-41.1329610000000017
11
107.4099999999999966
21
-41.1099999999999994
0
LINE
8
BLACK
6
CONTINUOUS
10
107.4099999999999966
20
-41.1099999999999994
11
107.4099999999999966
21
-33.7299999999999969
0
LINE
8
BLACK
6
CONTINUOUS
10
107.4099999999999966
20
-33.7299999999999969
11
106.9099999999999966
21
-33.7299999999999969
0
LINE
8
BLACK
6
CONTINUOUS
10
106.9099999999999966
20
-33.7299999999999969
11
106.9099999999999966
21
-44.009999999999998
0
LINE
8
BLACK
6
CONTINUOUS
10
106.9099999999999966
20
-44.009999999999998
11
107.4099999999999966
21
-44.009999999999998
0
LINE
8
BLACK
6
CONTINUOUS
10
107.4099999999999966
20
-44.009999999999998
11
107.4099999999999966
21
-41.7100000000000009
0
LINE
8
BLACK
6
CONTINUOUS
10
107.4099999999999966
20
-41.7100000000000009
11
107.414566999999991
21
-41.6870389999999986
0
LINE
8
BLACK
6
CONTINUOUS
10
107.414566999999991
20
-41.6870389999999986
11
107.4470389999999895
21
-41.6545670000000001
0
LINE
8
BLACK
6
CONTINUOUS
10
107.4470389999999895
20
-41.6545670000000001
11
107.492960999999994
21
-41.6545670000000001
0
LINE
8
BLACK
6
CONTINUOUS
10
107.492960999999994
20
-41.6545670000000001
11
107.5254329999999925
21
-41.6870389999999986
0
LINE
8
BLACK
6
CONTINUOUS
10
107.5254329999999925
20
-41.6870389999999986
11
107.5300000000000011
21
-41.7100000000000009
0
LINE
8
BLACK
6
CONTINUOUS
10
107.5300000000000011
20
-41.7100000000000009
11
107.5300000000000011
21
-44.0700000000000003
0
LINE
8
BLACK
6
CONTINUOUS
10
107.5300000000000011
20
-44.0700000000000003
11
107.5254329999999925
21
-44.0929609999999954
0
LINE
8
BLACK
6
CONTINUOUS
10
107.5254329999999925
20
-44.0929609999999954
11
107.492960999999994
21
-44.125433000000001
0
LINE
8
BLACK
6
CONTINUOUS
10
107.492960999999994
20
-44.125433000000001
11
107.4699999999999989
21
-44.1299999999999955
0
LINE
8
BLACK
6
CONTINUOUS
10
107.4699999999999989
20
-44.1299999999999955
11
97.4299999999999926
21
-44.1299999999999955
0
LINE
8
BLACK
6
CONTINUOUS
10
97.4299999999999926
20
-44.1299999999999955
11
97.4070389999999975
21
-44.125433000000001
0
LINE
8
BLACK
6
CONTINUOUS
10
97.4070389999999975
20
-44.125433000000001
11
97.374566999999999
21
-44.0929609999999954
0
LINE
8
BLACK
6
CONTINUOUS
10
97.374566999999999
20
-44.0929609999999954
11
97.3699999999999903
21
-44.0700000000000003
0
LINE
8
BLACK
6
CONTINUOUS
10
97.3699999999999903
20
-44.0700000000000003
11
97.3699999999999903
21
-33.6700000000000017
0
LINE
8
BLACK
6
CONTINUOUS
10
97.3699999999999903
20
-33.6700000000000017
11
97.374566999999999
21
-33.6470389999999995
0
LINE
8
BLACK
6
CONTINUOUS
10
97.374566999999999
20
-33.6470389999999995
11
97.4070389999999975
21
-33.614567000000001
0
LINE
8
BLACK
6
CONTINUOUS
10
97.4070389999999975
20
-33.614567000000001
11
97.4299999999999926
21
-33.6099999999999994
0
LINE
8
BLACK
6
CONTINUOUS
10
97.4299999999999926
20
-33.6099999999999994
11
107.4699999999999989
21
-33.6099999999999994
0
LINE
8
BLACK
6
CONTINUOUS
10
107.4699999999999989
20
-33.6099999999999994
11
107.492960999999994
21
-33.614567000000001
0
LINE
8
BLACK
6
CONTINUOUS
10
97.4899999999999949
20
-33.7299999999999969
11
97.4899999999999949
21
-44.009999999999998
0
LINE
8
BLACK
6
CONTINUOUS
10
97.4899999999999949
20
-44.009999999999998
11
100.3900000000000006
21
-44.009999999999998
0
LINE
8
BLACK
6
CONTINUOUS
10
100.3900000000000006
20
-44.009999999999998
11
100.3900000000000006
21
-33.7299999999999969
0
LINE
8
BLACK
6
CONTINUOUS
10
100.3900000000000006
20
-33.7299999999999969
11
97.4899999999999949
21
-33.7299999999999969
0
LINE
8
BLACK
6
CONTINUOUS
10
100.5099999999999909
20
-33.7299999999999969
11
100.5099999999999909
21
-44.009999999999998
0
LINE
8
BLACK
6
CONTINUOUS
10
100.5099999999999909
20
-44.009999999999998
11
105.289999999999992
21
-44.009999999999998
0
LINE
8
BLACK
6
CONTINUOUS
10
105.289999999999992
20
-44.009999999999998
11
105.289999999999992
21
-33.7299999999999969
0
LINE
8
BLACK
6
CONTINUOUS
10
105.289999999999992
20
-33.7299999999999969
11
100.5099999999999909
21
-33.7299999999999969
0
LINE
8
BLACK
6
CONTINUOUS
10
105.4099999999999966
20
-33.7299999999999969
11
105.4099999999999966
21
-44.009999999999998
0
LINE
8
BLACK
6
CONTINUOUS
10
105.4099999999999966
20
-44.009999999999998
11
106.789999999999992
21
-44.009999999999998
0
LINE
8
BLACK
6
CONTINUOUS
10
106.789999999999992
20
-44.009999999999998
11
106.789999999999992
21
-33.7299999999999969
0
LINE
8
BLACK
6
CONTINUOUS
10
106.789999999999992
20
-33.7299999999999969
11
105.4099999999999966
21
-33.7299999999999969
0
LINE
8
BLACK
6
CONTINUOUS
10
86.5929610000000025
20
-33.5345669999999956
11
86.625433000000001
21
-33.5670390000000012
0
LINE
8
BLACK
6
CONTINUOUS
10
86.625433000000001
20
-33.5670390000000012
11
86.6299999999999955
21
-33.5899999999999963
0
LINE
8
BLACK
6
CONTINUOUS
10
86.6299999999999955
20
-33.5899999999999963
11
86.6299999999999955
21
-43.9899999999999949
0
LINE
8
BLACK
6
CONTINUOUS
10
86.6299999999999955
20
-43.9899999999999949
11
86.625433000000001
21
-44.0129609999999971
0
LINE
8
BLACK
6
CONTINUOUS
10
86.625433000000001
20
-44.0129609999999971
11
86.5929610000000025
21
-44.0454329999999956
0
LINE
8
BLACK
6
CONTINUOUS
10
86.5929610000000025
20
-44.0454329999999956
11
86.5699999999999932
21
-44.0499999999999972
0
LINE
8
BLACK
6
CONTINUOUS
10
86.5699999999999932
20
-44.0499999999999972
11
76.5300000000000011
21
-44.0499999999999972
0
LINE
8
BLACK
6
CONTINUOUS
10
76.5300000000000011
20
-44.0499999999999972
11
76.5070389999999918
21
-44.0454329999999956
0
LINE
8
BLACK
6
CONTINUOUS
10
76.5070389999999918
20
-44.0454329999999956
11
76.4745669999999933
21
-44.0129609999999971
0
LINE
8
BLACK
6
CONTINUOUS
10
76.4745669999999933
20
-44.0129609999999971
11
76.4699999999999989
21
-43.9899999999999949
0
LINE
8
BLACK
6
CONTINUOUS
10
76.4699999999999989
20
-43.9899999999999949
11
76.4699999999999989
21
-36.5499999999999972
0
LINE
8
BLACK
6
CONTINUOUS
10
76.4699999999999989
20
-36.5499999999999972
11
76.4745669999999933
21
-36.5270389999999949
0
LINE
8
BLACK
6
CONTINUOUS
10
76.4745669999999933
20
-36.5270389999999949
11
76.5070389999999918
21
-36.4945669999999964
0
LINE
8
BLACK
6
CONTINUOUS
10
76.5070389999999918
20
-36.4945669999999964
11
76.5529609999999963
21
-36.4945669999999964
0
LINE
8
BLACK
6
CONTINUOUS
10
76.5529609999999963
20
-36.4945669999999964
11
76.5854329999999948
21
-36.5270389999999949
0
LINE
8
BLACK
6
CONTINUOUS
10
76.5854329999999948
20
-36.5270389999999949
11
76.5900000000000034
21
-36.5499999999999972
0
LINE
8
BLACK
6
CONTINUOUS
10
76.5900000000000034
20
-36.5499999999999972
11
76.5900000000000034
21
-43.9299999999999997
0
LINE
8
BLACK
6
CONTINUOUS
10
76.5900000000000034
20
-43.9299999999999997
11
77.0900000000000034
21
-43.9299999999999997
0
LINE
8
BLACK
6
CONTINUOUS
10
77.0900000000000034
20
-43.9299999999999997
11
77.0900000000000034
21
-33.6499999999999986
0
LINE
8
BLACK
6
CONTINUOUS
10
77.0900000000000034
20
-33.6499999999999986
11
76.5900000000000034
21
-33.6499999999999986
0
LINE
8
BLACK
6
CONTINUOUS
10
76.5900000000000034
20
-33.6499999999999986
11
76.5900000000000034
21
-35.9499999999999957
0
LINE
8
BLACK
6
CONTINUOUS
10
76.5900000000000034
20
-35.9499999999999957
11
76.5854329999999948
21
-35.972960999999998
0
LINE
8
BLACK
6
CONTINUOUS
10
76.5854329999999948
20
-35.972960999999998
11
76.5529609999999963
21
-36.0054329999999965
0
LINE
8
BLACK
6
CONTINUOUS
10
76.5529609999999963
20
-36.0054329999999965
11
76.5070389999999918
21
-36.0054329999999965
0
LINE
8
BLACK
6
CONTINUOUS
10
76.5070389999999918
20
-36.0054329999999965
11
76.4745669999999933
21
-35.972960999999998
0
LINE
8
BLACK
6
CONTINUOUS
10
76.4745669999999933
20
-35.972960999999998
11
76.4699999999999989
21
-35.9499999999999957
0
LINE
8
BLACK
6
CONTINUOUS
10
76.4699999999999989
20
-35.9499999999999957
11
76.4699999999999989
21
-33.5899999999999963
0
LINE
8
BLACK
6
CONTINUOUS
10
76.4699999999999989
20
-33.5899999999999963
11
76.4745669999999933
21
-33.5670390000000012
0
LINE
8
BLACK
6
CONTINUOUS
10
76.4745669999999933
20
-33.5670390000000012
11
76.5070389999999918
21
-33.5345669999999956
0
LINE
8
BLACK
6
CONTINUOUS
10
76.5070389999999918
20
-33.5345669999999956
11
76.5300000000000011
21
-33.5300000000000011
0
LINE
8
BLACK
6
CONTINUOUS
10
76.5300000000000011
20
-33.5300000000000011
11
86.5699999999999932
21
-33.5300000000000011
0
LINE
8
BLACK
6
CONTINUOUS
10
86.5699999999999932
20
-33.5300000000000011
11
86.5929610000000025
21
-33.5345669999999956
0
LINE
8
BLACK
6
CONTINUOUS
10
77.2099999999999937
20
-33.6499999999999986
11
77.2099999999999937
21
-43.9299999999999997
0
LINE
8
BLACK
6
CONTINUOUS
10
77.2099999999999937
20
-43.9299999999999997
11
78.5900000000000034
21
-43.9299999999999997
0
LINE
8
BLACK
6
CONTINUOUS
10
78.5900000000000034
20
-43.9299999999999997
11
78.5900000000000034
21
-33.6499999999999986
0
LINE
8
BLACK
6
CONTINUOUS
10
78.5900000000000034
20
-33.6499999999999986
11
77.2099999999999937
21
-33.6499999999999986
0
LINE
8
BLACK
6
CONTINUOUS
10
78.7099999999999937
20
-33.6499999999999986
11
78.7099999999999937
21
-43.9299999999999997
0
LINE
8
BLACK
6
CONTINUOUS
10
78.7099999999999937
20
-43.9299999999999997
11
83.4899999999999949
21
-43.9299999999999997
0
LINE
8
BLACK
6
CONTINUOUS
10
83.4899999999999949
20
-43.9299999999999997
11
83.4899999999999949
21
-33.6499999999999986
0
LINE
8
BLACK
6
CONTINUOUS
10
83.4899999999999949
20
-33.6499999999999986
11
78.7099999999999937
21
-33.6499999999999986
0
LINE
8
BLACK
6
CONTINUOUS
10
83.6099999999999994
20
-33.6499999999999986
11
83.6099999999999994
21
-43.9299999999999997
0
LINE
8
BLACK
6
CONTINUOUS
10
83.6099999999999994
20
-43.9299999999999997
11
86.5099999999999909
21
-43.9299999999999997
0
LINE
8
BLACK
6
CONTINUOUS
10
86.5099999999999909
20
-43.9299999999999997
11
86.5099999999999909
21
-33.6499999999999986
0
LINE
8
BLACK
6
CONTINUOUS
10
86.5099999999999909
20
-33.6499999999999986
11
83.6099999999999994
21
-33.6499999999999986
0
LINE
8
BLACK
6
CONTINUOUS
10
108.1286619999999914
20
-40.934899999999999
11
108.1400000000000006
21
-40.9699999999999989
0
LINE
8
BLACK
6
CONTINUOUS
10
108.1400000000000006
20
-40.9699999999999989
11
108.1400000000000006
21
-41.8500000000000014
0
LINE
8
BLACK
6
CONTINUOUS
10
108.1400000000000006
20
-41.8500000000000014
11
108.1224259999999902
21
-41.8924260000000004
0
LINE
8
BLACK
6
CONTINUOUS
10
108.1224259999999902
20
-41.8924260000000004
11
108.0799999999999983
21
-41.9099999999999966
0
LINE
8
BLACK
6
CONTINUOUS
10
108.0799999999999983
20
-41.9099999999999966
11
108.0448999999999984
21
-41.8986620000000016
0
LINE
8
BLACK
6
CONTINUOUS
10
108.0448999999999984
20
-41.8986620000000016
11
107.434899999999999
21
-41.4586619999999968
0
LINE
8
BLACK
6
CONTINUOUS
10
107.434899999999999
20
-41.4586619999999968
11
107.4107709999999969
21
-41.4195889999999949
0
LINE
8
BLACK
6
CONTINUOUS
10
107.4107709999999969
20
-41.4195889999999949
11
107.4213379999999916
21
-41.3748999999999967
0
LINE
8
BLACK
6
CONTINUOUS
10
107.4213379999999916
20
-41.3748999999999967
11
107.434899999999999
21
-41.3613379999999964
0
LINE
8
BLACK
6
CONTINUOUS
10
107.434899999999999
20
-41.3613379999999964
11
108.0448999999999984
21
-40.9213379999999987
0
LINE
8
BLACK
6
CONTINUOUS
10
108.0448999999999984
20
-40.9213379999999987
11
108.0895889999999895
21
-40.9107709999999969
0
LINE
8
BLACK
6
CONTINUOUS
10
108.0895889999999895
20
-40.9107709999999969
11
108.1286619999999914
21
-40.934899999999999
0
LINE
8
BLACK
6
CONTINUOUS
10
75.9551000000000016
20
-35.761337999999995
11
76.565100000000001
21
-36.2013379999999998
0
LINE
8
BLACK
6
CONTINUOUS
10
76.565100000000001
20
-36.2013379999999998
11
76.5892290000000031
21
-36.2404110000000017
0
LINE
8
BLACK
6
CONTINUOUS
10
76.5892290000000031
20
-36.2404110000000017
11
76.5786619999999942
21
-36.2850999999999999
0
LINE
8
BLACK
6
CONTINUOUS
10
76.5786619999999942
20
-36.2850999999999999
11
76.565100000000001
21
-36.2986620000000002
0
LINE
8
BLACK
6
CONTINUOUS
10
76.565100000000001
20
-36.2986620000000002
11
75.9551000000000016
21
-36.7386619999999979
0
LINE
8
BLACK
6
CONTINUOUS
10
75.9551000000000016
20
-36.7386619999999979
11
75.9104109999999963
21
-36.7492289999999997
0
LINE
8
BLACK
6
CONTINUOUS
10
75.9104109999999963
20
-36.7492289999999997
11
75.8713379999999944
21
-36.7250999999999976
0
LINE
8
BLACK
6
CONTINUOUS
10
75.8713379999999944
20
-36.7250999999999976
11
75.8599999999999994
21
-36.6899999999999977
0
LINE
8
BLACK
6
CONTINUOUS
10
75.8599999999999994
20
-36.6899999999999977
11
75.8599999999999994
21
-35.8099999999999952
0
LINE
8
BLACK
6
CONTINUOUS
10
75.8599999999999994
20
-35.8099999999999952
11
75.8775739999999956
21
-35.7675739999999962
0
LINE
8
BLACK
6
CONTINUOUS
10
75.8775739999999956
20
-35.7675739999999962
11
75.9200000000000017
21
-35.75
0
LINE
8
BLACK
6
CONTINUOUS
10
75.9200000000000017
20
-35.75
11
75.9551000000000016
21
-35.761337999999995
  0
ENDSEC
  0
EOF
