  0
SECTION
  2
HEADER
  9
$ANGBASE
  50
0.0
  9
$ANGDIR
  70
1
  9
$MEASUREMENT
  70
1
  9
$INSUNITS
  70
4
  0
ENDSEC
  0
SECTION
  2
TABLES
  0
TABLE
  2
LTYPE
  70
4
  0
LTYPE
  5
40F
  2
CONTINUOUS
  70
0
  3
Solid line
  72
65
  73
0
  40
0.0
  0
LTYPE
  5
410
  2
DASHDOT
 70
0
  3
Dash Dot ____ _ ____ _
 72
65
 73
4
 40
2.0
 49
1.25
 49
-0.25
 49
0.25
 49
-0.25
  0
LTYPE
  5
411
  2
DASHED
 70
0
  3
Dashed __ __ __ __ __
 72
65
 73
2
 40
0.75
 49
0.5
 49
-0.25
  0
LTYPE
  5
43B
  2
DOTTED
 70
0
  3
Dotted .  .  .  .
 72
65
 73
2
 40
0.2
 49
0.0
 49
-0.2
  0
ENDTAB
  0
TABLE
  2
STYLE
  70
4
  0
STYLE
  2
KICAD
  70
0
  40
0
  41
1
  42
1
  50
0
  71
0
  3
isocp.shx
  0
STYLE
  2
KICADB
  70
0
  40
0
  41
1
  42
1
  50
0
  71
0
  3
isocp.shx
  0
STYLE
  2
KICADI
  70
0
  40
0
  41
1
  42
1
  50
15
  71
0
  3
isocp.shx
  0
STYLE
  2
KICADBI
  70
0
  40
0
  41
1
  42
1
  50
15
  71
0
  3
isocp.shx
  0
ENDTAB
  0
TABLE
  2
LAYER
  70
1
  0
LAYER
  2
BLACK
  70
0
  62
7
  6
CONTINUOUS
  0
ENDTAB
  0
ENDSEC
  0
SECTION
  2
ENTITIES
0
LINE
8
BLACK
6
CONTINUOUS
10
92.9822279999999921
20
-100.7944479999999885
11
93.1271169999999984
21
-100.8544629999999955
0
LINE
8
BLACK
6
CONTINUOUS
10
93.1271169999999984
20
-100.8544629999999955
11
93.2575149999999979
21
-100.941592
0
LINE
8
BLACK
6
CONTINUOUS
10
93.2575149999999979
20
-100.941592
11
93.3684080000000023
21
-101.0524849999999901
0
LINE
8
BLACK
6
CONTINUOUS
10
93.3684080000000023
20
-101.0524849999999901
11
93.4555369999999925
21
-101.1828829999999897
0
LINE
8
BLACK
6
CONTINUOUS
10
93.4555369999999925
20
-101.1828829999999897
11
93.5155519999999996
21
-101.327771999999996
0
LINE
8
BLACK
6
CONTINUOUS
10
93.5155519999999996
20
-101.327771999999996
11
93.5461480000000023
21
-101.481585999999993
0
LINE
8
BLACK
6
CONTINUOUS
10
93.5461480000000023
20
-101.481585999999993
11
93.5461480000000023
21
-101.6384139999999974
0
LINE
8
BLACK
6
CONTINUOUS
10
93.5461480000000023
20
-101.6384139999999974
11
93.5155519999999996
21
-101.7922279999999944
0
LINE
8
BLACK
6
CONTINUOUS
10
93.5155519999999996
20
-101.7922279999999944
11
93.4555369999999925
21
-101.9371170000000006
0
LINE
8
BLACK
6
CONTINUOUS
10
93.4555369999999925
20
-101.9371170000000006
11
93.3684080000000023
21
-102.0675150000000002
0
LINE
8
BLACK
6
CONTINUOUS
10
93.3684080000000023
20
-102.0675150000000002
11
93.2575149999999979
21
-102.1784079999999904
0
LINE
8
BLACK
6
CONTINUOUS
10
93.2575149999999979
20
-102.1784079999999904
11
93.1271169999999984
21
-102.2655369999999948
0
LINE
8
BLACK
6
CONTINUOUS
10
93.1271169999999984
20
-102.2655369999999948
11
92.9822279999999921
21
-102.3255520000000018
0
LINE
8
BLACK
6
CONTINUOUS
10
92.9822279999999921
20
-102.3255520000000018
11
92.8284139999999951
21
-102.3561479999999904
0
LINE
8
BLACK
6
CONTINUOUS
10
92.8284139999999951
20
-102.3561479999999904
11
92.6715859999999907
21
-102.3561479999999904
0
LINE
8
BLACK
6
CONTINUOUS
10
92.6715859999999907
20
-102.3561479999999904
11
92.5177719999999937
21
-102.3255520000000018
0
LINE
8
BLACK
6
CONTINUOUS
10
92.5177719999999937
20
-102.3255520000000018
11
92.3728830000000016
21
-102.2655369999999948
0
LINE
8
BLACK
6
CONTINUOUS
10
92.3728830000000016
20
-102.2655369999999948
11
92.2424850000000021
21
-102.1784079999999904
0
LINE
8
BLACK
6
CONTINUOUS
10
92.2424850000000021
20
-102.1784079999999904
11
92.1315919999999977
21
-102.0675150000000002
0
LINE
8
BLACK
6
CONTINUOUS
10
92.1315919999999977
20
-102.0675150000000002
11
92.0444629999999933
21
-101.9371170000000006
0
LINE
8
BLACK
6
CONTINUOUS
10
92.0444629999999933
20
-101.9371170000000006
11
91.9844480000000004
21
-101.7922279999999944
0
LINE
8
BLACK
6
CONTINUOUS
10
91.9844480000000004
20
-101.7922279999999944
11
91.9538519999999977
21
-101.6384139999999974
0
LINE
8
BLACK
6
CONTINUOUS
10
91.9538519999999977
20
-101.6384139999999974
11
91.9538519999999977
21
-101.481585999999993
0
LINE
8
BLACK
6
CONTINUOUS
10
91.9538519999999977
20
-101.481585999999993
11
91.9844480000000004
21
-101.327771999999996
0
LINE
8
BLACK
6
CONTINUOUS
10
91.9844480000000004
20
-101.327771999999996
11
92.0444629999999933
21
-101.1828829999999897
0
LINE
8
BLACK
6
CONTINUOUS
10
92.0444629999999933
20
-101.1828829999999897
11
92.1315919999999977
21
-101.0524849999999901
0
LINE
8
BLACK
6
CONTINUOUS
10
92.1315919999999977
20
-101.0524849999999901
11
92.2424850000000021
21
-100.941592
0
LINE
8
BLACK
6
CONTINUOUS
10
92.2424850000000021
20
-100.941592
11
92.3728830000000016
21
-100.8544629999999955
0
LINE
8
BLACK
6
CONTINUOUS
10
92.3728830000000016
20
-100.8544629999999955
11
92.5177719999999937
21
-100.7944479999999885
0
LINE
8
BLACK
6
CONTINUOUS
10
92.5177719999999937
20
-100.7944479999999885
11
92.6715859999999907
21
-100.763852
0
LINE
8
BLACK
6
CONTINUOUS
10
92.6715859999999907
20
-100.763852
11
92.8284139999999951
21
-100.763852
0
LINE
8
BLACK
6
CONTINUOUS
10
92.8284139999999951
20
-100.763852
11
92.9822279999999921
21
-100.7944479999999885
0
LINE
8
BLACK
6
CONTINUOUS
10
98.6822279999999949
20
-100.7944479999999885
11
98.8271170000000012
21
-100.8544629999999955
0
LINE
8
BLACK
6
CONTINUOUS
10
98.8271170000000012
20
-100.8544629999999955
11
98.9575150000000008
21
-100.941592
0
LINE
8
BLACK
6
CONTINUOUS
10
98.9575150000000008
20
-100.941592
11
99.0684079999999909
21
-101.0524849999999901
0
LINE
8
BLACK
6
CONTINUOUS
10
99.0684079999999909
20
-101.0524849999999901
11
99.1555369999999954
21
-101.1828829999999897
0
LINE
8
BLACK
6
CONTINUOUS
10
99.1555369999999954
20
-101.1828829999999897
11
99.2155520000000024
21
-101.327771999999996
0
LINE
8
BLACK
6
CONTINUOUS
10
99.2155520000000024
20
-101.327771999999996
11
99.2461479999999909
21
-101.481585999999993
0
LINE
8
BLACK
6
CONTINUOUS
10
99.2461479999999909
20
-101.481585999999993
11
99.2461479999999909
21
-101.6384139999999974
0
LINE
8
BLACK
6
CONTINUOUS
10
99.2461479999999909
20
-101.6384139999999974
11
99.2155520000000024
21
-101.7922279999999944
0
LINE
8
BLACK
6
CONTINUOUS
10
99.2155520000000024
20
-101.7922279999999944
11
99.1555369999999954
21
-101.9371170000000006
0
LINE
8
BLACK
6
CONTINUOUS
10
99.1555369999999954
20
-101.9371170000000006
11
99.0684079999999909
21
-102.0675150000000002
0
LINE
8
BLACK
6
CONTINUOUS
10
99.0684079999999909
20
-102.0675150000000002
11
98.9575150000000008
21
-102.1784079999999904
0
LINE
8
BLACK
6
CONTINUOUS
10
98.9575150000000008
20
-102.1784079999999904
11
98.8271170000000012
21
-102.2655369999999948
0
LINE
8
BLACK
6
CONTINUOUS
10
98.8271170000000012
20
-102.2655369999999948
11
98.6822279999999949
21
-102.3255520000000018
0
LINE
8
BLACK
6
CONTINUOUS
10
98.6822279999999949
20
-102.3255520000000018
11
98.5284139999999979
21
-102.3561479999999904
0
LINE
8
BLACK
6
CONTINUOUS
10
98.5284139999999979
20
-102.3561479999999904
11
98.3715859999999935
21
-102.3561479999999904
0
LINE
8
BLACK
6
CONTINUOUS
10
98.3715859999999935
20
-102.3561479999999904
11
98.2177719999999965
21
-102.3255520000000018
0
LINE
8
BLACK
6
CONTINUOUS
10
98.2177719999999965
20
-102.3255520000000018
11
98.0728829999999903
21
-102.2655369999999948
0
LINE
8
BLACK
6
CONTINUOUS
10
98.0728829999999903
20
-102.2655369999999948
11
97.9424849999999907
21
-102.1784079999999904
0
LINE
8
BLACK
6
CONTINUOUS
10
97.9424849999999907
20
-102.1784079999999904
11
97.8315920000000006
21
-102.0675150000000002
0
LINE
8
BLACK
6
CONTINUOUS
10
97.8315920000000006
20
-102.0675150000000002
11
97.7444629999999961
21
-101.9371170000000006
0
LINE
8
BLACK
6
CONTINUOUS
10
97.7444629999999961
20
-101.9371170000000006
11
97.6844479999999891
21
-101.7922279999999944
0
LINE
8
BLACK
6
CONTINUOUS
10
97.6844479999999891
20
-101.7922279999999944
11
97.6538520000000005
21
-101.6384139999999974
0
LINE
8
BLACK
6
CONTINUOUS
10
97.6538520000000005
20
-101.6384139999999974
11
97.6538520000000005
21
-101.481585999999993
0
LINE
8
BLACK
6
CONTINUOUS
10
97.6538520000000005
20
-101.481585999999993
11
97.6844479999999891
21
-101.327771999999996
0
LINE
8
BLACK
6
CONTINUOUS
10
97.6844479999999891
20
-101.327771999999996
11
97.7444629999999961
21
-101.1828829999999897
0
LINE
8
BLACK
6
CONTINUOUS
10
97.7444629999999961
20
-101.1828829999999897
11
97.8315920000000006
21
-101.0524849999999901
0
LINE
8
BLACK
6
CONTINUOUS
10
97.8315920000000006
20
-101.0524849999999901
11
97.9424849999999907
21
-100.941592
0
LINE
8
BLACK
6
CONTINUOUS
10
97.9424849999999907
20
-100.941592
11
98.0728829999999903
21
-100.8544629999999955
0
LINE
8
BLACK
6
CONTINUOUS
10
98.0728829999999903
20
-100.8544629999999955
11
98.2177719999999965
21
-100.7944479999999885
0
LINE
8
BLACK
6
CONTINUOUS
10
98.2177719999999965
20
-100.7944479999999885
11
98.3715859999999935
21
-100.763852
0
LINE
8
BLACK
6
CONTINUOUS
10
98.3715859999999935
20
-100.763852
11
98.5284139999999979
21
-100.763852
0
LINE
8
BLACK
6
CONTINUOUS
10
98.5284139999999979
20
-100.763852
11
98.6822279999999949
21
-100.7944479999999885
0
LINE
8
BLACK
6
CONTINUOUS
10
74.0235129999999941
20
-99.154207999999997
11
74.2622929999999997
21
-99.2317929999999961
0
LINE
8
BLACK
6
CONTINUOUS
10
74.2622929999999997
20
-99.2317929999999961
11
74.485997999999995
21
-99.3457760000000007
0
LINE
8
BLACK
6
CONTINUOUS
10
74.485997999999995
20
-99.3457760000000007
11
74.689116999999996
21
-99.4933499999999924
0
LINE
8
BLACK
6
CONTINUOUS
10
74.689116999999996
20
-99.4933499999999924
11
74.8666499999999928
21
-99.6708829999999892
0
LINE
8
BLACK
6
CONTINUOUS
10
74.8666499999999928
20
-99.6708829999999892
11
75.0142239999999987
21
-99.8740019999999902
0
LINE
8
BLACK
6
CONTINUOUS
10
75.0142239999999987
20
-99.8740019999999902
11
75.1282070000000033
21
-100.0977069999999998
0
LINE
8
BLACK
6
CONTINUOUS
10
75.1282070000000033
20
-100.0977069999999998
11
75.2057920000000024
21
-100.3364869999999911
0
LINE
8
BLACK
6
CONTINUOUS
10
75.2057920000000024
20
-100.3364869999999911
11
75.2450680000000034
21
-100.5844649999999945
0
LINE
8
BLACK
6
CONTINUOUS
10
75.2450680000000034
20
-100.5844649999999945
11
75.2450680000000034
21
-100.835534999999993
0
LINE
8
BLACK
6
CONTINUOUS
10
75.2450680000000034
20
-100.835534999999993
11
75.2057920000000024
21
-101.0835129999999964
0
LINE
8
BLACK
6
CONTINUOUS
10
75.2057920000000024
20
-101.0835129999999964
11
75.1282070000000033
21
-101.3222930000000019
0
LINE
8
BLACK
6
CONTINUOUS
10
75.1282070000000033
20
-101.3222930000000019
11
75.0142239999999987
21
-101.5459979999999973
0
LINE
8
BLACK
6
CONTINUOUS
10
75.0142239999999987
20
-101.5459979999999973
11
74.8666499999999928
21
-101.7491169999999983
0
LINE
8
BLACK
6
CONTINUOUS
10
74.8666499999999928
20
-101.7491169999999983
11
74.689116999999996
21
-101.9266499999999951
0
LINE
8
BLACK
6
CONTINUOUS
10
74.689116999999996
20
-101.9266499999999951
11
74.485997999999995
21
-102.074224000000001
0
LINE
8
BLACK
6
CONTINUOUS
10
74.485997999999995
20
-102.074224000000001
11
74.2622929999999997
21
-102.1882069999999914
0
LINE
8
BLACK
6
CONTINUOUS
10
74.2622929999999997
20
-102.1882069999999914
11
74.0235129999999941
21
-102.2657919999999905
0
LINE
8
BLACK
6
CONTINUOUS
10
74.0235129999999941
20
-102.2657919999999905
11
73.7755349999999908
21
-102.3050679999999915
0
LINE
8
BLACK
6
CONTINUOUS
10
73.7755349999999908
20
-102.3050679999999915
11
73.5244649999999922
21
-102.3050679999999915
0
LINE
8
BLACK
6
CONTINUOUS
10
73.5244649999999922
20
-102.3050679999999915
11
73.276487000000003
21
-102.2657919999999905
0
LINE
8
BLACK
6
CONTINUOUS
10
73.276487000000003
20
-102.2657919999999905
11
73.0377069999999975
21
-102.1882069999999914
0
LINE
8
BLACK
6
CONTINUOUS
10
73.0377069999999975
20
-102.1882069999999914
11
72.8140020000000021
21
-102.074224000000001
0
LINE
8
BLACK
6
CONTINUOUS
10
72.8140020000000021
20
-102.074224000000001
11
72.6108830000000012
21
-101.9266499999999951
0
LINE
8
BLACK
6
CONTINUOUS
10
72.6108830000000012
20
-101.9266499999999951
11
72.4333499999999901
21
-101.7491169999999983
0
LINE
8
BLACK
6
CONTINUOUS
10
72.4333499999999901
20
-101.7491169999999983
11
72.2857759999999985
21
-101.5459979999999973
0
LINE
8
BLACK
6
CONTINUOUS
10
72.2857759999999985
20
-101.5459979999999973
11
72.1717929999999939
21
-101.3222930000000019
0
LINE
8
BLACK
6
CONTINUOUS
10
72.1717929999999939
20
-101.3222930000000019
11
72.0942079999999947
21
-101.0835129999999964
0
LINE
8
BLACK
6
CONTINUOUS
10
72.0942079999999947
20
-101.0835129999999964
11
72.0549319999999938
21
-100.835534999999993
0
LINE
8
BLACK
6
CONTINUOUS
10
72.0549319999999938
20
-100.835534999999993
11
72.0549319999999938
21
-100.5844649999999945
0
LINE
8
BLACK
6
CONTINUOUS
10
72.0549319999999938
20
-100.5844649999999945
11
72.0942079999999947
21
-100.3364869999999911
0
LINE
8
BLACK
6
CONTINUOUS
10
72.0942079999999947
20
-100.3364869999999911
11
72.1717929999999939
21
-100.0977069999999998
0
LINE
8
BLACK
6
CONTINUOUS
10
72.1717929999999939
20
-100.0977069999999998
11
72.2857759999999985
21
-99.8740019999999902
0
LINE
8
BLACK
6
CONTINUOUS
10
72.2857759999999985
20
-99.8740019999999902
11
72.4333499999999901
21
-99.6708829999999892
0
LINE
8
BLACK
6
CONTINUOUS
10
72.4333499999999901
20
-99.6708829999999892
11
72.6108830000000012
21
-99.4933499999999924
0
LINE
8
BLACK
6
CONTINUOUS
10
72.6108830000000012
20
-99.4933499999999924
11
72.8140020000000021
21
-99.3457760000000007
0
LINE
8
BLACK
6
CONTINUOUS
10
72.8140020000000021
20
-99.3457760000000007
11
73.0377069999999975
21
-99.2317929999999961
0
LINE
8
BLACK
6
CONTINUOUS
10
73.0377069999999975
20
-99.2317929999999961
11
73.276487000000003
21
-99.154207999999997
0
LINE
8
BLACK
6
CONTINUOUS
10
73.276487000000003
20
-99.154207999999997
11
73.5244649999999922
21
-99.114931999999996
0
LINE
8
BLACK
6
CONTINUOUS
10
73.5244649999999922
20
-99.114931999999996
11
73.7755349999999908
21
-99.114931999999996
0
LINE
8
BLACK
6
CONTINUOUS
10
73.7755349999999908
20
-99.114931999999996
11
74.0235129999999941
21
-99.154207999999997
0
LINE
8
BLACK
6
CONTINUOUS
10
110.4235129999999998
20
-99.154207999999997
11
110.6622929999999911
21
-99.2317929999999961
0
LINE
8
BLACK
6
CONTINUOUS
10
110.6622929999999911
20
-99.2317929999999961
11
110.8859980000000007
21
-99.3457760000000007
0
LINE
8
BLACK
6
CONTINUOUS
10
110.8859980000000007
20
-99.3457760000000007
11
111.0891170000000017
21
-99.4933499999999924
0
LINE
8
BLACK
6
CONTINUOUS
10
111.0891170000000017
20
-99.4933499999999924
11
111.2666499999999985
21
-99.6708829999999892
0
LINE
8
BLACK
6
CONTINUOUS
10
111.2666499999999985
20
-99.6708829999999892
11
111.4142239999999902
21
-99.8740019999999902
0
LINE
8
BLACK
6
CONTINUOUS
10
111.4142239999999902
20
-99.8740019999999902
11
111.5282069999999948
21
-100.0977069999999998
0
LINE
8
BLACK
6
CONTINUOUS
10
111.5282069999999948
20
-100.0977069999999998
11
111.6057919999999939
21
-100.3364869999999911
0
LINE
8
BLACK
6
CONTINUOUS
10
111.6057919999999939
20
-100.3364869999999911
11
111.6450679999999949
21
-100.5844649999999945
0
LINE
8
BLACK
6
CONTINUOUS
10
111.6450679999999949
20
-100.5844649999999945
11
111.6450679999999949
21
-100.835534999999993
0
LINE
8
BLACK
6
CONTINUOUS
10
111.6450679999999949
20
-100.835534999999993
11
111.6057919999999939
21
-101.0835129999999964
0
LINE
8
BLACK
6
CONTINUOUS
10
111.6057919999999939
20
-101.0835129999999964
11
111.5282069999999948
21
-101.3222930000000019
0
LINE
8
BLACK
6
CONTINUOUS
10
111.5282069999999948
20
-101.3222930000000019
11
111.4142239999999902
21
-101.5459979999999973
0
LINE
8
BLACK
6
CONTINUOUS
10
111.4142239999999902
20
-101.5459979999999973
11
111.2666499999999985
21
-101.7491169999999983
0
LINE
8
BLACK
6
CONTINUOUS
10
111.2666499999999985
20
-101.7491169999999983
11
111.0891170000000017
21
-101.9266499999999951
0
LINE
8
BLACK
6
CONTINUOUS
10
111.0891170000000017
20
-101.9266499999999951
11
110.8859980000000007
21
-102.074224000000001
0
LINE
8
BLACK
6
CONTINUOUS
10
110.8859980000000007
20
-102.074224000000001
11
110.6622929999999911
21
-102.1882069999999914
0
LINE
8
BLACK
6
CONTINUOUS
10
110.6622929999999911
20
-102.1882069999999914
11
110.4235129999999998
21
-102.2657919999999905
0
LINE
8
BLACK
6
CONTINUOUS
10
110.4235129999999998
20
-102.2657919999999905
11
110.1755349999999964
21
-102.3050679999999915
0
LINE
8
BLACK
6
CONTINUOUS
10
110.1755349999999964
20
-102.3050679999999915
11
109.9244649999999979
21
-102.3050679999999915
0
LINE
8
BLACK
6
CONTINUOUS
10
109.9244649999999979
20
-102.3050679999999915
11
109.6764869999999945
21
-102.2657919999999905
0
LINE
8
BLACK
6
CONTINUOUS
10
109.6764869999999945
20
-102.2657919999999905
11
109.437706999999989
21
-102.1882069999999914
0
LINE
8
BLACK
6
CONTINUOUS
10
109.437706999999989
20
-102.1882069999999914
11
109.2140019999999936
21
-102.074224000000001
0
LINE
8
BLACK
6
CONTINUOUS
10
109.2140019999999936
20
-102.074224000000001
11
109.0108829999999926
21
-101.9266499999999951
0
LINE
8
BLACK
6
CONTINUOUS
10
109.0108829999999926
20
-101.9266499999999951
11
108.8333499999999958
21
-101.7491169999999983
0
LINE
8
BLACK
6
CONTINUOUS
10
108.8333499999999958
20
-101.7491169999999983
11
108.6857759999999899
21
-101.5459979999999973
0
LINE
8
BLACK
6
CONTINUOUS
10
108.6857759999999899
20
-101.5459979999999973
11
108.5717929999999996
21
-101.3222930000000019
0
LINE
8
BLACK
6
CONTINUOUS
10
108.5717929999999996
20
-101.3222930000000019
11
108.4942080000000004
21
-101.0835129999999964
0
LINE
8
BLACK
6
CONTINUOUS
10
108.4942080000000004
20
-101.0835129999999964
11
108.4549319999999994
21
-100.835534999999993
0
LINE
8
BLACK
6
CONTINUOUS
10
108.4549319999999994
20
-100.835534999999993
11
108.4549319999999994
21
-100.5844649999999945
0
LINE
8
BLACK
6
CONTINUOUS
10
108.4549319999999994
20
-100.5844649999999945
11
108.4942080000000004
21
-100.3364869999999911
0
LINE
8
BLACK
6
CONTINUOUS
10
108.4942080000000004
20
-100.3364869999999911
11
108.5717929999999996
21
-100.0977069999999998
0
LINE
8
BLACK
6
CONTINUOUS
10
108.5717929999999996
20
-100.0977069999999998
11
108.6857759999999899
21
-99.8740019999999902
0
LINE
8
BLACK
6
CONTINUOUS
10
108.6857759999999899
20
-99.8740019999999902
11
108.8333499999999958
21
-99.6708829999999892
0
LINE
8
BLACK
6
CONTINUOUS
10
108.8333499999999958
20
-99.6708829999999892
11
109.0108829999999926
21
-99.4933499999999924
0
LINE
8
BLACK
6
CONTINUOUS
10
109.0108829999999926
20
-99.4933499999999924
11
109.2140019999999936
21
-99.3457760000000007
0
LINE
8
BLACK
6
CONTINUOUS
10
109.2140019999999936
20
-99.3457760000000007
11
109.437706999999989
21
-99.2317929999999961
0
LINE
8
BLACK
6
CONTINUOUS
10
109.437706999999989
20
-99.2317929999999961
11
109.6764869999999945
21
-99.154207999999997
0
LINE
8
BLACK
6
CONTINUOUS
10
109.6764869999999945
20
-99.154207999999997
11
109.9244649999999979
21
-99.114931999999996
0
LINE
8
BLACK
6
CONTINUOUS
10
109.9244649999999979
20
-99.114931999999996
11
110.1755349999999964
21
-99.114931999999996
0
LINE
8
BLACK
6
CONTINUOUS
10
110.1755349999999964
20
-99.114931999999996
11
110.4235129999999998
21
-99.154207999999997
0
LINE
8
BLACK
6
CONTINUOUS
10
92.9822279999999921
20
-98.2944479999999885
11
93.1271169999999984
21
-98.3544629999999955
0
LINE
8
BLACK
6
CONTINUOUS
10
93.1271169999999984
20
-98.3544629999999955
11
93.2575149999999979
21
-98.441592
0
LINE
8
BLACK
6
CONTINUOUS
10
93.2575149999999979
20
-98.441592
11
93.3684080000000023
21
-98.5524849999999901
0
LINE
8
BLACK
6
CONTINUOUS
10
93.3684080000000023
20
-98.5524849999999901
11
93.4555369999999925
21
-98.6828829999999897
0
LINE
8
BLACK
6
CONTINUOUS
10
93.4555369999999925
20
-98.6828829999999897
11
93.5155519999999996
21
-98.827771999999996
0
LINE
8
BLACK
6
CONTINUOUS
10
93.5155519999999996
20
-98.827771999999996
11
93.5461480000000023
21
-98.981585999999993
0
LINE
8
BLACK
6
CONTINUOUS
10
93.5461480000000023
20
-98.981585999999993
11
93.5461480000000023
21
-99.1384139999999974
0
LINE
8
BLACK
6
CONTINUOUS
10
93.5461480000000023
20
-99.1384139999999974
11
93.5155519999999996
21
-99.2922279999999944
0
LINE
8
BLACK
6
CONTINUOUS
10
93.5155519999999996
20
-99.2922279999999944
11
93.4555369999999925
21
-99.4371170000000006
0
LINE
8
BLACK
6
CONTINUOUS
10
93.4555369999999925
20
-99.4371170000000006
11
93.3684080000000023
21
-99.5675150000000002
0
LINE
8
BLACK
6
CONTINUOUS
10
93.3684080000000023
20
-99.5675150000000002
11
93.2575149999999979
21
-99.6784079999999904
0
LINE
8
BLACK
6
CONTINUOUS
10
93.2575149999999979
20
-99.6784079999999904
11
93.1271169999999984
21
-99.7655369999999948
0
LINE
8
BLACK
6
CONTINUOUS
10
93.1271169999999984
20
-99.7655369999999948
11
92.9822279999999921
21
-99.8255520000000018
0
LINE
8
BLACK
6
CONTINUOUS
10
92.9822279999999921
20
-99.8255520000000018
11
92.8284139999999951
21
-99.8561479999999904
0
LINE
8
BLACK
6
CONTINUOUS
10
92.8284139999999951
20
-99.8561479999999904
11
92.6715859999999907
21
-99.8561479999999904
0
LINE
8
BLACK
6
CONTINUOUS
10
92.6715859999999907
20
-99.8561479999999904
11
92.5177719999999937
21
-99.8255520000000018
0
LINE
8
BLACK
6
CONTINUOUS
10
92.5177719999999937
20
-99.8255520000000018
11
92.3728830000000016
21
-99.7655369999999948
0
LINE
8
BLACK
6
CONTINUOUS
10
92.3728830000000016
20
-99.7655369999999948
11
92.2424850000000021
21
-99.6784079999999904
0
LINE
8
BLACK
6
CONTINUOUS
10
92.2424850000000021
20
-99.6784079999999904
11
92.1315919999999977
21
-99.5675150000000002
0
LINE
8
BLACK
6
CONTINUOUS
10
92.1315919999999977
20
-99.5675150000000002
11
92.0444629999999933
21
-99.4371170000000006
0
LINE
8
BLACK
6
CONTINUOUS
10
92.0444629999999933
20
-99.4371170000000006
11
91.9844480000000004
21
-99.2922279999999944
0
LINE
8
BLACK
6
CONTINUOUS
10
91.9844480000000004
20
-99.2922279999999944
11
91.9538519999999977
21
-99.1384139999999974
0
LINE
8
BLACK
6
CONTINUOUS
10
91.9538519999999977
20
-99.1384139999999974
11
91.9538519999999977
21
-98.981585999999993
0
LINE
8
BLACK
6
CONTINUOUS
10
91.9538519999999977
20
-98.981585999999993
11
91.9844480000000004
21
-98.827771999999996
0
LINE
8
BLACK
6
CONTINUOUS
10
91.9844480000000004
20
-98.827771999999996
11
92.0444629999999933
21
-98.6828829999999897
0
LINE
8
BLACK
6
CONTINUOUS
10
92.0444629999999933
20
-98.6828829999999897
11
92.1315919999999977
21
-98.5524849999999901
0
LINE
8
BLACK
6
CONTINUOUS
10
92.1315919999999977
20
-98.5524849999999901
11
92.2424850000000021
21
-98.441592
0
LINE
8
BLACK
6
CONTINUOUS
10
92.2424850000000021
20
-98.441592
11
92.3728830000000016
21
-98.3544629999999955
0
LINE
8
BLACK
6
CONTINUOUS
10
92.3728830000000016
20
-98.3544629999999955
11
92.5177719999999937
21
-98.2944479999999885
0
LINE
8
BLACK
6
CONTINUOUS
10
92.5177719999999937
20
-98.2944479999999885
11
92.6715859999999907
21
-98.263852
0
LINE
8
BLACK
6
CONTINUOUS
10
92.6715859999999907
20
-98.263852
11
92.8284139999999951
21
-98.263852
0
LINE
8
BLACK
6
CONTINUOUS
10
92.8284139999999951
20
-98.263852
11
92.9822279999999921
21
-98.2944479999999885
0
LINE
8
BLACK
6
CONTINUOUS
10
98.6822279999999949
20
-98.2944479999999885
11
98.8271170000000012
21
-98.3544629999999955
0
LINE
8
BLACK
6
CONTINUOUS
10
98.8271170000000012
20
-98.3544629999999955
11
98.9575150000000008
21
-98.441592
0
LINE
8
BLACK
6
CONTINUOUS
10
98.9575150000000008
20
-98.441592
11
99.0684079999999909
21
-98.5524849999999901
0
LINE
8
BLACK
6
CONTINUOUS
10
99.0684079999999909
20
-98.5524849999999901
11
99.1555369999999954
21
-98.6828829999999897
0
LINE
8
BLACK
6
CONTINUOUS
10
99.1555369999999954
20
-98.6828829999999897
11
99.2155520000000024
21
-98.827771999999996
0
LINE
8
BLACK
6
CONTINUOUS
10
99.2155520000000024
20
-98.827771999999996
11
99.2461479999999909
21
-98.981585999999993
0
LINE
8
BLACK
6
CONTINUOUS
10
99.2461479999999909
20
-98.981585999999993
11
99.2461479999999909
21
-99.1384139999999974
0
LINE
8
BLACK
6
CONTINUOUS
10
99.2461479999999909
20
-99.1384139999999974
11
99.2155520000000024
21
-99.2922279999999944
0
LINE
8
BLACK
6
CONTINUOUS
10
99.2155520000000024
20
-99.2922279999999944
11
99.1555369999999954
21
-99.4371170000000006
0
LINE
8
BLACK
6
CONTINUOUS
10
99.1555369999999954
20
-99.4371170000000006
11
99.0684079999999909
21
-99.5675150000000002
0
LINE
8
BLACK
6
CONTINUOUS
10
99.0684079999999909
20
-99.5675150000000002
11
98.9575150000000008
21
-99.6784079999999904
0
LINE
8
BLACK
6
CONTINUOUS
10
98.9575150000000008
20
-99.6784079999999904
11
98.8271170000000012
21
-99.7655369999999948
0
LINE
8
BLACK
6
CONTINUOUS
10
98.8271170000000012
20
-99.7655369999999948
11
98.6822279999999949
21
-99.8255520000000018
0
LINE
8
BLACK
6
CONTINUOUS
10
98.6822279999999949
20
-99.8255520000000018
11
98.5284139999999979
21
-99.8561479999999904
0
LINE
8
BLACK
6
CONTINUOUS
10
98.5284139999999979
20
-99.8561479999999904
11
98.3715859999999935
21
-99.8561479999999904
0
LINE
8
BLACK
6
CONTINUOUS
10
98.3715859999999935
20
-99.8561479999999904
11
98.2177719999999965
21
-99.8255520000000018
0
LINE
8
BLACK
6
CONTINUOUS
10
98.2177719999999965
20
-99.8255520000000018
11
98.0728829999999903
21
-99.7655369999999948
0
LINE
8
BLACK
6
CONTINUOUS
10
98.0728829999999903
20
-99.7655369999999948
11
97.9424849999999907
21
-99.6784079999999904
0
LINE
8
BLACK
6
CONTINUOUS
10
97.9424849999999907
20
-99.6784079999999904
11
97.8315920000000006
21
-99.5675150000000002
0
LINE
8
BLACK
6
CONTINUOUS
10
97.8315920000000006
20
-99.5675150000000002
11
97.7444629999999961
21
-99.4371170000000006
0
LINE
8
BLACK
6
CONTINUOUS
10
97.7444629999999961
20
-99.4371170000000006
11
97.6844479999999891
21
-99.2922279999999944
0
LINE
8
BLACK
6
CONTINUOUS
10
97.6844479999999891
20
-99.2922279999999944
11
97.6538520000000005
21
-99.1384139999999974
0
LINE
8
BLACK
6
CONTINUOUS
10
97.6538520000000005
20
-99.1384139999999974
11
97.6538520000000005
21
-98.981585999999993
0
LINE
8
BLACK
6
CONTINUOUS
10
97.6538520000000005
20
-98.981585999999993
11
97.6844479999999891
21
-98.827771999999996
0
LINE
8
BLACK
6
CONTINUOUS
10
97.6844479999999891
20
-98.827771999999996
11
97.7444629999999961
21
-98.6828829999999897
0
LINE
8
BLACK
6
CONTINUOUS
10
97.7444629999999961
20
-98.6828829999999897
11
97.8315920000000006
21
-98.5524849999999901
0
LINE
8
BLACK
6
CONTINUOUS
10
97.8315920000000006
20
-98.5524849999999901
11
97.9424849999999907
21
-98.441592
0
LINE
8
BLACK
6
CONTINUOUS
10
97.9424849999999907
20
-98.441592
11
98.0728829999999903
21
-98.3544629999999955
0
LINE
8
BLACK
6
CONTINUOUS
10
98.0728829999999903
20
-98.3544629999999955
11
98.2177719999999965
21
-98.2944479999999885
0
LINE
8
BLACK
6
CONTINUOUS
10
98.2177719999999965
20
-98.2944479999999885
11
98.3715859999999935
21
-98.263852
0
LINE
8
BLACK
6
CONTINUOUS
10
98.3715859999999935
20
-98.263852
11
98.5284139999999979
21
-98.263852
0
LINE
8
BLACK
6
CONTINUOUS
10
98.5284139999999979
20
-98.263852
11
98.6822279999999949
21
-98.2944479999999885
0
LINE
8
BLACK
6
CONTINUOUS
10
85.5311969999999917
20
-92.3308109999999971
11
85.6692039999999935
21
-92.3879759999999948
0
LINE
8
BLACK
6
CONTINUOUS
10
85.6692039999999935
20
-92.3879759999999948
11
85.7934079999999994
21
-92.47096599999999
0
LINE
8
BLACK
6
CONTINUOUS
10
85.7934079999999994
20
-92.47096599999999
11
85.8990340000000003
21
-92.5765919999999909
0
LINE
8
BLACK
6
CONTINUOUS
10
85.8990340000000003
20
-92.5765919999999909
11
85.9820239999999956
21
-92.7007959999999969
0
LINE
8
BLACK
6
CONTINUOUS
10
85.9820239999999956
20
-92.7007959999999969
11
86.0391889999999933
21
-92.8388029999999986
0
LINE
8
BLACK
6
CONTINUOUS
10
86.0391889999999933
20
-92.8388029999999986
11
86.0683310000000006
21
-92.9853109999999958
0
LINE
8
BLACK
6
CONTINUOUS
10
86.0683310000000006
20
-92.9853109999999958
11
86.0683310000000006
21
-93.1346889999999945
0
LINE
8
BLACK
6
CONTINUOUS
10
86.0683310000000006
20
-93.1346889999999945
11
86.0391889999999933
21
-93.2811969999999917
0
LINE
8
BLACK
6
CONTINUOUS
10
86.0391889999999933
20
-93.2811969999999917
11
85.9820239999999956
21
-93.4192039999999935
0
LINE
8
BLACK
6
CONTINUOUS
10
85.9820239999999956
20
-93.4192039999999935
11
85.8990340000000003
21
-93.5434079999999994
0
LINE
8
BLACK
6
CONTINUOUS
10
85.8990340000000003
20
-93.5434079999999994
11
85.7934079999999994
21
-93.6490340000000003
0
LINE
8
BLACK
6
CONTINUOUS
10
85.7934079999999994
20
-93.6490340000000003
11
85.6692039999999935
21
-93.7320239999999956
0
LINE
8
BLACK
6
CONTINUOUS
10
85.6692039999999935
20
-93.7320239999999956
11
85.5311969999999917
21
-93.7891889999999933
0
LINE
8
BLACK
6
CONTINUOUS
10
85.5311969999999917
20
-93.7891889999999933
11
85.3846889999999945
21
-93.8183310000000006
0
LINE
8
BLACK
6
CONTINUOUS
10
85.3846889999999945
20
-93.8183310000000006
11
85.2353109999999958
21
-93.8183310000000006
0
LINE
8
BLACK
6
CONTINUOUS
10
85.2353109999999958
20
-93.8183310000000006
11
85.0888029999999986
21
-93.7891889999999933
0
LINE
8
BLACK
6
CONTINUOUS
10
85.0888029999999986
20
-93.7891889999999933
11
84.9507959999999969
21
-93.7320239999999956
0
LINE
8
BLACK
6
CONTINUOUS
10
84.9507959999999969
20
-93.7320239999999956
11
84.8265919999999909
21
-93.6490340000000003
0
LINE
8
BLACK
6
CONTINUOUS
10
84.8265919999999909
20
-93.6490340000000003
11
84.72096599999999
21
-93.5434079999999994
0
LINE
8
BLACK
6
CONTINUOUS
10
84.72096599999999
20
-93.5434079999999994
11
84.6379759999999948
21
-93.4192039999999935
0
LINE
8
BLACK
6
CONTINUOUS
10
84.6379759999999948
20
-93.4192039999999935
11
84.5808109999999971
21
-93.2811969999999917
0
LINE
8
BLACK
6
CONTINUOUS
10
84.5808109999999971
20
-93.2811969999999917
11
84.5516689999999898
21
-93.1346889999999945
0
LINE
8
BLACK
6
CONTINUOUS
10
84.5516689999999898
20
-93.1346889999999945
11
84.5516689999999898
21
-92.9853109999999958
0
LINE
8
BLACK
6
CONTINUOUS
10
84.5516689999999898
20
-92.9853109999999958
11
84.5808109999999971
21
-92.8388029999999986
0
LINE
8
BLACK
6
CONTINUOUS
10
84.5808109999999971
20
-92.8388029999999986
11
84.6379759999999948
21
-92.7007959999999969
0
LINE
8
BLACK
6
CONTINUOUS
10
84.6379759999999948
20
-92.7007959999999969
11
84.72096599999999
21
-92.5765919999999909
0
LINE
8
BLACK
6
CONTINUOUS
10
84.72096599999999
20
-92.5765919999999909
11
84.8265919999999909
21
-92.47096599999999
0
LINE
8
BLACK
6
CONTINUOUS
10
84.8265919999999909
20
-92.47096599999999
11
84.9507959999999969
21
-92.3879759999999948
0
LINE
8
BLACK
6
CONTINUOUS
10
84.9507959999999969
20
-92.3879759999999948
11
85.0888029999999986
21
-92.3308109999999971
0
LINE
8
BLACK
6
CONTINUOUS
10
85.0888029999999986
20
-92.3308109999999971
11
85.2353109999999958
21
-92.3016689999999898
0
LINE
8
BLACK
6
CONTINUOUS
10
85.2353109999999958
20
-92.3016689999999898
11
85.3846889999999945
21
-92.3016689999999898
0
LINE
8
BLACK
6
CONTINUOUS
10
85.3846889999999945
20
-92.3016689999999898
11
85.5311969999999917
21
-92.3308109999999971
0
LINE
8
BLACK
6
CONTINUOUS
10
88.071196999999998
20
-92.3308109999999971
11
88.2092039999999997
21
-92.3879759999999948
0
LINE
8
BLACK
6
CONTINUOUS
10
88.2092039999999997
20
-92.3879759999999948
11
88.3334079999999915
21
-92.47096599999999
0
LINE
8
BLACK
6
CONTINUOUS
10
88.3334079999999915
20
-92.47096599999999
11
88.4390339999999924
21
-92.5765919999999909
0
LINE
8
BLACK
6
CONTINUOUS
10
88.4390339999999924
20
-92.5765919999999909
11
88.5220240000000018
21
-92.7007959999999969
0
LINE
8
BLACK
6
CONTINUOUS
10
88.5220240000000018
20
-92.7007959999999969
11
88.5791889999999995
21
-92.8388029999999986
0
LINE
8
BLACK
6
CONTINUOUS
10
88.5791889999999995
20
-92.8388029999999986
11
88.6083309999999926
21
-92.9853109999999958
0
LINE
8
BLACK
6
CONTINUOUS
10
88.6083309999999926
20
-92.9853109999999958
11
88.6083309999999926
21
-93.1346889999999945
0
LINE
8
BLACK
6
CONTINUOUS
10
88.6083309999999926
20
-93.1346889999999945
11
88.5791889999999995
21
-93.2811969999999917
0
LINE
8
BLACK
6
CONTINUOUS
10
88.5791889999999995
20
-93.2811969999999917
11
88.5220240000000018
21
-93.4192039999999935
0
LINE
8
BLACK
6
CONTINUOUS
10
88.5220240000000018
20
-93.4192039999999935
11
88.4390339999999924
21
-93.5434079999999994
0
LINE
8
BLACK
6
CONTINUOUS
10
88.4390339999999924
20
-93.5434079999999994
11
88.3334079999999915
21
-93.6490340000000003
0
LINE
8
BLACK
6
CONTINUOUS
10
88.3334079999999915
20
-93.6490340000000003
11
88.2092039999999997
21
-93.7320239999999956
0
LINE
8
BLACK
6
CONTINUOUS
10
88.2092039999999997
20
-93.7320239999999956
11
88.071196999999998
21
-93.7891889999999933
0
LINE
8
BLACK
6
CONTINUOUS
10
88.071196999999998
20
-93.7891889999999933
11
87.9246890000000008
21
-93.8183310000000006
0
LINE
8
BLACK
6
CONTINUOUS
10
87.9246890000000008
20
-93.8183310000000006
11
87.7753110000000021
21
-93.8183310000000006
0
LINE
8
BLACK
6
CONTINUOUS
10
87.7753110000000021
20
-93.8183310000000006
11
87.6288029999999907
21
-93.7891889999999933
0
LINE
8
BLACK
6
CONTINUOUS
10
87.6288029999999907
20
-93.7891889999999933
11
87.4907960000000031
21
-93.7320239999999956
0
LINE
8
BLACK
6
CONTINUOUS
10
87.4907960000000031
20
-93.7320239999999956
11
87.3665919999999971
21
-93.6490340000000003
0
LINE
8
BLACK
6
CONTINUOUS
10
87.3665919999999971
20
-93.6490340000000003
11
87.2609659999999963
21
-93.5434079999999994
0
LINE
8
BLACK
6
CONTINUOUS
10
87.2609659999999963
20
-93.5434079999999994
11
87.177976000000001
21
-93.4192039999999935
0
LINE
8
BLACK
6
CONTINUOUS
10
87.177976000000001
20
-93.4192039999999935
11
87.1208109999999891
21
-93.2811969999999917
0
LINE
8
BLACK
6
CONTINUOUS
10
87.1208109999999891
20
-93.2811969999999917
11
87.091668999999996
21
-93.1346889999999945
0
LINE
8
BLACK
6
CONTINUOUS
10
87.091668999999996
20
-93.1346889999999945
11
87.091668999999996
21
-92.9853109999999958
0
LINE
8
BLACK
6
CONTINUOUS
10
87.091668999999996
20
-92.9853109999999958
11
87.1208109999999891
21
-92.8388029999999986
0
LINE
8
BLACK
6
CONTINUOUS
10
87.1208109999999891
20
-92.8388029999999986
11
87.177976000000001
21
-92.7007959999999969
0
LINE
8
BLACK
6
CONTINUOUS
10
87.177976000000001
20
-92.7007959999999969
11
87.2609659999999963
21
-92.5765919999999909
0
LINE
8
BLACK
6
CONTINUOUS
10
87.2609659999999963
20
-92.5765919999999909
11
87.3665919999999971
21
-92.47096599999999
0
LINE
8
BLACK
6
CONTINUOUS
10
87.3665919999999971
20
-92.47096599999999
11
87.4907960000000031
21
-92.3879759999999948
0
LINE
8
BLACK
6
CONTINUOUS
10
87.4907960000000031
20
-92.3879759999999948
11
87.6288029999999907
21
-92.3308109999999971
0
LINE
8
BLACK
6
CONTINUOUS
10
87.6288029999999907
20
-92.3308109999999971
11
87.7753110000000021
21
-92.3016689999999898
0
LINE
8
BLACK
6
CONTINUOUS
10
87.7753110000000021
20
-92.3016689999999898
11
87.9246890000000008
21
-92.3016689999999898
0
LINE
8
BLACK
6
CONTINUOUS
10
87.9246890000000008
20
-92.3016689999999898
11
88.071196999999998
21
-92.3308109999999971
0
LINE
8
BLACK
6
CONTINUOUS
10
90.61119699999999
20
-92.3308109999999971
11
90.7492039999999918
21
-92.3879759999999948
0
LINE
8
BLACK
6
CONTINUOUS
10
90.7492039999999918
20
-92.3879759999999948
11
90.8734079999999977
21
-92.47096599999999
0
LINE
8
BLACK
6
CONTINUOUS
10
90.8734079999999977
20
-92.47096599999999
11
90.9790339999999986
21
-92.5765919999999909
0
LINE
8
BLACK
6
CONTINUOUS
10
90.9790339999999986
20
-92.5765919999999909
11
91.0620239999999939
21
-92.7007959999999969
0
LINE
8
BLACK
6
CONTINUOUS
10
91.0620239999999939
20
-92.7007959999999969
11
91.1191889999999916
21
-92.8388029999999986
0
LINE
8
BLACK
6
CONTINUOUS
10
91.1191889999999916
20
-92.8388029999999986
11
91.1483309999999989
21
-92.9853109999999958
0
LINE
8
BLACK
6
CONTINUOUS
10
91.1483309999999989
20
-92.9853109999999958
11
91.1483309999999989
21
-93.1346889999999945
0
LINE
8
BLACK
6
CONTINUOUS
10
91.1483309999999989
20
-93.1346889999999945
11
91.1191889999999916
21
-93.2811969999999917
0
LINE
8
BLACK
6
CONTINUOUS
10
91.1191889999999916
20
-93.2811969999999917
11
91.0620239999999939
21
-93.4192039999999935
0
LINE
8
BLACK
6
CONTINUOUS
10
91.0620239999999939
20
-93.4192039999999935
11
90.9790339999999986
21
-93.5434079999999994
0
LINE
8
BLACK
6
CONTINUOUS
10
90.9790339999999986
20
-93.5434079999999994
11
90.8734079999999977
21
-93.6490340000000003
0
LINE
8
BLACK
6
CONTINUOUS
10
90.8734079999999977
20
-93.6490340000000003
11
90.7492039999999918
21
-93.7320239999999956
0
LINE
8
BLACK
6
CONTINUOUS
10
90.7492039999999918
20
-93.7320239999999956
11
90.61119699999999
21
-93.7891889999999933
0
LINE
8
BLACK
6
CONTINUOUS
10
90.61119699999999
20
-93.7891889999999933
11
90.4646889999999928
21
-93.8183310000000006
0
LINE
8
BLACK
6
CONTINUOUS
10
90.4646889999999928
20
-93.8183310000000006
11
90.3153109999999941
21
-93.8183310000000006
0
LINE
8
BLACK
6
CONTINUOUS
10
90.3153109999999941
20
-93.8183310000000006
11
90.1688029999999969
21
-93.7891889999999933
0
LINE
8
BLACK
6
CONTINUOUS
10
90.1688029999999969
20
-93.7891889999999933
11
90.0307959999999952
21
-93.7320239999999956
0
LINE
8
BLACK
6
CONTINUOUS
10
90.0307959999999952
20
-93.7320239999999956
11
89.9065919999999892
21
-93.6490340000000003
0
LINE
8
BLACK
6
CONTINUOUS
10
89.9065919999999892
20
-93.6490340000000003
11
89.8009660000000025
21
-93.5434079999999994
0
LINE
8
BLACK
6
CONTINUOUS
10
89.8009660000000025
20
-93.5434079999999994
11
89.7179759999999931
21
-93.4192039999999935
0
LINE
8
BLACK
6
CONTINUOUS
10
89.7179759999999931
20
-93.4192039999999935
11
89.6608109999999954
21
-93.2811969999999917
0
LINE
8
BLACK
6
CONTINUOUS
10
89.6608109999999954
20
-93.2811969999999917
11
89.6316690000000023
21
-93.1346889999999945
0
LINE
8
BLACK
6
CONTINUOUS
10
89.6316690000000023
20
-93.1346889999999945
11
89.6316690000000023
21
-92.9853109999999958
0
LINE
8
BLACK
6
CONTINUOUS
10
89.6316690000000023
20
-92.9853109999999958
11
89.6608109999999954
21
-92.8388029999999986
0
LINE
8
BLACK
6
CONTINUOUS
10
89.6608109999999954
20
-92.8388029999999986
11
89.7179759999999931
21
-92.7007959999999969
0
LINE
8
BLACK
6
CONTINUOUS
10
89.7179759999999931
20
-92.7007959999999969
11
89.8009660000000025
21
-92.5765919999999909
0
LINE
8
BLACK
6
CONTINUOUS
10
89.8009660000000025
20
-92.5765919999999909
11
89.9065919999999892
21
-92.47096599999999
0
LINE
8
BLACK
6
CONTINUOUS
10
89.9065919999999892
20
-92.47096599999999
11
90.0307959999999952
21
-92.3879759999999948
0
LINE
8
BLACK
6
CONTINUOUS
10
90.0307959999999952
20
-92.3879759999999948
11
90.1688029999999969
21
-92.3308109999999971
0
LINE
8
BLACK
6
CONTINUOUS
10
90.1688029999999969
20
-92.3308109999999971
11
90.3153109999999941
21
-92.3016689999999898
0
LINE
8
BLACK
6
CONTINUOUS
10
90.3153109999999941
20
-92.3016689999999898
11
90.4646889999999928
21
-92.3016689999999898
0
LINE
8
BLACK
6
CONTINUOUS
10
90.4646889999999928
20
-92.3016689999999898
11
90.61119699999999
21
-92.3308109999999971
0
LINE
8
BLACK
6
CONTINUOUS
10
93.1511969999999963
20
-92.3308109999999971
11
93.289203999999998
21
-92.3879759999999948
0
LINE
8
BLACK
6
CONTINUOUS
10
93.289203999999998
20
-92.3879759999999948
11
93.4134079999999898
21
-92.47096599999999
0
LINE
8
BLACK
6
CONTINUOUS
10
93.4134079999999898
20
-92.47096599999999
11
93.5190339999999907
21
-92.5765919999999909
0
LINE
8
BLACK
6
CONTINUOUS
10
93.5190339999999907
20
-92.5765919999999909
11
93.6020240000000001
21
-92.7007959999999969
0
LINE
8
BLACK
6
CONTINUOUS
10
93.6020240000000001
20
-92.7007959999999969
11
93.6591889999999978
21
-92.8388029999999986
0
LINE
8
BLACK
6
CONTINUOUS
10
93.6591889999999978
20
-92.8388029999999986
11
93.6883309999999909
21
-92.9853109999999958
0
LINE
8
BLACK
6
CONTINUOUS
10
93.6883309999999909
20
-92.9853109999999958
11
93.6883309999999909
21
-93.1346889999999945
0
LINE
8
BLACK
6
CONTINUOUS
10
93.6883309999999909
20
-93.1346889999999945
11
93.6591889999999978
21
-93.2811969999999917
0
LINE
8
BLACK
6
CONTINUOUS
10
93.6591889999999978
20
-93.2811969999999917
11
93.6020240000000001
21
-93.4192039999999935
0
LINE
8
BLACK
6
CONTINUOUS
10
93.6020240000000001
20
-93.4192039999999935
11
93.5190339999999907
21
-93.5434079999999994
0
LINE
8
BLACK
6
CONTINUOUS
10
93.5190339999999907
20
-93.5434079999999994
11
93.4134079999999898
21
-93.6490340000000003
0
LINE
8
BLACK
6
CONTINUOUS
10
93.4134079999999898
20
-93.6490340000000003
11
93.289203999999998
21
-93.7320239999999956
0
LINE
8
BLACK
6
CONTINUOUS
10
93.289203999999998
20
-93.7320239999999956
11
93.1511969999999963
21
-93.7891889999999933
0
LINE
8
BLACK
6
CONTINUOUS
10
93.1511969999999963
20
-93.7891889999999933
11
93.0046889999999991
21
-93.8183310000000006
0
LINE
8
BLACK
6
CONTINUOUS
10
93.0046889999999991
20
-93.8183310000000006
11
92.8553110000000004
21
-93.8183310000000006
0
LINE
8
BLACK
6
CONTINUOUS
10
92.8553110000000004
20
-93.8183310000000006
11
92.708802999999989
21
-93.7891889999999933
0
LINE
8
BLACK
6
CONTINUOUS
10
92.708802999999989
20
-93.7891889999999933
11
92.5707960000000014
21
-93.7320239999999956
0
LINE
8
BLACK
6
CONTINUOUS
10
92.5707960000000014
20
-93.7320239999999956
11
92.4465919999999954
21
-93.6490340000000003
0
LINE
8
BLACK
6
CONTINUOUS
10
92.4465919999999954
20
-93.6490340000000003
11
92.3409659999999946
21
-93.5434079999999994
0
LINE
8
BLACK
6
CONTINUOUS
10
92.3409659999999946
20
-93.5434079999999994
11
92.2579759999999993
21
-93.4192039999999935
0
LINE
8
BLACK
6
CONTINUOUS
10
92.2579759999999993
20
-93.4192039999999935
11
92.2008110000000016
21
-93.2811969999999917
0
LINE
8
BLACK
6
CONTINUOUS
10
92.2008110000000016
20
-93.2811969999999917
11
92.1716689999999943
21
-93.1346889999999945
0
LINE
8
BLACK
6
CONTINUOUS
10
92.1716689999999943
20
-93.1346889999999945
11
92.1716689999999943
21
-92.9853109999999958
0
LINE
8
BLACK
6
CONTINUOUS
10
92.1716689999999943
20
-92.9853109999999958
11
92.2008110000000016
21
-92.8388029999999986
0
LINE
8
BLACK
6
CONTINUOUS
10
92.2008110000000016
20
-92.8388029999999986
11
92.2579759999999993
21
-92.7007959999999969
0
LINE
8
BLACK
6
CONTINUOUS
10
92.2579759999999993
20
-92.7007959999999969
11
92.3409659999999946
21
-92.5765919999999909
0
LINE
8
BLACK
6
CONTINUOUS
10
92.3409659999999946
20
-92.5765919999999909
11
92.4465919999999954
21
-92.47096599999999
0
LINE
8
BLACK
6
CONTINUOUS
10
92.4465919999999954
20
-92.47096599999999
11
92.5707960000000014
21
-92.3879759999999948
0
LINE
8
BLACK
6
CONTINUOUS
10
92.5707960000000014
20
-92.3879759999999948
11
92.708802999999989
21
-92.3308109999999971
0
LINE
8
BLACK
6
CONTINUOUS
10
92.708802999999989
20
-92.3308109999999971
11
92.8553110000000004
21
-92.3016689999999898
0
LINE
8
BLACK
6
CONTINUOUS
10
92.8553110000000004
20
-92.3016689999999898
11
93.0046889999999991
21
-92.3016689999999898
0
LINE
8
BLACK
6
CONTINUOUS
10
93.0046889999999991
20
-92.3016689999999898
11
93.1511969999999963
21
-92.3308109999999971
0
LINE
8
BLACK
6
CONTINUOUS
10
95.6911970000000025
20
-92.3308109999999971
11
95.8292039999999901
21
-92.3879759999999948
0
LINE
8
BLACK
6
CONTINUOUS
10
95.8292039999999901
20
-92.3879759999999948
11
95.953407999999996
21
-92.47096599999999
0
LINE
8
BLACK
6
CONTINUOUS
10
95.953407999999996
20
-92.47096599999999
11
96.0590339999999969
21
-92.5765919999999909
0
LINE
8
BLACK
6
CONTINUOUS
10
96.0590339999999969
20
-92.5765919999999909
11
96.1420239999999922
21
-92.7007959999999969
0
LINE
8
BLACK
6
CONTINUOUS
10
96.1420239999999922
20
-92.7007959999999969
11
96.1991889999999898
21
-92.8388029999999986
0
LINE
8
BLACK
6
CONTINUOUS
10
96.1991889999999898
20
-92.8388029999999986
11
96.2283309999999972
21
-92.9853109999999958
0
LINE
8
BLACK
6
CONTINUOUS
10
96.2283309999999972
20
-92.9853109999999958
11
96.2283309999999972
21
-93.1346889999999945
0
LINE
8
BLACK
6
CONTINUOUS
10
96.2283309999999972
20
-93.1346889999999945
11
96.1991889999999898
21
-93.2811969999999917
0
LINE
8
BLACK
6
CONTINUOUS
10
96.1991889999999898
20
-93.2811969999999917
11
96.1420239999999922
21
-93.4192039999999935
0
LINE
8
BLACK
6
CONTINUOUS
10
96.1420239999999922
20
-93.4192039999999935
11
96.0590339999999969
21
-93.5434079999999994
0
LINE
8
BLACK
6
CONTINUOUS
10
96.0590339999999969
20
-93.5434079999999994
11
95.953407999999996
21
-93.6490340000000003
0
LINE
8
BLACK
6
CONTINUOUS
10
95.953407999999996
20
-93.6490340000000003
11
95.8292039999999901
21
-93.7320239999999956
0
LINE
8
BLACK
6
CONTINUOUS
10
95.8292039999999901
20
-93.7320239999999956
11
95.6911970000000025
21
-93.7891889999999933
0
LINE
8
BLACK
6
CONTINUOUS
10
95.6911970000000025
20
-93.7891889999999933
11
95.5446889999999911
21
-93.8183310000000006
0
LINE
8
BLACK
6
CONTINUOUS
10
95.5446889999999911
20
-93.8183310000000006
11
95.3953109999999924
21
-93.8183310000000006
0
LINE
8
BLACK
6
CONTINUOUS
10
95.3953109999999924
20
-93.8183310000000006
11
95.2488029999999952
21
-93.7891889999999933
0
LINE
8
BLACK
6
CONTINUOUS
10
95.2488029999999952
20
-93.7891889999999933
11
95.1107959999999935
21
-93.7320239999999956
0
LINE
8
BLACK
6
CONTINUOUS
10
95.1107959999999935
20
-93.7320239999999956
11
94.9865920000000017
21
-93.6490340000000003
0
LINE
8
BLACK
6
CONTINUOUS
10
94.9865920000000017
20
-93.6490340000000003
11
94.8809660000000008
21
-93.5434079999999994
0
LINE
8
BLACK
6
CONTINUOUS
10
94.8809660000000008
20
-93.5434079999999994
11
94.7979759999999914
21
-93.4192039999999935
0
LINE
8
BLACK
6
CONTINUOUS
10
94.7979759999999914
20
-93.4192039999999935
11
94.7408109999999937
21
-93.2811969999999917
0
LINE
8
BLACK
6
CONTINUOUS
10
94.7408109999999937
20
-93.2811969999999917
11
94.7116690000000006
21
-93.1346889999999945
0
LINE
8
BLACK
6
CONTINUOUS
10
94.7116690000000006
20
-93.1346889999999945
11
94.7116690000000006
21
-92.9853109999999958
0
LINE
8
BLACK
6
CONTINUOUS
10
94.7116690000000006
20
-92.9853109999999958
11
94.7408109999999937
21
-92.8388029999999986
0
LINE
8
BLACK
6
CONTINUOUS
10
94.7408109999999937
20
-92.8388029999999986
11
94.7979759999999914
21
-92.7007959999999969
0
LINE
8
BLACK
6
CONTINUOUS
10
94.7979759999999914
20
-92.7007959999999969
11
94.8809660000000008
21
-92.5765919999999909
0
LINE
8
BLACK
6
CONTINUOUS
10
94.8809660000000008
20
-92.5765919999999909
11
94.9865920000000017
21
-92.47096599999999
0
LINE
8
BLACK
6
CONTINUOUS
10
94.9865920000000017
20
-92.47096599999999
11
95.1107959999999935
21
-92.3879759999999948
0
LINE
8
BLACK
6
CONTINUOUS
10
95.1107959999999935
20
-92.3879759999999948
11
95.2488029999999952
21
-92.3308109999999971
0
LINE
8
BLACK
6
CONTINUOUS
10
95.2488029999999952
20
-92.3308109999999971
11
95.3953109999999924
21
-92.3016689999999898
0
LINE
8
BLACK
6
CONTINUOUS
10
95.3953109999999924
20
-92.3016689999999898
11
95.5446889999999911
21
-92.3016689999999898
0
LINE
8
BLACK
6
CONTINUOUS
10
95.5446889999999911
20
-92.3016689999999898
11
95.6911970000000025
21
-92.3308109999999971
0
LINE
8
BLACK
6
CONTINUOUS
10
98.2311969999999945
20
-92.3308109999999971
11
98.3692039999999963
21
-92.3879759999999948
0
LINE
8
BLACK
6
CONTINUOUS
10
98.3692039999999963
20
-92.3879759999999948
11
98.4934080000000023
21
-92.47096599999999
0
LINE
8
BLACK
6
CONTINUOUS
10
98.4934080000000023
20
-92.47096599999999
11
98.599033999999989
21
-92.5765919999999909
0
LINE
8
BLACK
6
CONTINUOUS
10
98.599033999999989
20
-92.5765919999999909
11
98.6820239999999984
21
-92.7007959999999969
0
LINE
8
BLACK
6
CONTINUOUS
10
98.6820239999999984
20
-92.7007959999999969
11
98.7391889999999961
21
-92.8388029999999986
0
LINE
8
BLACK
6
CONTINUOUS
10
98.7391889999999961
20
-92.8388029999999986
11
98.7683309999999892
21
-92.9853109999999958
0
LINE
8
BLACK
6
CONTINUOUS
10
98.7683309999999892
20
-92.9853109999999958
11
98.7683309999999892
21
-93.1346889999999945
0
LINE
8
BLACK
6
CONTINUOUS
10
98.7683309999999892
20
-93.1346889999999945
11
98.7391889999999961
21
-93.2811969999999917
0
LINE
8
BLACK
6
CONTINUOUS
10
98.7391889999999961
20
-93.2811969999999917
11
98.6820239999999984
21
-93.4192039999999935
0
LINE
8
BLACK
6
CONTINUOUS
10
98.6820239999999984
20
-93.4192039999999935
11
98.599033999999989
21
-93.5434079999999994
0
LINE
8
BLACK
6
CONTINUOUS
10
98.599033999999989
20
-93.5434079999999994
11
98.4934080000000023
21
-93.6490340000000003
0
LINE
8
BLACK
6
CONTINUOUS
10
98.4934080000000023
20
-93.6490340000000003
11
98.3692039999999963
21
-93.7320239999999956
0
LINE
8
BLACK
6
CONTINUOUS
10
98.3692039999999963
20
-93.7320239999999956
11
98.2311969999999945
21
-93.7891889999999933
0
LINE
8
BLACK
6
CONTINUOUS
10
98.2311969999999945
20
-93.7891889999999933
11
98.0846889999999973
21
-93.8183310000000006
0
LINE
8
BLACK
6
CONTINUOUS
10
98.0846889999999973
20
-93.8183310000000006
11
97.9353109999999987
21
-93.8183310000000006
0
LINE
8
BLACK
6
CONTINUOUS
10
97.9353109999999987
20
-93.8183310000000006
11
97.7888030000000015
21
-93.7891889999999933
0
LINE
8
BLACK
6
CONTINUOUS
10
97.7888030000000015
20
-93.7891889999999933
11
97.6507959999999997
21
-93.7320239999999956
0
LINE
8
BLACK
6
CONTINUOUS
10
97.6507959999999997
20
-93.7320239999999956
11
97.5265919999999937
21
-93.6490340000000003
0
LINE
8
BLACK
6
CONTINUOUS
10
97.5265919999999937
20
-93.6490340000000003
11
97.4209659999999928
21
-93.5434079999999994
0
LINE
8
BLACK
6
CONTINUOUS
10
97.4209659999999928
20
-93.5434079999999994
11
97.3379759999999976
21
-93.4192039999999935
0
LINE
8
BLACK
6
CONTINUOUS
10
97.3379759999999976
20
-93.4192039999999935
11
97.2808109999999999
21
-93.2811969999999917
0
LINE
8
BLACK
6
CONTINUOUS
10
97.2808109999999999
20
-93.2811969999999917
11
97.2516689999999926
21
-93.1346889999999945
0
LINE
8
BLACK
6
CONTINUOUS
10
97.2516689999999926
20
-93.1346889999999945
11
97.2516689999999926
21
-92.9853109999999958
0
LINE
8
BLACK
6
CONTINUOUS
10
97.2516689999999926
20
-92.9853109999999958
11
97.2808109999999999
21
-92.8388029999999986
0
LINE
8
BLACK
6
CONTINUOUS
10
97.2808109999999999
20
-92.8388029999999986
11
97.3379759999999976
21
-92.7007959999999969
0
LINE
8
BLACK
6
CONTINUOUS
10
97.3379759999999976
20
-92.7007959999999969
11
97.4209659999999928
21
-92.5765919999999909
0
LINE
8
BLACK
6
CONTINUOUS
10
97.4209659999999928
20
-92.5765919999999909
11
97.5265919999999937
21
-92.47096599999999
0
LINE
8
BLACK
6
CONTINUOUS
10
97.5265919999999937
20
-92.47096599999999
11
97.6507959999999997
21
-92.3879759999999948
0
LINE
8
BLACK
6
CONTINUOUS
10
97.6507959999999997
20
-92.3879759999999948
11
97.7888030000000015
21
-92.3308109999999971
0
LINE
8
BLACK
6
CONTINUOUS
10
97.7888030000000015
20
-92.3308109999999971
11
97.9353109999999987
21
-92.3016689999999898
0
LINE
8
BLACK
6
CONTINUOUS
10
97.9353109999999987
20
-92.3016689999999898
11
98.0846889999999973
21
-92.3016689999999898
0
LINE
8
BLACK
6
CONTINUOUS
10
98.0846889999999973
20
-92.3016689999999898
11
98.2311969999999945
21
-92.3308109999999971
0
LINE
8
BLACK
6
CONTINUOUS
10
100.7711970000000008
20
-92.3308109999999971
11
100.9092039999999884
21
-92.3879759999999948
0
LINE
8
BLACK
6
CONTINUOUS
10
100.9092039999999884
20
-92.3879759999999948
11
101.0334079999999943
21
-92.47096599999999
0
LINE
8
BLACK
6
CONTINUOUS
10
101.0334079999999943
20
-92.47096599999999
11
101.1390339999999952
21
-92.5765919999999909
0
LINE
8
BLACK
6
CONTINUOUS
10
101.1390339999999952
20
-92.5765919999999909
11
101.2220239999999905
21
-92.7007959999999969
0
LINE
8
BLACK
6
CONTINUOUS
10
101.2220239999999905
20
-92.7007959999999969
11
101.2791890000000024
21
-92.8388029999999986
0
LINE
8
BLACK
6
CONTINUOUS
10
101.2791890000000024
20
-92.8388029999999986
11
101.3083309999999955
21
-92.9853109999999958
0
LINE
8
BLACK
6
CONTINUOUS
10
101.3083309999999955
20
-92.9853109999999958
11
101.3083309999999955
21
-93.1346889999999945
0
LINE
8
BLACK
6
CONTINUOUS
10
101.3083309999999955
20
-93.1346889999999945
11
101.2791890000000024
21
-93.2811969999999917
0
LINE
8
BLACK
6
CONTINUOUS
10
101.2791890000000024
20
-93.2811969999999917
11
101.2220239999999905
21
-93.4192039999999935
0
LINE
8
BLACK
6
CONTINUOUS
10
101.2220239999999905
20
-93.4192039999999935
11
101.1390339999999952
21
-93.5434079999999994
0
LINE
8
BLACK
6
CONTINUOUS
10
101.1390339999999952
20
-93.5434079999999994
11
101.0334079999999943
21
-93.6490340000000003
0
LINE
8
BLACK
6
CONTINUOUS
10
101.0334079999999943
20
-93.6490340000000003
11
100.9092039999999884
21
-93.7320239999999956
0
LINE
8
BLACK
6
CONTINUOUS
10
100.9092039999999884
20
-93.7320239999999956
11
100.7711970000000008
21
-93.7891889999999933
0
LINE
8
BLACK
6
CONTINUOUS
10
100.7711970000000008
20
-93.7891889999999933
11
100.6246889999999894
21
-93.8183310000000006
0
LINE
8
BLACK
6
CONTINUOUS
10
100.6246889999999894
20
-93.8183310000000006
11
100.4753109999999907
21
-93.8183310000000006
0
LINE
8
BLACK
6
CONTINUOUS
10
100.4753109999999907
20
-93.8183310000000006
11
100.3288029999999935
21
-93.7891889999999933
0
LINE
8
BLACK
6
CONTINUOUS
10
100.3288029999999935
20
-93.7891889999999933
11
100.1907959999999917
21
-93.7320239999999956
0
LINE
8
BLACK
6
CONTINUOUS
10
100.1907959999999917
20
-93.7320239999999956
11
100.066592
21
-93.6490340000000003
0
LINE
8
BLACK
6
CONTINUOUS
10
100.066592
20
-93.6490340000000003
11
99.9609659999999991
21
-93.5434079999999994
0
LINE
8
BLACK
6
CONTINUOUS
10
99.9609659999999991
20
-93.5434079999999994
11
99.8779759999999897
21
-93.4192039999999935
0
LINE
8
BLACK
6
CONTINUOUS
10
99.8779759999999897
20
-93.4192039999999935
11
99.820810999999992
21
-93.2811969999999917
0
LINE
8
BLACK
6
CONTINUOUS
10
99.820810999999992
20
-93.2811969999999917
11
99.7916689999999988
21
-93.1346889999999945
0
LINE
8
BLACK
6
CONTINUOUS
10
99.7916689999999988
20
-93.1346889999999945
11
99.7916689999999988
21
-92.9853109999999958
0
LINE
8
BLACK
6
CONTINUOUS
10
99.7916689999999988
20
-92.9853109999999958
11
99.820810999999992
21
-92.8388029999999986
0
LINE
8
BLACK
6
CONTINUOUS
10
99.820810999999992
20
-92.8388029999999986
11
99.8779759999999897
21
-92.7007959999999969
0
LINE
8
BLACK
6
CONTINUOUS
10
99.8779759999999897
20
-92.7007959999999969
11
99.9609659999999991
21
-92.5765919999999909
0
LINE
8
BLACK
6
CONTINUOUS
10
99.9609659999999991
20
-92.5765919999999909
11
100.066592
21
-92.47096599999999
0
LINE
8
BLACK
6
CONTINUOUS
10
100.066592
20
-92.47096599999999
11
100.1907959999999917
21
-92.3879759999999948
0
LINE
8
BLACK
6
CONTINUOUS
10
100.1907959999999917
20
-92.3879759999999948
11
100.3288029999999935
21
-92.3308109999999971
0
LINE
8
BLACK
6
CONTINUOUS
10
100.3288029999999935
20
-92.3308109999999971
11
100.4753109999999907
21
-92.3016689999999898
0
LINE
8
BLACK
6
CONTINUOUS
10
100.4753109999999907
20
-92.3016689999999898
11
100.6246889999999894
21
-92.3016689999999898
0
LINE
8
BLACK
6
CONTINUOUS
10
100.6246889999999894
20
-92.3016689999999898
11
100.7711970000000008
21
-92.3308109999999971
0
LINE
8
BLACK
6
CONTINUOUS
10
74.6534789999999902
20
-87.4259189999999933
11
74.8474879999999985
21
-87.4889569999999992
0
LINE
8
BLACK
6
CONTINUOUS
10
74.8474879999999985
20
-87.4889569999999992
11
75.0292479999999955
21
-87.5815679999999901
0
LINE
8
BLACK
6
CONTINUOUS
10
75.0292479999999955
20
-87.5815679999999901
11
75.1942820000000012
21
-87.7014719999999954
0
LINE
8
BLACK
6
CONTINUOUS
10
75.1942820000000012
20
-87.7014719999999954
11
75.3385279999999966
21
-87.8457179999999909
0
LINE
8
BLACK
6
CONTINUOUS
10
75.3385279999999966
20
-87.8457179999999909
11
75.4584320000000019
21
-88.0107519999999965
0
LINE
8
BLACK
6
CONTINUOUS
10
75.4584320000000019
20
-88.0107519999999965
11
75.5510429999999928
21
-88.1925119999999936
0
LINE
8
BLACK
6
CONTINUOUS
10
75.5510429999999928
20
-88.1925119999999936
11
75.6140809999999988
21
-88.3865210000000019
0
LINE
8
BLACK
6
CONTINUOUS
10
75.6140809999999988
20
-88.3865210000000019
11
75.64599299999999
21
-88.5880030000000005
0
LINE
8
BLACK
6
CONTINUOUS
10
75.64599299999999
20
-88.5880030000000005
11
75.64599299999999
21
-88.791996999999995
0
LINE
8
BLACK
6
CONTINUOUS
10
75.64599299999999
20
-88.791996999999995
11
75.6140809999999988
21
-88.9934789999999936
0
LINE
8
BLACK
6
CONTINUOUS
10
75.6140809999999988
20
-88.9934789999999936
11
75.5510429999999928
21
-89.1874880000000019
0
LINE
8
BLACK
6
CONTINUOUS
10
75.5510429999999928
20
-89.1874880000000019
11
75.4584320000000019
21
-89.3692479999999989
0
LINE
8
BLACK
6
CONTINUOUS
10
75.4584320000000019
20
-89.3692479999999989
11
75.3385279999999966
21
-89.5342819999999904
0
LINE
8
BLACK
6
CONTINUOUS
10
75.3385279999999966
20
-89.5342819999999904
11
75.1942820000000012
21
-89.678528
0
LINE
8
BLACK
6
CONTINUOUS
10
75.1942820000000012
20
-89.678528
11
75.0292479999999955
21
-89.7984319999999911
0
LINE
8
BLACK
6
CONTINUOUS
10
75.0292479999999955
20
-89.7984319999999911
11
74.8474879999999985
21
-89.8910429999999963
0
LINE
8
BLACK
6
CONTINUOUS
10
74.8474879999999985
20
-89.8910429999999963
11
74.6534789999999902
21
-89.9540810000000022
0
LINE
8
BLACK
6
CONTINUOUS
10
74.6534789999999902
20
-89.9540810000000022
11
74.4519969999999915
21
-89.9859929999999935
0
LINE
8
BLACK
6
CONTINUOUS
10
74.4519969999999915
20
-89.9859929999999935
11
74.2480029999999971
21
-89.9859929999999935
0
LINE
8
BLACK
6
CONTINUOUS
10
74.2480029999999971
20
-89.9859929999999935
11
74.0465209999999985
21
-89.9540810000000022
0
LINE
8
BLACK
6
CONTINUOUS
10
74.0465209999999985
20
-89.9540810000000022
11
73.8525119999999902
21
-89.8910429999999963
0
LINE
8
BLACK
6
CONTINUOUS
10
73.8525119999999902
20
-89.8910429999999963
11
73.6707519999999931
21
-89.7984319999999911
0
LINE
8
BLACK
6
CONTINUOUS
10
73.6707519999999931
20
-89.7984319999999911
11
73.5057180000000017
21
-89.678528
0
LINE
8
BLACK
6
CONTINUOUS
10
73.5057180000000017
20
-89.678528
11
73.361471999999992
21
-89.5342819999999904
0
LINE
8
BLACK
6
CONTINUOUS
10
73.361471999999992
20
-89.5342819999999904
11
73.2415680000000009
21
-89.3692479999999989
0
LINE
8
BLACK
6
CONTINUOUS
10
73.2415680000000009
20
-89.3692479999999989
11
73.1489569999999958
21
-89.1874880000000019
0
LINE
8
BLACK
6
CONTINUOUS
10
73.1489569999999958
20
-89.1874880000000019
11
73.0859189999999899
21
-88.9934789999999936
0
LINE
8
BLACK
6
CONTINUOUS
10
73.0859189999999899
20
-88.9934789999999936
11
73.0540069999999986
21
-88.791996999999995
0
LINE
8
BLACK
6
CONTINUOUS
10
73.0540069999999986
20
-88.791996999999995
11
73.0540069999999986
21
-88.5880030000000005
0
LINE
8
BLACK
6
CONTINUOUS
10
73.0540069999999986
20
-88.5880030000000005
11
73.0859189999999899
21
-88.3865210000000019
0
LINE
8
BLACK
6
CONTINUOUS
10
73.0859189999999899
20
-88.3865210000000019
11
73.1489569999999958
21
-88.1925119999999936
0
LINE
8
BLACK
6
CONTINUOUS
10
73.1489569999999958
20
-88.1925119999999936
11
73.2415680000000009
21
-88.0107519999999965
0
LINE
8
BLACK
6
CONTINUOUS
10
73.2415680000000009
20
-88.0107519999999965
11
73.361471999999992
21
-87.8457179999999909
0
LINE
8
BLACK
6
CONTINUOUS
10
73.361471999999992
20
-87.8457179999999909
11
73.5057180000000017
21
-87.7014719999999954
0
LINE
8
BLACK
6
CONTINUOUS
10
73.5057180000000017
20
-87.7014719999999954
11
73.6707519999999931
21
-87.5815679999999901
0
LINE
8
BLACK
6
CONTINUOUS
10
73.6707519999999931
20
-87.5815679999999901
11
73.8525119999999902
21
-87.4889569999999992
0
LINE
8
BLACK
6
CONTINUOUS
10
73.8525119999999902
20
-87.4889569999999992
11
74.0465209999999985
21
-87.4259189999999933
0
LINE
8
BLACK
6
CONTINUOUS
10
74.0465209999999985
20
-87.4259189999999933
11
74.2480029999999971
21
-87.394007000000002
0
LINE
8
BLACK
6
CONTINUOUS
10
74.2480029999999971
20
-87.394007000000002
11
74.4519969999999915
21
-87.394007000000002
0
LINE
8
BLACK
6
CONTINUOUS
10
74.4519969999999915
20
-87.394007000000002
11
74.6534789999999902
21
-87.4259189999999933
0
LINE
8
BLACK
6
CONTINUOUS
10
75.4956710000000015
20
-82.329030000000003
11
75.5767769999999928
21
-82.383223000000001
0
LINE
8
BLACK
6
CONTINUOUS
10
75.5767769999999928
20
-82.383223000000001
11
75.6309699999999907
21
-82.4643289999999922
0
LINE
8
BLACK
6
CONTINUOUS
10
75.6309699999999907
20
-82.4643289999999922
11
75.6499999999999915
21
-82.5600000000000023
0
LINE
8
BLACK
6
CONTINUOUS
10
75.6499999999999915
20
-82.5600000000000023
11
75.6499999999999915
21
-84.6599999999999966
0
LINE
8
BLACK
6
CONTINUOUS
10
75.6499999999999915
20
-84.6599999999999966
11
75.6309699999999907
21
-84.7556709999999924
0
LINE
8
BLACK
6
CONTINUOUS
10
75.6309699999999907
20
-84.7556709999999924
11
75.5767769999999928
21
-84.8367769999999979
0
LINE
8
BLACK
6
CONTINUOUS
10
75.5767769999999928
20
-84.8367769999999979
11
75.4956710000000015
21
-84.8909699999999958
0
LINE
8
BLACK
6
CONTINUOUS
10
75.4956710000000015
20
-84.8909699999999958
11
75.3999999999999915
21
-84.9099999999999966
0
LINE
8
BLACK
6
CONTINUOUS
10
75.3999999999999915
20
-84.9099999999999966
11
73.2999999999999972
21
-84.9099999999999966
0
LINE
8
BLACK
6
CONTINUOUS
10
73.2999999999999972
20
-84.9099999999999966
11
73.2043290000000013
21
-84.8909699999999958
0
LINE
8
BLACK
6
CONTINUOUS
10
73.2043290000000013
20
-84.8909699999999958
11
73.1232229999999959
21
-84.8367769999999979
0
LINE
8
BLACK
6
CONTINUOUS
10
73.1232229999999959
20
-84.8367769999999979
11
73.0690299999999979
21
-84.7556709999999924
0
LINE
8
BLACK
6
CONTINUOUS
10
73.0690299999999979
20
-84.7556709999999924
11
73.0499999999999972
21
-84.6599999999999966
0
LINE
8
BLACK
6
CONTINUOUS
10
73.0499999999999972
20
-84.6599999999999966
11
73.0499999999999972
21
-82.5600000000000023
0
LINE
8
BLACK
6
CONTINUOUS
10
73.0499999999999972
20
-82.5600000000000023
11
73.0690299999999979
21
-82.4643289999999922
0
LINE
8
BLACK
6
CONTINUOUS
10
73.0690299999999979
20
-82.4643289999999922
11
73.1232229999999959
21
-82.383223000000001
0
LINE
8
BLACK
6
CONTINUOUS
10
73.1232229999999959
20
-82.383223000000001
11
73.2043290000000013
21
-82.329030000000003
0
LINE
8
BLACK
6
CONTINUOUS
10
73.2043290000000013
20
-82.329030000000003
11
73.2999999999999972
21
-82.3100000000000023
0
LINE
8
BLACK
6
CONTINUOUS
10
73.2999999999999972
20
-82.3100000000000023
11
75.3999999999999915
21
-82.3100000000000023
0
LINE
8
BLACK
6
CONTINUOUS
10
75.3999999999999915
20
-82.3100000000000023
11
75.4956710000000015
21
-82.329030000000003
0
LINE
8
BLACK
6
CONTINUOUS
10
85.5311969999999917
20
-77.0908110000000022
11
85.6692039999999935
21
-77.1479759999999999
0
LINE
8
BLACK
6
CONTINUOUS
10
85.6692039999999935
20
-77.1479759999999999
11
85.7934079999999994
21
-77.2309659999999951
0
LINE
8
BLACK
6
CONTINUOUS
10
85.7934079999999994
20
-77.2309659999999951
11
85.8990340000000003
21
-77.336591999999996
0
LINE
8
BLACK
6
CONTINUOUS
10
85.8990340000000003
20
-77.336591999999996
11
85.9820239999999956
21
-77.460796000000002
0
LINE
8
BLACK
6
CONTINUOUS
10
85.9820239999999956
20
-77.460796000000002
11
86.0391889999999933
21
-77.5988029999999895
0
LINE
8
BLACK
6
CONTINUOUS
10
86.0391889999999933
20
-77.5988029999999895
11
86.0683310000000006
21
-77.7453110000000009
0
LINE
8
BLACK
6
CONTINUOUS
10
86.0683310000000006
20
-77.7453110000000009
11
86.0683310000000006
21
-77.8946889999999996
0
LINE
8
BLACK
6
CONTINUOUS
10
86.0683310000000006
20
-77.8946889999999996
11
86.0391889999999933
21
-78.0411969999999968
0
LINE
8
BLACK
6
CONTINUOUS
10
86.0391889999999933
20
-78.0411969999999968
11
85.9820239999999956
21
-78.1792039999999986
0
LINE
8
BLACK
6
CONTINUOUS
10
85.9820239999999956
20
-78.1792039999999986
11
85.8990340000000003
21
-78.3034079999999904
0
LINE
8
BLACK
6
CONTINUOUS
10
85.8990340000000003
20
-78.3034079999999904
11
85.7934079999999994
21
-78.4090339999999912
0
LINE
8
BLACK
6
CONTINUOUS
10
85.7934079999999994
20
-78.4090339999999912
11
85.6692039999999935
21
-78.4920240000000007
0
LINE
8
BLACK
6
CONTINUOUS
10
85.6692039999999935
20
-78.4920240000000007
11
85.5311969999999917
21
-78.5491889999999984
0
LINE
8
BLACK
6
CONTINUOUS
10
85.5311969999999917
20
-78.5491889999999984
11
85.3846889999999945
21
-78.5783309999999915
0
LINE
8
BLACK
6
CONTINUOUS
10
85.3846889999999945
20
-78.5783309999999915
11
85.2353109999999958
21
-78.5783309999999915
0
LINE
8
BLACK
6
CONTINUOUS
10
85.2353109999999958
20
-78.5783309999999915
11
85.0888029999999986
21
-78.5491889999999984
0
LINE
8
BLACK
6
CONTINUOUS
10
85.0888029999999986
20
-78.5491889999999984
11
84.9507959999999969
21
-78.4920240000000007
0
LINE
8
BLACK
6
CONTINUOUS
10
84.9507959999999969
20
-78.4920240000000007
11
84.8265919999999909
21
-78.4090339999999912
0
LINE
8
BLACK
6
CONTINUOUS
10
84.8265919999999909
20
-78.4090339999999912
11
84.72096599999999
21
-78.3034079999999904
0
LINE
8
BLACK
6
CONTINUOUS
10
84.72096599999999
20
-78.3034079999999904
11
84.6379759999999948
21
-78.1792039999999986
0
LINE
8
BLACK
6
CONTINUOUS
10
84.6379759999999948
20
-78.1792039999999986
11
84.5808109999999971
21
-78.0411969999999968
0
LINE
8
BLACK
6
CONTINUOUS
10
84.5808109999999971
20
-78.0411969999999968
11
84.5516689999999898
21
-77.8946889999999996
0
LINE
8
BLACK
6
CONTINUOUS
10
84.5516689999999898
20
-77.8946889999999996
11
84.5516689999999898
21
-77.7453110000000009
0
LINE
8
BLACK
6
CONTINUOUS
10
84.5516689999999898
20
-77.7453110000000009
11
84.5808109999999971
21
-77.5988029999999895
0
LINE
8
BLACK
6
CONTINUOUS
10
84.5808109999999971
20
-77.5988029999999895
11
84.6379759999999948
21
-77.460796000000002
0
LINE
8
BLACK
6
CONTINUOUS
10
84.6379759999999948
20
-77.460796000000002
11
84.72096599999999
21
-77.336591999999996
0
LINE
8
BLACK
6
CONTINUOUS
10
84.72096599999999
20
-77.336591999999996
11
84.8265919999999909
21
-77.2309659999999951
0
LINE
8
BLACK
6
CONTINUOUS
10
84.8265919999999909
20
-77.2309659999999951
11
84.9507959999999969
21
-77.1479759999999999
0
LINE
8
BLACK
6
CONTINUOUS
10
84.9507959999999969
20
-77.1479759999999999
11
85.0888029999999986
21
-77.0908110000000022
0
LINE
8
BLACK
6
CONTINUOUS
10
85.0888029999999986
20
-77.0908110000000022
11
85.2353109999999958
21
-77.0616689999999949
0
LINE
8
BLACK
6
CONTINUOUS
10
85.2353109999999958
20
-77.0616689999999949
11
85.3846889999999945
21
-77.0616689999999949
0
LINE
8
BLACK
6
CONTINUOUS
10
85.3846889999999945
20
-77.0616689999999949
11
85.5311969999999917
21
-77.0908110000000022
0
LINE
8
BLACK
6
CONTINUOUS
10
88.071196999999998
20
-77.0908110000000022
11
88.2092039999999997
21
-77.1479759999999999
0
LINE
8
BLACK
6
CONTINUOUS
10
88.2092039999999997
20
-77.1479759999999999
11
88.3334079999999915
21
-77.2309659999999951
0
LINE
8
BLACK
6
CONTINUOUS
10
88.3334079999999915
20
-77.2309659999999951
11
88.4390339999999924
21
-77.336591999999996
0
LINE
8
BLACK
6
CONTINUOUS
10
88.4390339999999924
20
-77.336591999999996
11
88.5220240000000018
21
-77.460796000000002
0
LINE
8
BLACK
6
CONTINUOUS
10
88.5220240000000018
20
-77.460796000000002
11
88.5791889999999995
21
-77.5988029999999895
0
LINE
8
BLACK
6
CONTINUOUS
10
88.5791889999999995
20
-77.5988029999999895
11
88.6083309999999926
21
-77.7453110000000009
0
LINE
8
BLACK
6
CONTINUOUS
10
88.6083309999999926
20
-77.7453110000000009
11
88.6083309999999926
21
-77.8946889999999996
0
LINE
8
BLACK
6
CONTINUOUS
10
88.6083309999999926
20
-77.8946889999999996
11
88.5791889999999995
21
-78.0411969999999968
0
LINE
8
BLACK
6
CONTINUOUS
10
88.5791889999999995
20
-78.0411969999999968
11
88.5220240000000018
21
-78.1792039999999986
0
LINE
8
BLACK
6
CONTINUOUS
10
88.5220240000000018
20
-78.1792039999999986
11
88.4390339999999924
21
-78.3034079999999904
0
LINE
8
BLACK
6
CONTINUOUS
10
88.4390339999999924
20
-78.3034079999999904
11
88.3334079999999915
21
-78.4090339999999912
0
LINE
8
BLACK
6
CONTINUOUS
10
88.3334079999999915
20
-78.4090339999999912
11
88.2092039999999997
21
-78.4920240000000007
0
LINE
8
BLACK
6
CONTINUOUS
10
88.2092039999999997
20
-78.4920240000000007
11
88.071196999999998
21
-78.5491889999999984
0
LINE
8
BLACK
6
CONTINUOUS
10
88.071196999999998
20
-78.5491889999999984
11
87.9246890000000008
21
-78.5783309999999915
0
LINE
8
BLACK
6
CONTINUOUS
10
87.9246890000000008
20
-78.5783309999999915
11
87.7753110000000021
21
-78.5783309999999915
0
LINE
8
BLACK
6
CONTINUOUS
10
87.7753110000000021
20
-78.5783309999999915
11
87.6288029999999907
21
-78.5491889999999984
0
LINE
8
BLACK
6
CONTINUOUS
10
87.6288029999999907
20
-78.5491889999999984
11
87.4907960000000031
21
-78.4920240000000007
0
LINE
8
BLACK
6
CONTINUOUS
10
87.4907960000000031
20
-78.4920240000000007
11
87.3665919999999971
21
-78.4090339999999912
0
LINE
8
BLACK
6
CONTINUOUS
10
87.3665919999999971
20
-78.4090339999999912
11
87.2609659999999963
21
-78.3034079999999904
0
LINE
8
BLACK
6
CONTINUOUS
10
87.2609659999999963
20
-78.3034079999999904
11
87.177976000000001
21
-78.1792039999999986
0
LINE
8
BLACK
6
CONTINUOUS
10
87.177976000000001
20
-78.1792039999999986
11
87.1208109999999891
21
-78.0411969999999968
0
LINE
8
BLACK
6
CONTINUOUS
10
87.1208109999999891
20
-78.0411969999999968
11
87.091668999999996
21
-77.8946889999999996
0
LINE
8
BLACK
6
CONTINUOUS
10
87.091668999999996
20
-77.8946889999999996
11
87.091668999999996
21
-77.7453110000000009
0
LINE
8
BLACK
6
CONTINUOUS
10
87.091668999999996
20
-77.7453110000000009
11
87.1208109999999891
21
-77.5988029999999895
0
LINE
8
BLACK
6
CONTINUOUS
10
87.1208109999999891
20
-77.5988029999999895
11
87.177976000000001
21
-77.460796000000002
0
LINE
8
BLACK
6
CONTINUOUS
10
87.177976000000001
20
-77.460796000000002
11
87.2609659999999963
21
-77.336591999999996
0
LINE
8
BLACK
6
CONTINUOUS
10
87.2609659999999963
20
-77.336591999999996
11
87.3665919999999971
21
-77.2309659999999951
0
LINE
8
BLACK
6
CONTINUOUS
10
87.3665919999999971
20
-77.2309659999999951
11
87.4907960000000031
21
-77.1479759999999999
0
LINE
8
BLACK
6
CONTINUOUS
10
87.4907960000000031
20
-77.1479759999999999
11
87.6288029999999907
21
-77.0908110000000022
0
LINE
8
BLACK
6
CONTINUOUS
10
87.6288029999999907
20
-77.0908110000000022
11
87.7753110000000021
21
-77.0616689999999949
0
LINE
8
BLACK
6
CONTINUOUS
10
87.7753110000000021
20
-77.0616689999999949
11
87.9246890000000008
21
-77.0616689999999949
0
LINE
8
BLACK
6
CONTINUOUS
10
87.9246890000000008
20
-77.0616689999999949
11
88.071196999999998
21
-77.0908110000000022
0
LINE
8
BLACK
6
CONTINUOUS
10
90.61119699999999
20
-77.0908110000000022
11
90.7492039999999918
21
-77.1479759999999999
0
LINE
8
BLACK
6
CONTINUOUS
10
90.7492039999999918
20
-77.1479759999999999
11
90.8734079999999977
21
-77.2309659999999951
0
LINE
8
BLACK
6
CONTINUOUS
10
90.8734079999999977
20
-77.2309659999999951
11
90.9790339999999986
21
-77.336591999999996
0
LINE
8
BLACK
6
CONTINUOUS
10
90.9790339999999986
20
-77.336591999999996
11
91.0620239999999939
21
-77.460796000000002
0
LINE
8
BLACK
6
CONTINUOUS
10
91.0620239999999939
20
-77.460796000000002
11
91.1191889999999916
21
-77.5988029999999895
0
LINE
8
BLACK
6
CONTINUOUS
10
91.1191889999999916
20
-77.5988029999999895
11
91.1483309999999989
21
-77.7453110000000009
0
LINE
8
BLACK
6
CONTINUOUS
10
91.1483309999999989
20
-77.7453110000000009
11
91.1483309999999989
21
-77.8946889999999996
0
LINE
8
BLACK
6
CONTINUOUS
10
91.1483309999999989
20
-77.8946889999999996
11
91.1191889999999916
21
-78.0411969999999968
0
LINE
8
BLACK
6
CONTINUOUS
10
91.1191889999999916
20
-78.0411969999999968
11
91.0620239999999939
21
-78.1792039999999986
0
LINE
8
BLACK
6
CONTINUOUS
10
91.0620239999999939
20
-78.1792039999999986
11
90.9790339999999986
21
-78.3034079999999904
0
LINE
8
BLACK
6
CONTINUOUS
10
90.9790339999999986
20
-78.3034079999999904
11
90.8734079999999977
21
-78.4090339999999912
0
LINE
8
BLACK
6
CONTINUOUS
10
90.8734079999999977
20
-78.4090339999999912
11
90.7492039999999918
21
-78.4920240000000007
0
LINE
8
BLACK
6
CONTINUOUS
10
90.7492039999999918
20
-78.4920240000000007
11
90.61119699999999
21
-78.5491889999999984
0
LINE
8
BLACK
6
CONTINUOUS
10
90.61119699999999
20
-78.5491889999999984
11
90.4646889999999928
21
-78.5783309999999915
0
LINE
8
BLACK
6
CONTINUOUS
10
90.4646889999999928
20
-78.5783309999999915
11
90.3153109999999941
21
-78.5783309999999915
0
LINE
8
BLACK
6
CONTINUOUS
10
90.3153109999999941
20
-78.5783309999999915
11
90.1688029999999969
21
-78.5491889999999984
0
LINE
8
BLACK
6
CONTINUOUS
10
90.1688029999999969
20
-78.5491889999999984
11
90.0307959999999952
21
-78.4920240000000007
0
LINE
8
BLACK
6
CONTINUOUS
10
90.0307959999999952
20
-78.4920240000000007
11
89.9065919999999892
21
-78.4090339999999912
0
LINE
8
BLACK
6
CONTINUOUS
10
89.9065919999999892
20
-78.4090339999999912
11
89.8009660000000025
21
-78.3034079999999904
0
LINE
8
BLACK
6
CONTINUOUS
10
89.8009660000000025
20
-78.3034079999999904
11
89.7179759999999931
21
-78.1792039999999986
0
LINE
8
BLACK
6
CONTINUOUS
10
89.7179759999999931
20
-78.1792039999999986
11
89.6608109999999954
21
-78.0411969999999968
0
LINE
8
BLACK
6
CONTINUOUS
10
89.6608109999999954
20
-78.0411969999999968
11
89.6316690000000023
21
-77.8946889999999996
0
LINE
8
BLACK
6
CONTINUOUS
10
89.6316690000000023
20
-77.8946889999999996
11
89.6316690000000023
21
-77.7453110000000009
0
LINE
8
BLACK
6
CONTINUOUS
10
89.6316690000000023
20
-77.7453110000000009
11
89.6608109999999954
21
-77.5988029999999895
0
LINE
8
BLACK
6
CONTINUOUS
10
89.6608109999999954
20
-77.5988029999999895
11
89.7179759999999931
21
-77.460796000000002
0
LINE
8
BLACK
6
CONTINUOUS
10
89.7179759999999931
20
-77.460796000000002
11
89.8009660000000025
21
-77.336591999999996
0
LINE
8
BLACK
6
CONTINUOUS
10
89.8009660000000025
20
-77.336591999999996
11
89.9065919999999892
21
-77.2309659999999951
0
LINE
8
BLACK
6
CONTINUOUS
10
89.9065919999999892
20
-77.2309659999999951
11
90.0307959999999952
21
-77.1479759999999999
0
LINE
8
BLACK
6
CONTINUOUS
10
90.0307959999999952
20
-77.1479759999999999
11
90.1688029999999969
21
-77.0908110000000022
0
LINE
8
BLACK
6
CONTINUOUS
10
90.1688029999999969
20
-77.0908110000000022
11
90.3153109999999941
21
-77.0616689999999949
0
LINE
8
BLACK
6
CONTINUOUS
10
90.3153109999999941
20
-77.0616689999999949
11
90.4646889999999928
21
-77.0616689999999949
0
LINE
8
BLACK
6
CONTINUOUS
10
90.4646889999999928
20
-77.0616689999999949
11
90.61119699999999
21
-77.0908110000000022
0
LINE
8
BLACK
6
CONTINUOUS
10
93.1511969999999963
20
-77.0908110000000022
11
93.289203999999998
21
-77.1479759999999999
0
LINE
8
BLACK
6
CONTINUOUS
10
93.289203999999998
20
-77.1479759999999999
11
93.4134079999999898
21
-77.2309659999999951
0
LINE
8
BLACK
6
CONTINUOUS
10
93.4134079999999898
20
-77.2309659999999951
11
93.5190339999999907
21
-77.336591999999996
0
LINE
8
BLACK
6
CONTINUOUS
10
93.5190339999999907
20
-77.336591999999996
11
93.6020240000000001
21
-77.460796000000002
0
LINE
8
BLACK
6
CONTINUOUS
10
93.6020240000000001
20
-77.460796000000002
11
93.6591889999999978
21
-77.5988029999999895
0
LINE
8
BLACK
6
CONTINUOUS
10
93.6591889999999978
20
-77.5988029999999895
11
93.6883309999999909
21
-77.7453110000000009
0
LINE
8
BLACK
6
CONTINUOUS
10
93.6883309999999909
20
-77.7453110000000009
11
93.6883309999999909
21
-77.8946889999999996
0
LINE
8
BLACK
6
CONTINUOUS
10
93.6883309999999909
20
-77.8946889999999996
11
93.6591889999999978
21
-78.0411969999999968
0
LINE
8
BLACK
6
CONTINUOUS
10
93.6591889999999978
20
-78.0411969999999968
11
93.6020240000000001
21
-78.1792039999999986
0
LINE
8
BLACK
6
CONTINUOUS
10
93.6020240000000001
20
-78.1792039999999986
11
93.5190339999999907
21
-78.3034079999999904
0
LINE
8
BLACK
6
CONTINUOUS
10
93.5190339999999907
20
-78.3034079999999904
11
93.4134079999999898
21
-78.4090339999999912
0
LINE
8
BLACK
6
CONTINUOUS
10
93.4134079999999898
20
-78.4090339999999912
11
93.289203999999998
21
-78.4920240000000007
0
LINE
8
BLACK
6
CONTINUOUS
10
93.289203999999998
20
-78.4920240000000007
11
93.1511969999999963
21
-78.5491889999999984
0
LINE
8
BLACK
6
CONTINUOUS
10
93.1511969999999963
20
-78.5491889999999984
11
93.0046889999999991
21
-78.5783309999999915
0
LINE
8
BLACK
6
CONTINUOUS
10
93.0046889999999991
20
-78.5783309999999915
11
92.8553110000000004
21
-78.5783309999999915
0
LINE
8
BLACK
6
CONTINUOUS
10
92.8553110000000004
20
-78.5783309999999915
11
92.708802999999989
21
-78.5491889999999984
0
LINE
8
BLACK
6
CONTINUOUS
10
92.708802999999989
20
-78.5491889999999984
11
92.5707960000000014
21
-78.4920240000000007
0
LINE
8
BLACK
6
CONTINUOUS
10
92.5707960000000014
20
-78.4920240000000007
11
92.4465919999999954
21
-78.4090339999999912
0
LINE
8
BLACK
6
CONTINUOUS
10
92.4465919999999954
20
-78.4090339999999912
11
92.3409659999999946
21
-78.3034079999999904
0
LINE
8
BLACK
6
CONTINUOUS
10
92.3409659999999946
20
-78.3034079999999904
11
92.2579759999999993
21
-78.1792039999999986
0
LINE
8
BLACK
6
CONTINUOUS
10
92.2579759999999993
20
-78.1792039999999986
11
92.2008110000000016
21
-78.0411969999999968
0
LINE
8
BLACK
6
CONTINUOUS
10
92.2008110000000016
20
-78.0411969999999968
11
92.1716689999999943
21
-77.8946889999999996
0
LINE
8
BLACK
6
CONTINUOUS
10
92.1716689999999943
20
-77.8946889999999996
11
92.1716689999999943
21
-77.7453110000000009
0
LINE
8
BLACK
6
CONTINUOUS
10
92.1716689999999943
20
-77.7453110000000009
11
92.2008110000000016
21
-77.5988029999999895
0
LINE
8
BLACK
6
CONTINUOUS
10
92.2008110000000016
20
-77.5988029999999895
11
92.2579759999999993
21
-77.460796000000002
0
LINE
8
BLACK
6
CONTINUOUS
10
92.2579759999999993
20
-77.460796000000002
11
92.3409659999999946
21
-77.336591999999996
0
LINE
8
BLACK
6
CONTINUOUS
10
92.3409659999999946
20
-77.336591999999996
11
92.4465919999999954
21
-77.2309659999999951
0
LINE
8
BLACK
6
CONTINUOUS
10
92.4465919999999954
20
-77.2309659999999951
11
92.5707960000000014
21
-77.1479759999999999
0
LINE
8
BLACK
6
CONTINUOUS
10
92.5707960000000014
20
-77.1479759999999999
11
92.708802999999989
21
-77.0908110000000022
0
LINE
8
BLACK
6
CONTINUOUS
10
92.708802999999989
20
-77.0908110000000022
11
92.8553110000000004
21
-77.0616689999999949
0
LINE
8
BLACK
6
CONTINUOUS
10
92.8553110000000004
20
-77.0616689999999949
11
93.0046889999999991
21
-77.0616689999999949
0
LINE
8
BLACK
6
CONTINUOUS
10
93.0046889999999991
20
-77.0616689999999949
11
93.1511969999999963
21
-77.0908110000000022
0
LINE
8
BLACK
6
CONTINUOUS
10
95.6911970000000025
20
-77.0908110000000022
11
95.8292039999999901
21
-77.1479759999999999
0
LINE
8
BLACK
6
CONTINUOUS
10
95.8292039999999901
20
-77.1479759999999999
11
95.953407999999996
21
-77.2309659999999951
0
LINE
8
BLACK
6
CONTINUOUS
10
95.953407999999996
20
-77.2309659999999951
11
96.0590339999999969
21
-77.336591999999996
0
LINE
8
BLACK
6
CONTINUOUS
10
96.0590339999999969
20
-77.336591999999996
11
96.1420239999999922
21
-77.460796000000002
0
LINE
8
BLACK
6
CONTINUOUS
10
96.1420239999999922
20
-77.460796000000002
11
96.1991889999999898
21
-77.5988029999999895
0
LINE
8
BLACK
6
CONTINUOUS
10
96.1991889999999898
20
-77.5988029999999895
11
96.2283309999999972
21
-77.7453110000000009
0
LINE
8
BLACK
6
CONTINUOUS
10
96.2283309999999972
20
-77.7453110000000009
11
96.2283309999999972
21
-77.8946889999999996
0
LINE
8
BLACK
6
CONTINUOUS
10
96.2283309999999972
20
-77.8946889999999996
11
96.1991889999999898
21
-78.0411969999999968
0
LINE
8
BLACK
6
CONTINUOUS
10
96.1991889999999898
20
-78.0411969999999968
11
96.1420239999999922
21
-78.1792039999999986
0
LINE
8
BLACK
6
CONTINUOUS
10
96.1420239999999922
20
-78.1792039999999986
11
96.0590339999999969
21
-78.3034079999999904
0
LINE
8
BLACK
6
CONTINUOUS
10
96.0590339999999969
20
-78.3034079999999904
11
95.953407999999996
21
-78.4090339999999912
0
LINE
8
BLACK
6
CONTINUOUS
10
95.953407999999996
20
-78.4090339999999912
11
95.8292039999999901
21
-78.4920240000000007
0
LINE
8
BLACK
6
CONTINUOUS
10
95.8292039999999901
20
-78.4920240000000007
11
95.6911970000000025
21
-78.5491889999999984
0
LINE
8
BLACK
6
CONTINUOUS
10
95.6911970000000025
20
-78.5491889999999984
11
95.5446889999999911
21
-78.5783309999999915
0
LINE
8
BLACK
6
CONTINUOUS
10
95.5446889999999911
20
-78.5783309999999915
11
95.3953109999999924
21
-78.5783309999999915
0
LINE
8
BLACK
6
CONTINUOUS
10
95.3953109999999924
20
-78.5783309999999915
11
95.2488029999999952
21
-78.5491889999999984
0
LINE
8
BLACK
6
CONTINUOUS
10
95.2488029999999952
20
-78.5491889999999984
11
95.1107959999999935
21
-78.4920240000000007
0
LINE
8
BLACK
6
CONTINUOUS
10
95.1107959999999935
20
-78.4920240000000007
11
94.9865920000000017
21
-78.4090339999999912
0
LINE
8
BLACK
6
CONTINUOUS
10
94.9865920000000017
20
-78.4090339999999912
11
94.8809660000000008
21
-78.3034079999999904
0
LINE
8
BLACK
6
CONTINUOUS
10
94.8809660000000008
20
-78.3034079999999904
11
94.7979759999999914
21
-78.1792039999999986
0
LINE
8
BLACK
6
CONTINUOUS
10
94.7979759999999914
20
-78.1792039999999986
11
94.7408109999999937
21
-78.0411969999999968
0
LINE
8
BLACK
6
CONTINUOUS
10
94.7408109999999937
20
-78.0411969999999968
11
94.7116690000000006
21
-77.8946889999999996
0
LINE
8
BLACK
6
CONTINUOUS
10
94.7116690000000006
20
-77.8946889999999996
11
94.7116690000000006
21
-77.7453110000000009
0
LINE
8
BLACK
6
CONTINUOUS
10
94.7116690000000006
20
-77.7453110000000009
11
94.7408109999999937
21
-77.5988029999999895
0
LINE
8
BLACK
6
CONTINUOUS
10
94.7408109999999937
20
-77.5988029999999895
11
94.7979759999999914
21
-77.460796000000002
0
LINE
8
BLACK
6
CONTINUOUS
10
94.7979759999999914
20
-77.460796000000002
11
94.8809660000000008
21
-77.336591999999996
0
LINE
8
BLACK
6
CONTINUOUS
10
94.8809660000000008
20
-77.336591999999996
11
94.9865920000000017
21
-77.2309659999999951
0
LINE
8
BLACK
6
CONTINUOUS
10
94.9865920000000017
20
-77.2309659999999951
11
95.1107959999999935
21
-77.1479759999999999
0
LINE
8
BLACK
6
CONTINUOUS
10
95.1107959999999935
20
-77.1479759999999999
11
95.2488029999999952
21
-77.0908110000000022
0
LINE
8
BLACK
6
CONTINUOUS
10
95.2488029999999952
20
-77.0908110000000022
11
95.3953109999999924
21
-77.0616689999999949
0
LINE
8
BLACK
6
CONTINUOUS
10
95.3953109999999924
20
-77.0616689999999949
11
95.5446889999999911
21
-77.0616689999999949
0
LINE
8
BLACK
6
CONTINUOUS
10
95.5446889999999911
20
-77.0616689999999949
11
95.6911970000000025
21
-77.0908110000000022
0
LINE
8
BLACK
6
CONTINUOUS
10
98.2311969999999945
20
-77.0908110000000022
11
98.3692039999999963
21
-77.1479759999999999
0
LINE
8
BLACK
6
CONTINUOUS
10
98.3692039999999963
20
-77.1479759999999999
11
98.4934080000000023
21
-77.2309659999999951
0
LINE
8
BLACK
6
CONTINUOUS
10
98.4934080000000023
20
-77.2309659999999951
11
98.599033999999989
21
-77.336591999999996
0
LINE
8
BLACK
6
CONTINUOUS
10
98.599033999999989
20
-77.336591999999996
11
98.6820239999999984
21
-77.460796000000002
0
LINE
8
BLACK
6
CONTINUOUS
10
98.6820239999999984
20
-77.460796000000002
11
98.7391889999999961
21
-77.5988029999999895
0
LINE
8
BLACK
6
CONTINUOUS
10
98.7391889999999961
20
-77.5988029999999895
11
98.7683309999999892
21
-77.7453110000000009
0
LINE
8
BLACK
6
CONTINUOUS
10
98.7683309999999892
20
-77.7453110000000009
11
98.7683309999999892
21
-77.8946889999999996
0
LINE
8
BLACK
6
CONTINUOUS
10
98.7683309999999892
20
-77.8946889999999996
11
98.7391889999999961
21
-78.0411969999999968
0
LINE
8
BLACK
6
CONTINUOUS
10
98.7391889999999961
20
-78.0411969999999968
11
98.6820239999999984
21
-78.1792039999999986
0
LINE
8
BLACK
6
CONTINUOUS
10
98.6820239999999984
20
-78.1792039999999986
11
98.599033999999989
21
-78.3034079999999904
0
LINE
8
BLACK
6
CONTINUOUS
10
98.599033999999989
20
-78.3034079999999904
11
98.4934080000000023
21
-78.4090339999999912
0
LINE
8
BLACK
6
CONTINUOUS
10
98.4934080000000023
20
-78.4090339999999912
11
98.3692039999999963
21
-78.4920240000000007
0
LINE
8
BLACK
6
CONTINUOUS
10
98.3692039999999963
20
-78.4920240000000007
11
98.2311969999999945
21
-78.5491889999999984
0
LINE
8
BLACK
6
CONTINUOUS
10
98.2311969999999945
20
-78.5491889999999984
11
98.0846889999999973
21
-78.5783309999999915
0
LINE
8
BLACK
6
CONTINUOUS
10
98.0846889999999973
20
-78.5783309999999915
11
97.9353109999999987
21
-78.5783309999999915
0
LINE
8
BLACK
6
CONTINUOUS
10
97.9353109999999987
20
-78.5783309999999915
11
97.7888030000000015
21
-78.5491889999999984
0
LINE
8
BLACK
6
CONTINUOUS
10
97.7888030000000015
20
-78.5491889999999984
11
97.6507959999999997
21
-78.4920240000000007
0
LINE
8
BLACK
6
CONTINUOUS
10
97.6507959999999997
20
-78.4920240000000007
11
97.5265919999999937
21
-78.4090339999999912
0
LINE
8
BLACK
6
CONTINUOUS
10
97.5265919999999937
20
-78.4090339999999912
11
97.4209659999999928
21
-78.3034079999999904
0
LINE
8
BLACK
6
CONTINUOUS
10
97.4209659999999928
20
-78.3034079999999904
11
97.3379759999999976
21
-78.1792039999999986
0
LINE
8
BLACK
6
CONTINUOUS
10
97.3379759999999976
20
-78.1792039999999986
11
97.2808109999999999
21
-78.0411969999999968
0
LINE
8
BLACK
6
CONTINUOUS
10
97.2808109999999999
20
-78.0411969999999968
11
97.2516689999999926
21
-77.8946889999999996
0
LINE
8
BLACK
6
CONTINUOUS
10
97.2516689999999926
20
-77.8946889999999996
11
97.2516689999999926
21
-77.7453110000000009
0
LINE
8
BLACK
6
CONTINUOUS
10
97.2516689999999926
20
-77.7453110000000009
11
97.2808109999999999
21
-77.5988029999999895
0
LINE
8
BLACK
6
CONTINUOUS
10
97.2808109999999999
20
-77.5988029999999895
11
97.3379759999999976
21
-77.460796000000002
0
LINE
8
BLACK
6
CONTINUOUS
10
97.3379759999999976
20
-77.460796000000002
11
97.4209659999999928
21
-77.336591999999996
0
LINE
8
BLACK
6
CONTINUOUS
10
97.4209659999999928
20
-77.336591999999996
11
97.5265919999999937
21
-77.2309659999999951
0
LINE
8
BLACK
6
CONTINUOUS
10
97.5265919999999937
20
-77.2309659999999951
11
97.6507959999999997
21
-77.1479759999999999
0
LINE
8
BLACK
6
CONTINUOUS
10
97.6507959999999997
20
-77.1479759999999999
11
97.7888030000000015
21
-77.0908110000000022
0
LINE
8
BLACK
6
CONTINUOUS
10
97.7888030000000015
20
-77.0908110000000022
11
97.9353109999999987
21
-77.0616689999999949
0
LINE
8
BLACK
6
CONTINUOUS
10
97.9353109999999987
20
-77.0616689999999949
11
98.0846889999999973
21
-77.0616689999999949
0
LINE
8
BLACK
6
CONTINUOUS
10
98.0846889999999973
20
-77.0616689999999949
11
98.2311969999999945
21
-77.0908110000000022
0
LINE
8
BLACK
6
CONTINUOUS
10
100.7711970000000008
20
-77.0908110000000022
11
100.9092039999999884
21
-77.1479759999999999
0
LINE
8
BLACK
6
CONTINUOUS
10
100.9092039999999884
20
-77.1479759999999999
11
101.0334079999999943
21
-77.2309659999999951
0
LINE
8
BLACK
6
CONTINUOUS
10
101.0334079999999943
20
-77.2309659999999951
11
101.1390339999999952
21
-77.336591999999996
0
LINE
8
BLACK
6
CONTINUOUS
10
101.1390339999999952
20
-77.336591999999996
11
101.2220239999999905
21
-77.460796000000002
0
LINE
8
BLACK
6
CONTINUOUS
10
101.2220239999999905
20
-77.460796000000002
11
101.2791890000000024
21
-77.5988029999999895
0
LINE
8
BLACK
6
CONTINUOUS
10
101.2791890000000024
20
-77.5988029999999895
11
101.3083309999999955
21
-77.7453110000000009
0
LINE
8
BLACK
6
CONTINUOUS
10
101.3083309999999955
20
-77.7453110000000009
11
101.3083309999999955
21
-77.8946889999999996
0
LINE
8
BLACK
6
CONTINUOUS
10
101.3083309999999955
20
-77.8946889999999996
11
101.2791890000000024
21
-78.0411969999999968
0
LINE
8
BLACK
6
CONTINUOUS
10
101.2791890000000024
20
-78.0411969999999968
11
101.2220239999999905
21
-78.1792039999999986
0
LINE
8
BLACK
6
CONTINUOUS
10
101.2220239999999905
20
-78.1792039999999986
11
101.1390339999999952
21
-78.3034079999999904
0
LINE
8
BLACK
6
CONTINUOUS
10
101.1390339999999952
20
-78.3034079999999904
11
101.0334079999999943
21
-78.4090339999999912
0
LINE
8
BLACK
6
CONTINUOUS
10
101.0334079999999943
20
-78.4090339999999912
11
100.9092039999999884
21
-78.4920240000000007
0
LINE
8
BLACK
6
CONTINUOUS
10
100.9092039999999884
20
-78.4920240000000007
11
100.7711970000000008
21
-78.5491889999999984
0
LINE
8
BLACK
6
CONTINUOUS
10
100.7711970000000008
20
-78.5491889999999984
11
100.6246889999999894
21
-78.5783309999999915
0
LINE
8
BLACK
6
CONTINUOUS
10
100.6246889999999894
20
-78.5783309999999915
11
100.4753109999999907
21
-78.5783309999999915
0
LINE
8
BLACK
6
CONTINUOUS
10
100.4753109999999907
20
-78.5783309999999915
11
100.3288029999999935
21
-78.5491889999999984
0
LINE
8
BLACK
6
CONTINUOUS
10
100.3288029999999935
20
-78.5491889999999984
11
100.1907959999999917
21
-78.4920240000000007
0
LINE
8
BLACK
6
CONTINUOUS
10
100.1907959999999917
20
-78.4920240000000007
11
100.066592
21
-78.4090339999999912
0
LINE
8
BLACK
6
CONTINUOUS
10
100.066592
20
-78.4090339999999912
11
99.9609659999999991
21
-78.3034079999999904
0
LINE
8
BLACK
6
CONTINUOUS
10
99.9609659999999991
20
-78.3034079999999904
11
99.8779759999999897
21
-78.1792039999999986
0
LINE
8
BLACK
6
CONTINUOUS
10
99.8779759999999897
20
-78.1792039999999986
11
99.820810999999992
21
-78.0411969999999968
0
LINE
8
BLACK
6
CONTINUOUS
10
99.820810999999992
20
-78.0411969999999968
11
99.7916689999999988
21
-77.8946889999999996
0
LINE
8
BLACK
6
CONTINUOUS
10
99.7916689999999988
20
-77.8946889999999996
11
99.7916689999999988
21
-77.7453110000000009
0
LINE
8
BLACK
6
CONTINUOUS
10
99.7916689999999988
20
-77.7453110000000009
11
99.820810999999992
21
-77.5988029999999895
0
LINE
8
BLACK
6
CONTINUOUS
10
99.820810999999992
20
-77.5988029999999895
11
99.8779759999999897
21
-77.460796000000002
0
LINE
8
BLACK
6
CONTINUOUS
10
99.8779759999999897
20
-77.460796000000002
11
99.9609659999999991
21
-77.336591999999996
0
LINE
8
BLACK
6
CONTINUOUS
10
99.9609659999999991
20
-77.336591999999996
11
100.066592
21
-77.2309659999999951
0
LINE
8
BLACK
6
CONTINUOUS
10
100.066592
20
-77.2309659999999951
11
100.1907959999999917
21
-77.1479759999999999
0
LINE
8
BLACK
6
CONTINUOUS
10
100.1907959999999917
20
-77.1479759999999999
11
100.3288029999999935
21
-77.0908110000000022
0
LINE
8
BLACK
6
CONTINUOUS
10
100.3288029999999935
20
-77.0908110000000022
11
100.4753109999999907
21
-77.0616689999999949
0
LINE
8
BLACK
6
CONTINUOUS
10
100.4753109999999907
20
-77.0616689999999949
11
100.6246889999999894
21
-77.0616689999999949
0
LINE
8
BLACK
6
CONTINUOUS
10
100.6246889999999894
20
-77.0616689999999949
11
100.7711970000000008
21
-77.0908110000000022
0
LINE
8
BLACK
6
CONTINUOUS
10
104.4822279999999921
20
-72.8444479999999999
11
104.6271169999999984
21
-72.9044629999999927
0
LINE
8
BLACK
6
CONTINUOUS
10
104.6271169999999984
20
-72.9044629999999927
11
104.7575149999999979
21
-72.9915919999999971
0
LINE
8
BLACK
6
CONTINUOUS
10
104.7575149999999979
20
-72.9915919999999971
11
104.8684080000000023
21
-73.1024850000000015
0
LINE
8
BLACK
6
CONTINUOUS
10
104.8684080000000023
20
-73.1024850000000015
11
104.9555369999999925
21
-73.2328830000000011
0
LINE
8
BLACK
6
CONTINUOUS
10
104.9555369999999925
20
-73.2328830000000011
11
105.0155519999999996
21
-73.3777719999999931
0
LINE
8
BLACK
6
CONTINUOUS
10
105.0155519999999996
20
-73.3777719999999931
11
105.0461480000000023
21
-73.5315859999999901
0
LINE
8
BLACK
6
CONTINUOUS
10
105.0461480000000023
20
-73.5315859999999901
11
105.0461480000000023
21
-73.6884139999999945
0
LINE
8
BLACK
6
CONTINUOUS
10
105.0461480000000023
20
-73.6884139999999945
11
105.0155519999999996
21
-73.8422279999999915
0
LINE
8
BLACK
6
CONTINUOUS
10
105.0155519999999996
20
-73.8422279999999915
11
104.9555369999999925
21
-73.9871169999999978
0
LINE
8
BLACK
6
CONTINUOUS
10
104.9555369999999925
20
-73.9871169999999978
11
104.8684080000000023
21
-74.1175149999999974
0
LINE
8
BLACK
6
CONTINUOUS
10
104.8684080000000023
20
-74.1175149999999974
11
104.7575149999999979
21
-74.2284080000000017
0
LINE
8
BLACK
6
CONTINUOUS
10
104.7575149999999979
20
-74.2284080000000017
11
104.6271169999999984
21
-74.315536999999992
0
LINE
8
BLACK
6
CONTINUOUS
10
104.6271169999999984
20
-74.315536999999992
11
104.4822279999999921
21
-74.375551999999999
0
LINE
8
BLACK
6
CONTINUOUS
10
104.4822279999999921
20
-74.375551999999999
11
104.3284139999999951
21
-74.4061480000000017
0
LINE
8
BLACK
6
CONTINUOUS
10
104.3284139999999951
20
-74.4061480000000017
11
104.1715859999999907
21
-74.4061480000000017
0
LINE
8
BLACK
6
CONTINUOUS
10
104.1715859999999907
20
-74.4061480000000017
11
104.0177719999999937
21
-74.375551999999999
0
LINE
8
BLACK
6
CONTINUOUS
10
104.0177719999999937
20
-74.375551999999999
11
103.8728830000000016
21
-74.315536999999992
0
LINE
8
BLACK
6
CONTINUOUS
10
103.8728830000000016
20
-74.315536999999992
11
103.7424850000000021
21
-74.2284080000000017
0
LINE
8
BLACK
6
CONTINUOUS
10
103.7424850000000021
20
-74.2284080000000017
11
103.6315919999999977
21
-74.1175149999999974
0
LINE
8
BLACK
6
CONTINUOUS
10
103.6315919999999977
20
-74.1175149999999974
11
103.5444629999999933
21
-73.9871169999999978
0
LINE
8
BLACK
6
CONTINUOUS
10
103.5444629999999933
20
-73.9871169999999978
11
103.4844480000000004
21
-73.8422279999999915
0
LINE
8
BLACK
6
CONTINUOUS
10
103.4844480000000004
20
-73.8422279999999915
11
103.4538519999999977
21
-73.6884139999999945
0
LINE
8
BLACK
6
CONTINUOUS
10
103.4538519999999977
20
-73.6884139999999945
11
103.4538519999999977
21
-73.5315859999999901
0
LINE
8
BLACK
6
CONTINUOUS
10
103.4538519999999977
20
-73.5315859999999901
11
103.4844480000000004
21
-73.3777719999999931
0
LINE
8
BLACK
6
CONTINUOUS
10
103.4844480000000004
20
-73.3777719999999931
11
103.5444629999999933
21
-73.2328830000000011
0
LINE
8
BLACK
6
CONTINUOUS
10
103.5444629999999933
20
-73.2328830000000011
11
103.6315919999999977
21
-73.1024850000000015
0
LINE
8
BLACK
6
CONTINUOUS
10
103.6315919999999977
20
-73.1024850000000015
11
103.7424850000000021
21
-72.9915919999999971
0
LINE
8
BLACK
6
CONTINUOUS
10
103.7424850000000021
20
-72.9915919999999971
11
103.8728830000000016
21
-72.9044629999999927
0
LINE
8
BLACK
6
CONTINUOUS
10
103.8728830000000016
20
-72.9044629999999927
11
104.0177719999999937
21
-72.8444479999999999
0
LINE
8
BLACK
6
CONTINUOUS
10
104.0177719999999937
20
-72.8444479999999999
11
104.1715859999999907
21
-72.8138519999999971
0
LINE
8
BLACK
6
CONTINUOUS
10
104.1715859999999907
20
-72.8138519999999971
11
104.3284139999999951
21
-72.8138519999999971
0
LINE
8
BLACK
6
CONTINUOUS
10
104.3284139999999951
20
-72.8138519999999971
11
104.4822279999999921
21
-72.8444479999999999
0
LINE
8
BLACK
6
CONTINUOUS
10
85.4822279999999921
20
-72.7644480000000016
11
85.6271169999999984
21
-72.8244629999999944
0
LINE
8
BLACK
6
CONTINUOUS
10
85.6271169999999984
20
-72.8244629999999944
11
85.7575149999999979
21
-72.9115919999999988
0
LINE
8
BLACK
6
CONTINUOUS
10
85.7575149999999979
20
-72.9115919999999988
11
85.8684080000000023
21
-73.0224850000000032
0
LINE
8
BLACK
6
CONTINUOUS
10
85.8684080000000023
20
-73.0224850000000032
11
85.9555369999999925
21
-73.1528830000000028
0
LINE
8
BLACK
6
CONTINUOUS
10
85.9555369999999925
20
-73.1528830000000028
11
86.0155519999999996
21
-73.2977719999999948
0
LINE
8
BLACK
6
CONTINUOUS
10
86.0155519999999996
20
-73.2977719999999948
11
86.0461480000000023
21
-73.4515859999999918
0
LINE
8
BLACK
6
CONTINUOUS
10
86.0461480000000023
20
-73.4515859999999918
11
86.0461480000000023
21
-73.6084139999999962
0
LINE
8
BLACK
6
CONTINUOUS
10
86.0461480000000023
20
-73.6084139999999962
11
86.0155519999999996
21
-73.7622279999999932
0
LINE
8
BLACK
6
CONTINUOUS
10
86.0155519999999996
20
-73.7622279999999932
11
85.9555369999999925
21
-73.9071169999999995
0
LINE
8
BLACK
6
CONTINUOUS
10
85.9555369999999925
20
-73.9071169999999995
11
85.8684080000000023
21
-74.0375149999999991
0
LINE
8
BLACK
6
CONTINUOUS
10
85.8684080000000023
20
-74.0375149999999991
11
85.7575149999999979
21
-74.1484080000000034
0
LINE
8
BLACK
6
CONTINUOUS
10
85.7575149999999979
20
-74.1484080000000034
11
85.6271169999999984
21
-74.2355369999999937
0
LINE
8
BLACK
6
CONTINUOUS
10
85.6271169999999984
20
-74.2355369999999937
11
85.4822279999999921
21
-74.2955520000000007
0
LINE
8
BLACK
6
CONTINUOUS
10
85.4822279999999921
20
-74.2955520000000007
11
85.3284139999999951
21
-74.3261480000000034
0
LINE
8
BLACK
6
CONTINUOUS
10
85.3284139999999951
20
-74.3261480000000034
11
85.1715859999999907
21
-74.3261480000000034
0
LINE
8
BLACK
6
CONTINUOUS
10
85.1715859999999907
20
-74.3261480000000034
11
85.0177719999999937
21
-74.2955520000000007
0
LINE
8
BLACK
6
CONTINUOUS
10
85.0177719999999937
20
-74.2955520000000007
11
84.8728830000000016
21
-74.2355369999999937
0
LINE
8
BLACK
6
CONTINUOUS
10
84.8728830000000016
20
-74.2355369999999937
11
84.7424850000000021
21
-74.1484080000000034
0
LINE
8
BLACK
6
CONTINUOUS
10
84.7424850000000021
20
-74.1484080000000034
11
84.6315919999999977
21
-74.0375149999999991
0
LINE
8
BLACK
6
CONTINUOUS
10
84.6315919999999977
20
-74.0375149999999991
11
84.5444629999999933
21
-73.9071169999999995
0
LINE
8
BLACK
6
CONTINUOUS
10
84.5444629999999933
20
-73.9071169999999995
11
84.4844480000000004
21
-73.7622279999999932
0
LINE
8
BLACK
6
CONTINUOUS
10
84.4844480000000004
20
-73.7622279999999932
11
84.4538519999999977
21
-73.6084139999999962
0
LINE
8
BLACK
6
CONTINUOUS
10
84.4538519999999977
20
-73.6084139999999962
11
84.4538519999999977
21
-73.4515859999999918
0
LINE
8
BLACK
6
CONTINUOUS
10
84.4538519999999977
20
-73.4515859999999918
11
84.4844480000000004
21
-73.2977719999999948
0
LINE
8
BLACK
6
CONTINUOUS
10
84.4844480000000004
20
-73.2977719999999948
11
84.5444629999999933
21
-73.1528830000000028
0
LINE
8
BLACK
6
CONTINUOUS
10
84.5444629999999933
20
-73.1528830000000028
11
84.6315919999999977
21
-73.0224850000000032
0
LINE
8
BLACK
6
CONTINUOUS
10
84.6315919999999977
20
-73.0224850000000032
11
84.7424850000000021
21
-72.9115919999999988
0
LINE
8
BLACK
6
CONTINUOUS
10
84.7424850000000021
20
-72.9115919999999988
11
84.8728830000000016
21
-72.8244629999999944
0
LINE
8
BLACK
6
CONTINUOUS
10
84.8728830000000016
20
-72.8244629999999944
11
85.0177719999999937
21
-72.7644480000000016
0
LINE
8
BLACK
6
CONTINUOUS
10
85.0177719999999937
20
-72.7644480000000016
11
85.1715859999999907
21
-72.7338519999999988
0
LINE
8
BLACK
6
CONTINUOUS
10
85.1715859999999907
20
-72.7338519999999988
11
85.3284139999999951
21
-72.7338519999999988
0
LINE
8
BLACK
6
CONTINUOUS
10
85.3284139999999951
20
-72.7338519999999988
11
85.4822279999999921
21
-72.7644480000000016
0
LINE
8
BLACK
6
CONTINUOUS
10
88.0222279999999984
20
-72.7644480000000016
11
88.1671169999999904
21
-72.8244629999999944
0
LINE
8
BLACK
6
CONTINUOUS
10
88.1671169999999904
20
-72.8244629999999944
11
88.29751499999999
21
-72.9115919999999988
0
LINE
8
BLACK
6
CONTINUOUS
10
88.29751499999999
20
-72.9115919999999988
11
88.4084079999999943
21
-73.0224850000000032
0
LINE
8
BLACK
6
CONTINUOUS
10
88.4084079999999943
20
-73.0224850000000032
11
88.4955369999999988
21
-73.1528830000000028
0
LINE
8
BLACK
6
CONTINUOUS
10
88.4955369999999988
20
-73.1528830000000028
11
88.5555519999999916
21
-73.2977719999999948
0
LINE
8
BLACK
6
CONTINUOUS
10
88.5555519999999916
20
-73.2977719999999948
11
88.5861479999999943
21
-73.4515859999999918
0
LINE
8
BLACK
6
CONTINUOUS
10
88.5861479999999943
20
-73.4515859999999918
11
88.5861479999999943
21
-73.6084139999999962
0
LINE
8
BLACK
6
CONTINUOUS
10
88.5861479999999943
20
-73.6084139999999962
11
88.5555519999999916
21
-73.7622279999999932
0
LINE
8
BLACK
6
CONTINUOUS
10
88.5555519999999916
20
-73.7622279999999932
11
88.4955369999999988
21
-73.9071169999999995
0
LINE
8
BLACK
6
CONTINUOUS
10
88.4955369999999988
20
-73.9071169999999995
11
88.4084079999999943
21
-74.0375149999999991
0
LINE
8
BLACK
6
CONTINUOUS
10
88.4084079999999943
20
-74.0375149999999991
11
88.29751499999999
21
-74.1484080000000034
0
LINE
8
BLACK
6
CONTINUOUS
10
88.29751499999999
20
-74.1484080000000034
11
88.1671169999999904
21
-74.2355369999999937
0
LINE
8
BLACK
6
CONTINUOUS
10
88.1671169999999904
20
-74.2355369999999937
11
88.0222279999999984
21
-74.2955520000000007
0
LINE
8
BLACK
6
CONTINUOUS
10
88.0222279999999984
20
-74.2955520000000007
11
87.8684140000000014
21
-74.3261480000000034
0
LINE
8
BLACK
6
CONTINUOUS
10
87.8684140000000014
20
-74.3261480000000034
11
87.7115859999999969
21
-74.3261480000000034
0
LINE
8
BLACK
6
CONTINUOUS
10
87.7115859999999969
20
-74.3261480000000034
11
87.5577719999999999
21
-74.2955520000000007
0
LINE
8
BLACK
6
CONTINUOUS
10
87.5577719999999999
20
-74.2955520000000007
11
87.4128829999999937
21
-74.2355369999999937
0
LINE
8
BLACK
6
CONTINUOUS
10
87.4128829999999937
20
-74.2355369999999937
11
87.2824849999999941
21
-74.1484080000000034
0
LINE
8
BLACK
6
CONTINUOUS
10
87.2824849999999941
20
-74.1484080000000034
11
87.1715919999999898
21
-74.0375149999999991
0
LINE
8
BLACK
6
CONTINUOUS
10
87.1715919999999898
20
-74.0375149999999991
11
87.0844629999999995
21
-73.9071169999999995
0
LINE
8
BLACK
6
CONTINUOUS
10
87.0844629999999995
20
-73.9071169999999995
11
87.0244479999999925
21
-73.7622279999999932
0
LINE
8
BLACK
6
CONTINUOUS
10
87.0244479999999925
20
-73.7622279999999932
11
86.9938519999999897
21
-73.6084139999999962
0
LINE
8
BLACK
6
CONTINUOUS
10
86.9938519999999897
20
-73.6084139999999962
11
86.9938519999999897
21
-73.4515859999999918
0
LINE
8
BLACK
6
CONTINUOUS
10
86.9938519999999897
20
-73.4515859999999918
11
87.0244479999999925
21
-73.2977719999999948
0
LINE
8
BLACK
6
CONTINUOUS
10
87.0244479999999925
20
-73.2977719999999948
11
87.0844629999999995
21
-73.1528830000000028
0
LINE
8
BLACK
6
CONTINUOUS
10
87.0844629999999995
20
-73.1528830000000028
11
87.1715919999999898
21
-73.0224850000000032
0
LINE
8
BLACK
6
CONTINUOUS
10
87.1715919999999898
20
-73.0224850000000032
11
87.2824849999999941
21
-72.9115919999999988
0
LINE
8
BLACK
6
CONTINUOUS
10
87.2824849999999941
20
-72.9115919999999988
11
87.4128829999999937
21
-72.8244629999999944
0
LINE
8
BLACK
6
CONTINUOUS
10
87.4128829999999937
20
-72.8244629999999944
11
87.5577719999999999
21
-72.7644480000000016
0
LINE
8
BLACK
6
CONTINUOUS
10
87.5577719999999999
20
-72.7644480000000016
11
87.7115859999999969
21
-72.7338519999999988
0
LINE
8
BLACK
6
CONTINUOUS
10
87.7115859999999969
20
-72.7338519999999988
11
87.8684140000000014
21
-72.7338519999999988
0
LINE
8
BLACK
6
CONTINUOUS
10
87.8684140000000014
20
-72.7338519999999988
11
88.0222279999999984
21
-72.7644480000000016
0
LINE
8
BLACK
6
CONTINUOUS
10
90.5622279999999904
20
-72.7644480000000016
11
90.7071169999999967
21
-72.8244629999999944
0
LINE
8
BLACK
6
CONTINUOUS
10
90.7071169999999967
20
-72.8244629999999944
11
90.8375149999999962
21
-72.9115919999999988
0
LINE
8
BLACK
6
CONTINUOUS
10
90.8375149999999962
20
-72.9115919999999988
11
90.9484080000000006
21
-73.0224850000000032
0
LINE
8
BLACK
6
CONTINUOUS
10
90.9484080000000006
20
-73.0224850000000032
11
91.0355369999999908
21
-73.1528830000000028
0
LINE
8
BLACK
6
CONTINUOUS
10
91.0355369999999908
20
-73.1528830000000028
11
91.0955519999999979
21
-73.2977719999999948
0
LINE
8
BLACK
6
CONTINUOUS
10
91.0955519999999979
20
-73.2977719999999948
11
91.1261480000000006
21
-73.4515859999999918
0
LINE
8
BLACK
6
CONTINUOUS
10
91.1261480000000006
20
-73.4515859999999918
11
91.1261480000000006
21
-73.6084139999999962
0
LINE
8
BLACK
6
CONTINUOUS
10
91.1261480000000006
20
-73.6084139999999962
11
91.0955519999999979
21
-73.7622279999999932
0
LINE
8
BLACK
6
CONTINUOUS
10
91.0955519999999979
20
-73.7622279999999932
11
91.0355369999999908
21
-73.9071169999999995
0
LINE
8
BLACK
6
CONTINUOUS
10
91.0355369999999908
20
-73.9071169999999995
11
90.9484080000000006
21
-74.0375149999999991
0
LINE
8
BLACK
6
CONTINUOUS
10
90.9484080000000006
20
-74.0375149999999991
11
90.8375149999999962
21
-74.1484080000000034
0
LINE
8
BLACK
6
CONTINUOUS
10
90.8375149999999962
20
-74.1484080000000034
11
90.7071169999999967
21
-74.2355369999999937
0
LINE
8
BLACK
6
CONTINUOUS
10
90.7071169999999967
20
-74.2355369999999937
11
90.5622279999999904
21
-74.2955520000000007
0
LINE
8
BLACK
6
CONTINUOUS
10
90.5622279999999904
20
-74.2955520000000007
11
90.4084139999999934
21
-74.3261480000000034
0
LINE
8
BLACK
6
CONTINUOUS
10
90.4084139999999934
20
-74.3261480000000034
11
90.251585999999989
21
-74.3261480000000034
0
LINE
8
BLACK
6
CONTINUOUS
10
90.251585999999989
20
-74.3261480000000034
11
90.097771999999992
21
-74.2955520000000007
0
LINE
8
BLACK
6
CONTINUOUS
10
90.097771999999992
20
-74.2955520000000007
11
89.9528829999999999
21
-74.2355369999999937
0
LINE
8
BLACK
6
CONTINUOUS
10
89.9528829999999999
20
-74.2355369999999937
11
89.8224850000000004
21
-74.1484080000000034
0
LINE
8
BLACK
6
CONTINUOUS
10
89.8224850000000004
20
-74.1484080000000034
11
89.711591999999996
21
-74.0375149999999991
0
LINE
8
BLACK
6
CONTINUOUS
10
89.711591999999996
20
-74.0375149999999991
11
89.6244629999999916
21
-73.9071169999999995
0
LINE
8
BLACK
6
CONTINUOUS
10
89.6244629999999916
20
-73.9071169999999995
11
89.5644479999999987
21
-73.7622279999999932
0
LINE
8
BLACK
6
CONTINUOUS
10
89.5644479999999987
20
-73.7622279999999932
11
89.533851999999996
21
-73.6084139999999962
0
LINE
8
BLACK
6
CONTINUOUS
10
89.533851999999996
20
-73.6084139999999962
11
89.533851999999996
21
-73.4515859999999918
0
LINE
8
BLACK
6
CONTINUOUS
10
89.533851999999996
20
-73.4515859999999918
11
89.5644479999999987
21
-73.2977719999999948
0
LINE
8
BLACK
6
CONTINUOUS
10
89.5644479999999987
20
-73.2977719999999948
11
89.6244629999999916
21
-73.1528830000000028
0
LINE
8
BLACK
6
CONTINUOUS
10
89.6244629999999916
20
-73.1528830000000028
11
89.711591999999996
21
-73.0224850000000032
0
LINE
8
BLACK
6
CONTINUOUS
10
89.711591999999996
20
-73.0224850000000032
11
89.8224850000000004
21
-72.9115919999999988
0
LINE
8
BLACK
6
CONTINUOUS
10
89.8224850000000004
20
-72.9115919999999988
11
89.9528829999999999
21
-72.8244629999999944
0
LINE
8
BLACK
6
CONTINUOUS
10
89.9528829999999999
20
-72.8244629999999944
11
90.097771999999992
21
-72.7644480000000016
0
LINE
8
BLACK
6
CONTINUOUS
10
90.097771999999992
20
-72.7644480000000016
11
90.251585999999989
21
-72.7338519999999988
0
LINE
8
BLACK
6
CONTINUOUS
10
90.251585999999989
20
-72.7338519999999988
11
90.4084139999999934
21
-72.7338519999999988
0
LINE
8
BLACK
6
CONTINUOUS
10
90.4084139999999934
20
-72.7338519999999988
11
90.5622279999999904
21
-72.7644480000000016
0
LINE
8
BLACK
6
CONTINUOUS
10
93.1022279999999967
20
-72.7644480000000016
11
93.2471169999999887
21
-72.8244629999999944
0
LINE
8
BLACK
6
CONTINUOUS
10
93.2471169999999887
20
-72.8244629999999944
11
93.3775150000000025
21
-72.9115919999999988
0
LINE
8
BLACK
6
CONTINUOUS
10
93.3775150000000025
20
-72.9115919999999988
11
93.4884079999999926
21
-73.0224850000000032
0
LINE
8
BLACK
6
CONTINUOUS
10
93.4884079999999926
20
-73.0224850000000032
11
93.5755369999999971
21
-73.1528830000000028
0
LINE
8
BLACK
6
CONTINUOUS
10
93.5755369999999971
20
-73.1528830000000028
11
93.6355519999999899
21
-73.2977719999999948
0
LINE
8
BLACK
6
CONTINUOUS
10
93.6355519999999899
20
-73.2977719999999948
11
93.6661479999999926
21
-73.4515859999999918
0
LINE
8
BLACK
6
CONTINUOUS
10
93.6661479999999926
20
-73.4515859999999918
11
93.6661479999999926
21
-73.6084139999999962
0
LINE
8
BLACK
6
CONTINUOUS
10
93.6661479999999926
20
-73.6084139999999962
11
93.6355519999999899
21
-73.7622279999999932
0
LINE
8
BLACK
6
CONTINUOUS
10
93.6355519999999899
20
-73.7622279999999932
11
93.5755369999999971
21
-73.9071169999999995
0
LINE
8
BLACK
6
CONTINUOUS
10
93.5755369999999971
20
-73.9071169999999995
11
93.4884079999999926
21
-74.0375149999999991
0
LINE
8
BLACK
6
CONTINUOUS
10
93.4884079999999926
20
-74.0375149999999991
11
93.3775150000000025
21
-74.1484080000000034
0
LINE
8
BLACK
6
CONTINUOUS
10
93.3775150000000025
20
-74.1484080000000034
11
93.2471169999999887
21
-74.2355369999999937
0
LINE
8
BLACK
6
CONTINUOUS
10
93.2471169999999887
20
-74.2355369999999937
11
93.1022279999999967
21
-74.2955520000000007
0
LINE
8
BLACK
6
CONTINUOUS
10
93.1022279999999967
20
-74.2955520000000007
11
92.9484139999999996
21
-74.3261480000000034
0
LINE
8
BLACK
6
CONTINUOUS
10
92.9484139999999996
20
-74.3261480000000034
11
92.7915859999999952
21
-74.3261480000000034
0
LINE
8
BLACK
6
CONTINUOUS
10
92.7915859999999952
20
-74.3261480000000034
11
92.6377719999999982
21
-74.2955520000000007
0
LINE
8
BLACK
6
CONTINUOUS
10
92.6377719999999982
20
-74.2955520000000007
11
92.492882999999992
21
-74.2355369999999937
0
LINE
8
BLACK
6
CONTINUOUS
10
92.492882999999992
20
-74.2355369999999937
11
92.3624849999999924
21
-74.1484080000000034
0
LINE
8
BLACK
6
CONTINUOUS
10
92.3624849999999924
20
-74.1484080000000034
11
92.2515920000000023
21
-74.0375149999999991
0
LINE
8
BLACK
6
CONTINUOUS
10
92.2515920000000023
20
-74.0375149999999991
11
92.1644629999999978
21
-73.9071169999999995
0
LINE
8
BLACK
6
CONTINUOUS
10
92.1644629999999978
20
-73.9071169999999995
11
92.1044479999999908
21
-73.7622279999999932
0
LINE
8
BLACK
6
CONTINUOUS
10
92.1044479999999908
20
-73.7622279999999932
11
92.0738520000000022
21
-73.6084139999999962
0
LINE
8
BLACK
6
CONTINUOUS
10
92.0738520000000022
20
-73.6084139999999962
11
92.0738520000000022
21
-73.4515859999999918
0
LINE
8
BLACK
6
CONTINUOUS
10
92.0738520000000022
20
-73.4515859999999918
11
92.1044479999999908
21
-73.2977719999999948
0
LINE
8
BLACK
6
CONTINUOUS
10
92.1044479999999908
20
-73.2977719999999948
11
92.1644629999999978
21
-73.1528830000000028
0
LINE
8
BLACK
6
CONTINUOUS
10
92.1644629999999978
20
-73.1528830000000028
11
92.2515920000000023
21
-73.0224850000000032
0
LINE
8
BLACK
6
CONTINUOUS
10
92.2515920000000023
20
-73.0224850000000032
11
92.3624849999999924
21
-72.9115919999999988
0
LINE
8
BLACK
6
CONTINUOUS
10
92.3624849999999924
20
-72.9115919999999988
11
92.492882999999992
21
-72.8244629999999944
0
LINE
8
BLACK
6
CONTINUOUS
10
92.492882999999992
20
-72.8244629999999944
11
92.6377719999999982
21
-72.7644480000000016
0
LINE
8
BLACK
6
CONTINUOUS
10
92.6377719999999982
20
-72.7644480000000016
11
92.7915859999999952
21
-72.7338519999999988
0
LINE
8
BLACK
6
CONTINUOUS
10
92.7915859999999952
20
-72.7338519999999988
11
92.9484139999999996
21
-72.7338519999999988
0
LINE
8
BLACK
6
CONTINUOUS
10
92.9484139999999996
20
-72.7338519999999988
11
93.1022279999999967
21
-72.7644480000000016
0
LINE
8
BLACK
6
CONTINUOUS
10
95.6422279999999887
20
-72.7644480000000016
11
95.787116999999995
21
-72.8244629999999944
0
LINE
8
BLACK
6
CONTINUOUS
10
95.787116999999995
20
-72.8244629999999944
11
95.9175149999999945
21
-72.9115919999999988
0
LINE
8
BLACK
6
CONTINUOUS
10
95.9175149999999945
20
-72.9115919999999988
11
96.0284079999999989
21
-73.0224850000000032
0
LINE
8
BLACK
6
CONTINUOUS
10
96.0284079999999989
20
-73.0224850000000032
11
96.1155369999999891
21
-73.1528830000000028
0
LINE
8
BLACK
6
CONTINUOUS
10
96.1155369999999891
20
-73.1528830000000028
11
96.1755519999999962
21
-73.2977719999999948
0
LINE
8
BLACK
6
CONTINUOUS
10
96.1755519999999962
20
-73.2977719999999948
11
96.2061479999999989
21
-73.4515859999999918
0
LINE
8
BLACK
6
CONTINUOUS
10
96.2061479999999989
20
-73.4515859999999918
11
96.2061479999999989
21
-73.6084139999999962
0
LINE
8
BLACK
6
CONTINUOUS
10
96.2061479999999989
20
-73.6084139999999962
11
96.1755519999999962
21
-73.7622279999999932
0
LINE
8
BLACK
6
CONTINUOUS
10
96.1755519999999962
20
-73.7622279999999932
11
96.1155369999999891
21
-73.9071169999999995
0
LINE
8
BLACK
6
CONTINUOUS
10
96.1155369999999891
20
-73.9071169999999995
11
96.0284079999999989
21
-74.0375149999999991
0
LINE
8
BLACK
6
CONTINUOUS
10
96.0284079999999989
20
-74.0375149999999991
11
95.9175149999999945
21
-74.1484080000000034
0
LINE
8
BLACK
6
CONTINUOUS
10
95.9175149999999945
20
-74.1484080000000034
11
95.787116999999995
21
-74.2355369999999937
0
LINE
8
BLACK
6
CONTINUOUS
10
95.787116999999995
20
-74.2355369999999937
11
95.6422279999999887
21
-74.2955520000000007
0
LINE
8
BLACK
6
CONTINUOUS
10
95.6422279999999887
20
-74.2955520000000007
11
95.4884139999999917
21
-74.3261480000000034
0
LINE
8
BLACK
6
CONTINUOUS
10
95.4884139999999917
20
-74.3261480000000034
11
95.3315860000000015
21
-74.3261480000000034
0
LINE
8
BLACK
6
CONTINUOUS
10
95.3315860000000015
20
-74.3261480000000034
11
95.1777719999999903
21
-74.2955520000000007
0
LINE
8
BLACK
6
CONTINUOUS
10
95.1777719999999903
20
-74.2955520000000007
11
95.0328829999999982
21
-74.2355369999999937
0
LINE
8
BLACK
6
CONTINUOUS
10
95.0328829999999982
20
-74.2355369999999937
11
94.9024849999999986
21
-74.1484080000000034
0
LINE
8
BLACK
6
CONTINUOUS
10
94.9024849999999986
20
-74.1484080000000034
11
94.7915919999999943
21
-74.0375149999999991
0
LINE
8
BLACK
6
CONTINUOUS
10
94.7915919999999943
20
-74.0375149999999991
11
94.7044629999999898
21
-73.9071169999999995
0
LINE
8
BLACK
6
CONTINUOUS
10
94.7044629999999898
20
-73.9071169999999995
11
94.644447999999997
21
-73.7622279999999932
0
LINE
8
BLACK
6
CONTINUOUS
10
94.644447999999997
20
-73.7622279999999932
11
94.6138519999999943
21
-73.6084139999999962
0
LINE
8
BLACK
6
CONTINUOUS
10
94.6138519999999943
20
-73.6084139999999962
11
94.6138519999999943
21
-73.4515859999999918
0
LINE
8
BLACK
6
CONTINUOUS
10
94.6138519999999943
20
-73.4515859999999918
11
94.644447999999997
21
-73.2977719999999948
0
LINE
8
BLACK
6
CONTINUOUS
10
94.644447999999997
20
-73.2977719999999948
11
94.7044629999999898
21
-73.1528830000000028
0
LINE
8
BLACK
6
CONTINUOUS
10
94.7044629999999898
20
-73.1528830000000028
11
94.7915919999999943
21
-73.0224850000000032
0
LINE
8
BLACK
6
CONTINUOUS
10
94.7915919999999943
20
-73.0224850000000032
11
94.9024849999999986
21
-72.9115919999999988
0
LINE
8
BLACK
6
CONTINUOUS
10
94.9024849999999986
20
-72.9115919999999988
11
95.0328829999999982
21
-72.8244629999999944
0
LINE
8
BLACK
6
CONTINUOUS
10
95.0328829999999982
20
-72.8244629999999944
11
95.1777719999999903
21
-72.7644480000000016
0
LINE
8
BLACK
6
CONTINUOUS
10
95.1777719999999903
20
-72.7644480000000016
11
95.3315860000000015
21
-72.7338519999999988
0
LINE
8
BLACK
6
CONTINUOUS
10
95.3315860000000015
20
-72.7338519999999988
11
95.4884139999999917
21
-72.7338519999999988
0
LINE
8
BLACK
6
CONTINUOUS
10
95.4884139999999917
20
-72.7338519999999988
11
95.6422279999999887
21
-72.7644480000000016
0
LINE
8
BLACK
6
CONTINUOUS
10
98.1822279999999949
20
-72.7644480000000016
11
98.3271170000000012
21
-72.8244629999999944
0
LINE
8
BLACK
6
CONTINUOUS
10
98.3271170000000012
20
-72.8244629999999944
11
98.4575150000000008
21
-72.9115919999999988
0
LINE
8
BLACK
6
CONTINUOUS
10
98.4575150000000008
20
-72.9115919999999988
11
98.5684079999999909
21
-73.0224850000000032
0
LINE
8
BLACK
6
CONTINUOUS
10
98.5684079999999909
20
-73.0224850000000032
11
98.6555369999999954
21
-73.1528830000000028
0
LINE
8
BLACK
6
CONTINUOUS
10
98.6555369999999954
20
-73.1528830000000028
11
98.7155520000000024
21
-73.2977719999999948
0
LINE
8
BLACK
6
CONTINUOUS
10
98.7155520000000024
20
-73.2977719999999948
11
98.7461479999999909
21
-73.4515859999999918
0
LINE
8
BLACK
6
CONTINUOUS
10
98.7461479999999909
20
-73.4515859999999918
11
98.7461479999999909
21
-73.6084139999999962
0
LINE
8
BLACK
6
CONTINUOUS
10
98.7461479999999909
20
-73.6084139999999962
11
98.7155520000000024
21
-73.7622279999999932
0
LINE
8
BLACK
6
CONTINUOUS
10
98.7155520000000024
20
-73.7622279999999932
11
98.6555369999999954
21
-73.9071169999999995
0
LINE
8
BLACK
6
CONTINUOUS
10
98.6555369999999954
20
-73.9071169999999995
11
98.5684079999999909
21
-74.0375149999999991
0
LINE
8
BLACK
6
CONTINUOUS
10
98.5684079999999909
20
-74.0375149999999991
11
98.4575150000000008
21
-74.1484080000000034
0
LINE
8
BLACK
6
CONTINUOUS
10
98.4575150000000008
20
-74.1484080000000034
11
98.3271170000000012
21
-74.2355369999999937
0
LINE
8
BLACK
6
CONTINUOUS
10
98.3271170000000012
20
-74.2355369999999937
11
98.1822279999999949
21
-74.2955520000000007
0
LINE
8
BLACK
6
CONTINUOUS
10
98.1822279999999949
20
-74.2955520000000007
11
98.0284139999999979
21
-74.3261480000000034
0
LINE
8
BLACK
6
CONTINUOUS
10
98.0284139999999979
20
-74.3261480000000034
11
97.8715859999999935
21
-74.3261480000000034
0
LINE
8
BLACK
6
CONTINUOUS
10
97.8715859999999935
20
-74.3261480000000034
11
97.7177719999999965
21
-74.2955520000000007
0
LINE
8
BLACK
6
CONTINUOUS
10
97.7177719999999965
20
-74.2955520000000007
11
97.5728829999999903
21
-74.2355369999999937
0
LINE
8
BLACK
6
CONTINUOUS
10
97.5728829999999903
20
-74.2355369999999937
11
97.4424849999999907
21
-74.1484080000000034
0
LINE
8
BLACK
6
CONTINUOUS
10
97.4424849999999907
20
-74.1484080000000034
11
97.3315920000000006
21
-74.0375149999999991
0
LINE
8
BLACK
6
CONTINUOUS
10
97.3315920000000006
20
-74.0375149999999991
11
97.2444629999999961
21
-73.9071169999999995
0
LINE
8
BLACK
6
CONTINUOUS
10
97.2444629999999961
20
-73.9071169999999995
11
97.1844479999999891
21
-73.7622279999999932
0
LINE
8
BLACK
6
CONTINUOUS
10
97.1844479999999891
20
-73.7622279999999932
11
97.1538520000000005
21
-73.6084139999999962
0
LINE
8
BLACK
6
CONTINUOUS
10
97.1538520000000005
20
-73.6084139999999962
11
97.1538520000000005
21
-73.4515859999999918
0
LINE
8
BLACK
6
CONTINUOUS
10
97.1538520000000005
20
-73.4515859999999918
11
97.1844479999999891
21
-73.2977719999999948
0
LINE
8
BLACK
6
CONTINUOUS
10
97.1844479999999891
20
-73.2977719999999948
11
97.2444629999999961
21
-73.1528830000000028
0
LINE
8
BLACK
6
CONTINUOUS
10
97.2444629999999961
20
-73.1528830000000028
11
97.3315920000000006
21
-73.0224850000000032
0
LINE
8
BLACK
6
CONTINUOUS
10
97.3315920000000006
20
-73.0224850000000032
11
97.4424849999999907
21
-72.9115919999999988
0
LINE
8
BLACK
6
CONTINUOUS
10
97.4424849999999907
20
-72.9115919999999988
11
97.5728829999999903
21
-72.8244629999999944
0
LINE
8
BLACK
6
CONTINUOUS
10
97.5728829999999903
20
-72.8244629999999944
11
97.7177719999999965
21
-72.7644480000000016
0
LINE
8
BLACK
6
CONTINUOUS
10
97.7177719999999965
20
-72.7644480000000016
11
97.8715859999999935
21
-72.7338519999999988
0
LINE
8
BLACK
6
CONTINUOUS
10
97.8715859999999935
20
-72.7338519999999988
11
98.0284139999999979
21
-72.7338519999999988
0
LINE
8
BLACK
6
CONTINUOUS
10
98.0284139999999979
20
-72.7338519999999988
11
98.1822279999999949
21
-72.7644480000000016
0
LINE
8
BLACK
6
CONTINUOUS
10
100.7222280000000012
20
-72.7644480000000016
11
100.8671169999999933
21
-72.8244629999999944
0
LINE
8
BLACK
6
CONTINUOUS
10
100.8671169999999933
20
-72.8244629999999944
11
100.9975149999999928
21
-72.9115919999999988
0
LINE
8
BLACK
6
CONTINUOUS
10
100.9975149999999928
20
-72.9115919999999988
11
101.1084079999999972
21
-73.0224850000000032
0
LINE
8
BLACK
6
CONTINUOUS
10
101.1084079999999972
20
-73.0224850000000032
11
101.1955370000000016
21
-73.1528830000000028
0
LINE
8
BLACK
6
CONTINUOUS
10
101.1955370000000016
20
-73.1528830000000028
11
101.2555519999999945
21
-73.2977719999999948
0
LINE
8
BLACK
6
CONTINUOUS
10
101.2555519999999945
20
-73.2977719999999948
11
101.2861479999999972
21
-73.4515859999999918
0
LINE
8
BLACK
6
CONTINUOUS
10
101.2861479999999972
20
-73.4515859999999918
11
101.2861479999999972
21
-73.6084139999999962
0
LINE
8
BLACK
6
CONTINUOUS
10
101.2861479999999972
20
-73.6084139999999962
11
101.2555519999999945
21
-73.7622279999999932
0
LINE
8
BLACK
6
CONTINUOUS
10
101.2555519999999945
20
-73.7622279999999932
11
101.1955370000000016
21
-73.9071169999999995
0
LINE
8
BLACK
6
CONTINUOUS
10
101.1955370000000016
20
-73.9071169999999995
11
101.1084079999999972
21
-74.0375149999999991
0
LINE
8
BLACK
6
CONTINUOUS
10
101.1084079999999972
20
-74.0375149999999991
11
100.9975149999999928
21
-74.1484080000000034
0
LINE
8
BLACK
6
CONTINUOUS
10
100.9975149999999928
20
-74.1484080000000034
11
100.8671169999999933
21
-74.2355369999999937
0
LINE
8
BLACK
6
CONTINUOUS
10
100.8671169999999933
20
-74.2355369999999937
11
100.7222280000000012
21
-74.2955520000000007
0
LINE
8
BLACK
6
CONTINUOUS
10
100.7222280000000012
20
-74.2955520000000007
11
100.56841399999999
21
-74.3261480000000034
0
LINE
8
BLACK
6
CONTINUOUS
10
100.56841399999999
20
-74.3261480000000034
11
100.4115859999999998
21
-74.3261480000000034
0
LINE
8
BLACK
6
CONTINUOUS
10
100.4115859999999998
20
-74.3261480000000034
11
100.2577719999999886
21
-74.2955520000000007
0
LINE
8
BLACK
6
CONTINUOUS
10
100.2577719999999886
20
-74.2955520000000007
11
100.1128829999999965
21
-74.2355369999999937
0
LINE
8
BLACK
6
CONTINUOUS
10
100.1128829999999965
20
-74.2355369999999937
11
99.9824849999999969
21
-74.1484080000000034
0
LINE
8
BLACK
6
CONTINUOUS
10
99.9824849999999969
20
-74.1484080000000034
11
99.8715919999999926
21
-74.0375149999999991
0
LINE
8
BLACK
6
CONTINUOUS
10
99.8715919999999926
20
-74.0375149999999991
11
99.7844630000000024
21
-73.9071169999999995
0
LINE
8
BLACK
6
CONTINUOUS
10
99.7844630000000024
20
-73.9071169999999995
11
99.7244479999999953
21
-73.7622279999999932
0
LINE
8
BLACK
6
CONTINUOUS
10
99.7244479999999953
20
-73.7622279999999932
11
99.6938519999999926
21
-73.6084139999999962
0
LINE
8
BLACK
6
CONTINUOUS
10
99.6938519999999926
20
-73.6084139999999962
11
99.6938519999999926
21
-73.4515859999999918
0
LINE
8
BLACK
6
CONTINUOUS
10
99.6938519999999926
20
-73.4515859999999918
11
99.7244479999999953
21
-73.2977719999999948
0
LINE
8
BLACK
6
CONTINUOUS
10
99.7244479999999953
20
-73.2977719999999948
11
99.7844630000000024
21
-73.1528830000000028
0
LINE
8
BLACK
6
CONTINUOUS
10
99.7844630000000024
20
-73.1528830000000028
11
99.8715919999999926
21
-73.0224850000000032
0
LINE
8
BLACK
6
CONTINUOUS
10
99.8715919999999926
20
-73.0224850000000032
11
99.9824849999999969
21
-72.9115919999999988
0
LINE
8
BLACK
6
CONTINUOUS
10
99.9824849999999969
20
-72.9115919999999988
11
100.1128829999999965
21
-72.8244629999999944
0
LINE
8
BLACK
6
CONTINUOUS
10
100.1128829999999965
20
-72.8244629999999944
11
100.2577719999999886
21
-72.7644480000000016
0
LINE
8
BLACK
6
CONTINUOUS
10
100.2577719999999886
20
-72.7644480000000016
11
100.4115859999999998
21
-72.7338519999999988
0
LINE
8
BLACK
6
CONTINUOUS
10
100.4115859999999998
20
-72.7338519999999988
11
100.56841399999999
21
-72.7338519999999988
0
LINE
8
BLACK
6
CONTINUOUS
10
100.56841399999999
20
-72.7338519999999988
11
100.7222280000000012
21
-72.7644480000000016
0
LINE
8
BLACK
6
CONTINUOUS
10
104.4822279999999921
20
-70.3444479999999999
11
104.6271169999999984
21
-70.4044629999999927
0
LINE
8
BLACK
6
CONTINUOUS
10
104.6271169999999984
20
-70.4044629999999927
11
104.7575149999999979
21
-70.4915919999999971
0
LINE
8
BLACK
6
CONTINUOUS
10
104.7575149999999979
20
-70.4915919999999971
11
104.8684080000000023
21
-70.6024850000000015
0
LINE
8
BLACK
6
CONTINUOUS
10
104.8684080000000023
20
-70.6024850000000015
11
104.9555369999999925
21
-70.7328830000000011
0
LINE
8
BLACK
6
CONTINUOUS
10
104.9555369999999925
20
-70.7328830000000011
11
105.0155519999999996
21
-70.8777719999999931
0
LINE
8
BLACK
6
CONTINUOUS
10
105.0155519999999996
20
-70.8777719999999931
11
105.0461480000000023
21
-71.0315859999999901
0
LINE
8
BLACK
6
CONTINUOUS
10
105.0461480000000023
20
-71.0315859999999901
11
105.0461480000000023
21
-71.1884139999999945
0
LINE
8
BLACK
6
CONTINUOUS
10
105.0461480000000023
20
-71.1884139999999945
11
105.0155519999999996
21
-71.3422279999999915
0
LINE
8
BLACK
6
CONTINUOUS
10
105.0155519999999996
20
-71.3422279999999915
11
104.9555369999999925
21
-71.4871169999999978
0
LINE
8
BLACK
6
CONTINUOUS
10
104.9555369999999925
20
-71.4871169999999978
11
104.8684080000000023
21
-71.6175149999999974
0
LINE
8
BLACK
6
CONTINUOUS
10
104.8684080000000023
20
-71.6175149999999974
11
104.7575149999999979
21
-71.7284080000000017
0
LINE
8
BLACK
6
CONTINUOUS
10
104.7575149999999979
20
-71.7284080000000017
11
104.6271169999999984
21
-71.815536999999992
0
LINE
8
BLACK
6
CONTINUOUS
10
104.6271169999999984
20
-71.815536999999992
11
104.4822279999999921
21
-71.875551999999999
0
LINE
8
BLACK
6
CONTINUOUS
10
104.4822279999999921
20
-71.875551999999999
11
104.3284139999999951
21
-71.9061480000000017
0
LINE
8
BLACK
6
CONTINUOUS
10
104.3284139999999951
20
-71.9061480000000017
11
104.1715859999999907
21
-71.9061480000000017
0
LINE
8
BLACK
6
CONTINUOUS
10
104.1715859999999907
20
-71.9061480000000017
11
104.0177719999999937
21
-71.875551999999999
0
LINE
8
BLACK
6
CONTINUOUS
10
104.0177719999999937
20
-71.875551999999999
11
103.8728830000000016
21
-71.815536999999992
0
LINE
8
BLACK
6
CONTINUOUS
10
103.8728830000000016
20
-71.815536999999992
11
103.7424850000000021
21
-71.7284080000000017
0
LINE
8
BLACK
6
CONTINUOUS
10
103.7424850000000021
20
-71.7284080000000017
11
103.6315919999999977
21
-71.6175149999999974
0
LINE
8
BLACK
6
CONTINUOUS
10
103.6315919999999977
20
-71.6175149999999974
11
103.5444629999999933
21
-71.4871169999999978
0
LINE
8
BLACK
6
CONTINUOUS
10
103.5444629999999933
20
-71.4871169999999978
11
103.4844480000000004
21
-71.3422279999999915
0
LINE
8
BLACK
6
CONTINUOUS
10
103.4844480000000004
20
-71.3422279999999915
11
103.4538519999999977
21
-71.1884139999999945
0
LINE
8
BLACK
6
CONTINUOUS
10
103.4538519999999977
20
-71.1884139999999945
11
103.4538519999999977
21
-71.0315859999999901
0
LINE
8
BLACK
6
CONTINUOUS
10
103.4538519999999977
20
-71.0315859999999901
11
103.4844480000000004
21
-70.8777719999999931
0
LINE
8
BLACK
6
CONTINUOUS
10
103.4844480000000004
20
-70.8777719999999931
11
103.5444629999999933
21
-70.7328830000000011
0
LINE
8
BLACK
6
CONTINUOUS
10
103.5444629999999933
20
-70.7328830000000011
11
103.6315919999999977
21
-70.6024850000000015
0
LINE
8
BLACK
6
CONTINUOUS
10
103.6315919999999977
20
-70.6024850000000015
11
103.7424850000000021
21
-70.4915919999999971
0
LINE
8
BLACK
6
CONTINUOUS
10
103.7424850000000021
20
-70.4915919999999971
11
103.8728830000000016
21
-70.4044629999999927
0
LINE
8
BLACK
6
CONTINUOUS
10
103.8728830000000016
20
-70.4044629999999927
11
104.0177719999999937
21
-70.3444479999999999
0
LINE
8
BLACK
6
CONTINUOUS
10
104.0177719999999937
20
-70.3444479999999999
11
104.1715859999999907
21
-70.3138519999999971
0
LINE
8
BLACK
6
CONTINUOUS
10
104.1715859999999907
20
-70.3138519999999971
11
104.3284139999999951
21
-70.3138519999999971
0
LINE
8
BLACK
6
CONTINUOUS
10
104.3284139999999951
20
-70.3138519999999971
11
104.4822279999999921
21
-70.3444479999999999
0
LINE
8
BLACK
6
CONTINUOUS
10
101.1356710000000021
20
-65.1290300000000002
11
101.2167769999999933
21
-65.1832229999999981
0
LINE
8
BLACK
6
CONTINUOUS
10
101.2167769999999933
20
-65.1832229999999981
11
101.2709699999999913
21
-65.2643290000000036
0
LINE
8
BLACK
6
CONTINUOUS
10
101.2709699999999913
20
-65.2643290000000036
11
101.289999999999992
21
-65.3599999999999994
0
LINE
8
BLACK
6
CONTINUOUS
10
101.289999999999992
20
-65.3599999999999994
11
101.289999999999992
21
-66.4599999999999937
0
LINE
8
BLACK
6
CONTINUOUS
10
101.289999999999992
20
-66.4599999999999937
11
101.2709699999999913
21
-66.5556710000000038
0
LINE
8
BLACK
6
CONTINUOUS
10
101.2709699999999913
20
-66.5556710000000038
11
101.2167769999999933
21
-66.636776999999995
0
LINE
8
BLACK
6
CONTINUOUS
10
101.2167769999999933
20
-66.636776999999995
11
101.1356710000000021
21
-66.690969999999993
0
LINE
8
BLACK
6
CONTINUOUS
10
101.1356710000000021
20
-66.690969999999993
11
101.039999999999992
21
-66.7099999999999937
0
LINE
8
BLACK
6
CONTINUOUS
10
101.039999999999992
20
-66.7099999999999937
11
99.9399999999999977
21
-66.7099999999999937
0
LINE
8
BLACK
6
CONTINUOUS
10
99.9399999999999977
20
-66.7099999999999937
11
99.8443290000000019
21
-66.690969999999993
0
LINE
8
BLACK
6
CONTINUOUS
10
99.8443290000000019
20
-66.690969999999993
11
99.7632229999999964
21
-66.636776999999995
0
LINE
8
BLACK
6
CONTINUOUS
10
99.7632229999999964
20
-66.636776999999995
11
99.7090299999999985
21
-66.5556710000000038
0
LINE
8
BLACK
6
CONTINUOUS
10
99.7090299999999985
20
-66.5556710000000038
11
99.6899999999999977
21
-66.4599999999999937
0
LINE
8
BLACK
6
CONTINUOUS
10
99.6899999999999977
20
-66.4599999999999937
11
99.6899999999999977
21
-65.3599999999999994
0
LINE
8
BLACK
6
CONTINUOUS
10
99.6899999999999977
20
-65.3599999999999994
11
99.7090299999999985
21
-65.2643290000000036
0
LINE
8
BLACK
6
CONTINUOUS
10
99.7090299999999985
20
-65.2643290000000036
11
99.7632229999999964
21
-65.1832229999999981
0
LINE
8
BLACK
6
CONTINUOUS
10
99.7632229999999964
20
-65.1832229999999981
11
99.8443290000000019
21
-65.1290300000000002
0
LINE
8
BLACK
6
CONTINUOUS
10
99.8443290000000019
20
-65.1290300000000002
11
99.9399999999999977
21
-65.1099999999999994
0
LINE
8
BLACK
6
CONTINUOUS
10
99.9399999999999977
20
-65.1099999999999994
11
101.039999999999992
21
-65.1099999999999994
0
LINE
8
BLACK
6
CONTINUOUS
10
101.039999999999992
20
-65.1099999999999994
11
101.1356710000000021
21
-65.1290300000000002
0
LINE
8
BLACK
6
CONTINUOUS
10
85.4822279999999921
20
-65.144447999999997
11
85.6271169999999984
21
-65.2044630000000041
0
LINE
8
BLACK
6
CONTINUOUS
10
85.6271169999999984
20
-65.2044630000000041
11
85.7575149999999979
21
-65.2915919999999943
0
LINE
8
BLACK
6
CONTINUOUS
10
85.7575149999999979
20
-65.2915919999999943
11
85.8684080000000023
21
-65.4024849999999986
0
LINE
8
BLACK
6
CONTINUOUS
10
85.8684080000000023
20
-65.4024849999999986
11
85.9555369999999925
21
-65.5328829999999982
0
LINE
8
BLACK
6
CONTINUOUS
10
85.9555369999999925
20
-65.5328829999999982
11
86.0155519999999996
21
-65.6777719999999903
0
LINE
8
BLACK
6
CONTINUOUS
10
86.0155519999999996
20
-65.6777719999999903
11
86.0461480000000023
21
-65.8315860000000015
0
LINE
8
BLACK
6
CONTINUOUS
10
86.0461480000000023
20
-65.8315860000000015
11
86.0461480000000023
21
-65.9884139999999917
0
LINE
8
BLACK
6
CONTINUOUS
10
86.0461480000000023
20
-65.9884139999999917
11
86.0155519999999996
21
-66.1422280000000029
0
LINE
8
BLACK
6
CONTINUOUS
10
86.0155519999999996
20
-66.1422280000000029
11
85.9555369999999925
21
-66.287116999999995
0
LINE
8
BLACK
6
CONTINUOUS
10
85.9555369999999925
20
-66.287116999999995
11
85.8684080000000023
21
-66.4175149999999945
0
LINE
8
BLACK
6
CONTINUOUS
10
85.8684080000000023
20
-66.4175149999999945
11
85.7575149999999979
21
-66.5284079999999989
0
LINE
8
BLACK
6
CONTINUOUS
10
85.7575149999999979
20
-66.5284079999999989
11
85.6271169999999984
21
-66.6155370000000033
0
LINE
8
BLACK
6
CONTINUOUS
10
85.6271169999999984
20
-66.6155370000000033
11
85.4822279999999921
21
-66.6755519999999962
0
LINE
8
BLACK
6
CONTINUOUS
10
85.4822279999999921
20
-66.6755519999999962
11
85.3284139999999951
21
-66.7061479999999989
0
LINE
8
BLACK
6
CONTINUOUS
10
85.3284139999999951
20
-66.7061479999999989
11
85.1715859999999907
21
-66.7061479999999989
0
LINE
8
BLACK
6
CONTINUOUS
10
85.1715859999999907
20
-66.7061479999999989
11
85.0177719999999937
21
-66.6755519999999962
0
LINE
8
BLACK
6
CONTINUOUS
10
85.0177719999999937
20
-66.6755519999999962
11
84.8728830000000016
21
-66.6155370000000033
0
LINE
8
BLACK
6
CONTINUOUS
10
84.8728830000000016
20
-66.6155370000000033
11
84.7424850000000021
21
-66.5284079999999989
0
LINE
8
BLACK
6
CONTINUOUS
10
84.7424850000000021
20
-66.5284079999999989
11
84.6315919999999977
21
-66.4175149999999945
0
LINE
8
BLACK
6
CONTINUOUS
10
84.6315919999999977
20
-66.4175149999999945
11
84.5444629999999933
21
-66.287116999999995
0
LINE
8
BLACK
6
CONTINUOUS
10
84.5444629999999933
20
-66.287116999999995
11
84.4844480000000004
21
-66.1422280000000029
0
LINE
8
BLACK
6
CONTINUOUS
10
84.4844480000000004
20
-66.1422280000000029
11
84.4538519999999977
21
-65.9884139999999917
0
LINE
8
BLACK
6
CONTINUOUS
10
84.4538519999999977
20
-65.9884139999999917
11
84.4538519999999977
21
-65.8315860000000015
0
LINE
8
BLACK
6
CONTINUOUS
10
84.4538519999999977
20
-65.8315860000000015
11
84.4844480000000004
21
-65.6777719999999903
0
LINE
8
BLACK
6
CONTINUOUS
10
84.4844480000000004
20
-65.6777719999999903
11
84.5444629999999933
21
-65.5328829999999982
0
LINE
8
BLACK
6
CONTINUOUS
10
84.5444629999999933
20
-65.5328829999999982
11
84.6315919999999977
21
-65.4024849999999986
0
LINE
8
BLACK
6
CONTINUOUS
10
84.6315919999999977
20
-65.4024849999999986
11
84.7424850000000021
21
-65.2915919999999943
0
LINE
8
BLACK
6
CONTINUOUS
10
84.7424850000000021
20
-65.2915919999999943
11
84.8728830000000016
21
-65.2044630000000041
0
LINE
8
BLACK
6
CONTINUOUS
10
84.8728830000000016
20
-65.2044630000000041
11
85.0177719999999937
21
-65.144447999999997
0
LINE
8
BLACK
6
CONTINUOUS
10
85.0177719999999937
20
-65.144447999999997
11
85.1715859999999907
21
-65.1138519999999943
0
LINE
8
BLACK
6
CONTINUOUS
10
85.1715859999999907
20
-65.1138519999999943
11
85.3284139999999951
21
-65.1138519999999943
0
LINE
8
BLACK
6
CONTINUOUS
10
85.3284139999999951
20
-65.1138519999999943
11
85.4822279999999921
21
-65.144447999999997
0
LINE
8
BLACK
6
CONTINUOUS
10
88.0222279999999984
20
-65.144447999999997
11
88.1671169999999904
21
-65.2044630000000041
0
LINE
8
BLACK
6
CONTINUOUS
10
88.1671169999999904
20
-65.2044630000000041
11
88.29751499999999
21
-65.2915919999999943
0
LINE
8
BLACK
6
CONTINUOUS
10
88.29751499999999
20
-65.2915919999999943
11
88.4084079999999943
21
-65.4024849999999986
0
LINE
8
BLACK
6
CONTINUOUS
10
88.4084079999999943
20
-65.4024849999999986
11
88.4955369999999988
21
-65.5328829999999982
0
LINE
8
BLACK
6
CONTINUOUS
10
88.4955369999999988
20
-65.5328829999999982
11
88.5555519999999916
21
-65.6777719999999903
0
LINE
8
BLACK
6
CONTINUOUS
10
88.5555519999999916
20
-65.6777719999999903
11
88.5861479999999943
21
-65.8315860000000015
0
LINE
8
BLACK
6
CONTINUOUS
10
88.5861479999999943
20
-65.8315860000000015
11
88.5861479999999943
21
-65.9884139999999917
0
LINE
8
BLACK
6
CONTINUOUS
10
88.5861479999999943
20
-65.9884139999999917
11
88.5555519999999916
21
-66.1422280000000029
0
LINE
8
BLACK
6
CONTINUOUS
10
88.5555519999999916
20
-66.1422280000000029
11
88.4955369999999988
21
-66.287116999999995
0
LINE
8
BLACK
6
CONTINUOUS
10
88.4955369999999988
20
-66.287116999999995
11
88.4084079999999943
21
-66.4175149999999945
0
LINE
8
BLACK
6
CONTINUOUS
10
88.4084079999999943
20
-66.4175149999999945
11
88.29751499999999
21
-66.5284079999999989
0
LINE
8
BLACK
6
CONTINUOUS
10
88.29751499999999
20
-66.5284079999999989
11
88.1671169999999904
21
-66.6155370000000033
0
LINE
8
BLACK
6
CONTINUOUS
10
88.1671169999999904
20
-66.6155370000000033
11
88.0222279999999984
21
-66.6755519999999962
0
LINE
8
BLACK
6
CONTINUOUS
10
88.0222279999999984
20
-66.6755519999999962
11
87.8684140000000014
21
-66.7061479999999989
0
LINE
8
BLACK
6
CONTINUOUS
10
87.8684140000000014
20
-66.7061479999999989
11
87.7115859999999969
21
-66.7061479999999989
0
LINE
8
BLACK
6
CONTINUOUS
10
87.7115859999999969
20
-66.7061479999999989
11
87.5577719999999999
21
-66.6755519999999962
0
LINE
8
BLACK
6
CONTINUOUS
10
87.5577719999999999
20
-66.6755519999999962
11
87.4128829999999937
21
-66.6155370000000033
0
LINE
8
BLACK
6
CONTINUOUS
10
87.4128829999999937
20
-66.6155370000000033
11
87.2824849999999941
21
-66.5284079999999989
0
LINE
8
BLACK
6
CONTINUOUS
10
87.2824849999999941
20
-66.5284079999999989
11
87.1715919999999898
21
-66.4175149999999945
0
LINE
8
BLACK
6
CONTINUOUS
10
87.1715919999999898
20
-66.4175149999999945
11
87.0844629999999995
21
-66.287116999999995
0
LINE
8
BLACK
6
CONTINUOUS
10
87.0844629999999995
20
-66.287116999999995
11
87.0244479999999925
21
-66.1422280000000029
0
LINE
8
BLACK
6
CONTINUOUS
10
87.0244479999999925
20
-66.1422280000000029
11
86.9938519999999897
21
-65.9884139999999917
0
LINE
8
BLACK
6
CONTINUOUS
10
86.9938519999999897
20
-65.9884139999999917
11
86.9938519999999897
21
-65.8315860000000015
0
LINE
8
BLACK
6
CONTINUOUS
10
86.9938519999999897
20
-65.8315860000000015
11
87.0244479999999925
21
-65.6777719999999903
0
LINE
8
BLACK
6
CONTINUOUS
10
87.0244479999999925
20
-65.6777719999999903
11
87.0844629999999995
21
-65.5328829999999982
0
LINE
8
BLACK
6
CONTINUOUS
10
87.0844629999999995
20
-65.5328829999999982
11
87.1715919999999898
21
-65.4024849999999986
0
LINE
8
BLACK
6
CONTINUOUS
10
87.1715919999999898
20
-65.4024849999999986
11
87.2824849999999941
21
-65.2915919999999943
0
LINE
8
BLACK
6
CONTINUOUS
10
87.2824849999999941
20
-65.2915919999999943
11
87.4128829999999937
21
-65.2044630000000041
0
LINE
8
BLACK
6
CONTINUOUS
10
87.4128829999999937
20
-65.2044630000000041
11
87.5577719999999999
21
-65.144447999999997
0
LINE
8
BLACK
6
CONTINUOUS
10
87.5577719999999999
20
-65.144447999999997
11
87.7115859999999969
21
-65.1138519999999943
0
LINE
8
BLACK
6
CONTINUOUS
10
87.7115859999999969
20
-65.1138519999999943
11
87.8684140000000014
21
-65.1138519999999943
0
LINE
8
BLACK
6
CONTINUOUS
10
87.8684140000000014
20
-65.1138519999999943
11
88.0222279999999984
21
-65.144447999999997
0
LINE
8
BLACK
6
CONTINUOUS
10
90.5622279999999904
20
-65.144447999999997
11
90.7071169999999967
21
-65.2044630000000041
0
LINE
8
BLACK
6
CONTINUOUS
10
90.7071169999999967
20
-65.2044630000000041
11
90.8375149999999962
21
-65.2915919999999943
0
LINE
8
BLACK
6
CONTINUOUS
10
90.8375149999999962
20
-65.2915919999999943
11
90.9484080000000006
21
-65.4024849999999986
0
LINE
8
BLACK
6
CONTINUOUS
10
90.9484080000000006
20
-65.4024849999999986
11
91.0355369999999908
21
-65.5328829999999982
0
LINE
8
BLACK
6
CONTINUOUS
10
91.0355369999999908
20
-65.5328829999999982
11
91.0955519999999979
21
-65.6777719999999903
0
LINE
8
BLACK
6
CONTINUOUS
10
91.0955519999999979
20
-65.6777719999999903
11
91.1261480000000006
21
-65.8315860000000015
0
LINE
8
BLACK
6
CONTINUOUS
10
91.1261480000000006
20
-65.8315860000000015
11
91.1261480000000006
21
-65.9884139999999917
0
LINE
8
BLACK
6
CONTINUOUS
10
91.1261480000000006
20
-65.9884139999999917
11
91.0955519999999979
21
-66.1422280000000029
0
LINE
8
BLACK
6
CONTINUOUS
10
91.0955519999999979
20
-66.1422280000000029
11
91.0355369999999908
21
-66.287116999999995
0
LINE
8
BLACK
6
CONTINUOUS
10
91.0355369999999908
20
-66.287116999999995
11
90.9484080000000006
21
-66.4175149999999945
0
LINE
8
BLACK
6
CONTINUOUS
10
90.9484080000000006
20
-66.4175149999999945
11
90.8375149999999962
21
-66.5284079999999989
0
LINE
8
BLACK
6
CONTINUOUS
10
90.8375149999999962
20
-66.5284079999999989
11
90.7071169999999967
21
-66.6155370000000033
0
LINE
8
BLACK
6
CONTINUOUS
10
90.7071169999999967
20
-66.6155370000000033
11
90.5622279999999904
21
-66.6755519999999962
0
LINE
8
BLACK
6
CONTINUOUS
10
90.5622279999999904
20
-66.6755519999999962
11
90.4084139999999934
21
-66.7061479999999989
0
LINE
8
BLACK
6
CONTINUOUS
10
90.4084139999999934
20
-66.7061479999999989
11
90.251585999999989
21
-66.7061479999999989
0
LINE
8
BLACK
6
CONTINUOUS
10
90.251585999999989
20
-66.7061479999999989
11
90.097771999999992
21
-66.6755519999999962
0
LINE
8
BLACK
6
CONTINUOUS
10
90.097771999999992
20
-66.6755519999999962
11
89.9528829999999999
21
-66.6155370000000033
0
LINE
8
BLACK
6
CONTINUOUS
10
89.9528829999999999
20
-66.6155370000000033
11
89.8224850000000004
21
-66.5284079999999989
0
LINE
8
BLACK
6
CONTINUOUS
10
89.8224850000000004
20
-66.5284079999999989
11
89.711591999999996
21
-66.4175149999999945
0
LINE
8
BLACK
6
CONTINUOUS
10
89.711591999999996
20
-66.4175149999999945
11
89.6244629999999916
21
-66.287116999999995
0
LINE
8
BLACK
6
CONTINUOUS
10
89.6244629999999916
20
-66.287116999999995
11
89.5644479999999987
21
-66.1422280000000029
0
LINE
8
BLACK
6
CONTINUOUS
10
89.5644479999999987
20
-66.1422280000000029
11
89.533851999999996
21
-65.9884139999999917
0
LINE
8
BLACK
6
CONTINUOUS
10
89.533851999999996
20
-65.9884139999999917
11
89.533851999999996
21
-65.8315860000000015
0
LINE
8
BLACK
6
CONTINUOUS
10
89.533851999999996
20
-65.8315860000000015
11
89.5644479999999987
21
-65.6777719999999903
0
LINE
8
BLACK
6
CONTINUOUS
10
89.5644479999999987
20
-65.6777719999999903
11
89.6244629999999916
21
-65.5328829999999982
0
LINE
8
BLACK
6
CONTINUOUS
10
89.6244629999999916
20
-65.5328829999999982
11
89.711591999999996
21
-65.4024849999999986
0
LINE
8
BLACK
6
CONTINUOUS
10
89.711591999999996
20
-65.4024849999999986
11
89.8224850000000004
21
-65.2915919999999943
0
LINE
8
BLACK
6
CONTINUOUS
10
89.8224850000000004
20
-65.2915919999999943
11
89.9528829999999999
21
-65.2044630000000041
0
LINE
8
BLACK
6
CONTINUOUS
10
89.9528829999999999
20
-65.2044630000000041
11
90.097771999999992
21
-65.144447999999997
0
LINE
8
BLACK
6
CONTINUOUS
10
90.097771999999992
20
-65.144447999999997
11
90.251585999999989
21
-65.1138519999999943
0
LINE
8
BLACK
6
CONTINUOUS
10
90.251585999999989
20
-65.1138519999999943
11
90.4084139999999934
21
-65.1138519999999943
0
LINE
8
BLACK
6
CONTINUOUS
10
90.4084139999999934
20
-65.1138519999999943
11
90.5622279999999904
21
-65.144447999999997
0
LINE
8
BLACK
6
CONTINUOUS
10
93.1022279999999967
20
-65.144447999999997
11
93.2471169999999887
21
-65.2044630000000041
0
LINE
8
BLACK
6
CONTINUOUS
10
93.2471169999999887
20
-65.2044630000000041
11
93.3775150000000025
21
-65.2915919999999943
0
LINE
8
BLACK
6
CONTINUOUS
10
93.3775150000000025
20
-65.2915919999999943
11
93.4884079999999926
21
-65.4024849999999986
0
LINE
8
BLACK
6
CONTINUOUS
10
93.4884079999999926
20
-65.4024849999999986
11
93.5755369999999971
21
-65.5328829999999982
0
LINE
8
BLACK
6
CONTINUOUS
10
93.5755369999999971
20
-65.5328829999999982
11
93.6355519999999899
21
-65.6777719999999903
0
LINE
8
BLACK
6
CONTINUOUS
10
93.6355519999999899
20
-65.6777719999999903
11
93.6661479999999926
21
-65.8315860000000015
0
LINE
8
BLACK
6
CONTINUOUS
10
93.6661479999999926
20
-65.8315860000000015
11
93.6661479999999926
21
-65.9884139999999917
0
LINE
8
BLACK
6
CONTINUOUS
10
93.6661479999999926
20
-65.9884139999999917
11
93.6355519999999899
21
-66.1422280000000029
0
LINE
8
BLACK
6
CONTINUOUS
10
93.6355519999999899
20
-66.1422280000000029
11
93.5755369999999971
21
-66.287116999999995
0
LINE
8
BLACK
6
CONTINUOUS
10
93.5755369999999971
20
-66.287116999999995
11
93.4884079999999926
21
-66.4175149999999945
0
LINE
8
BLACK
6
CONTINUOUS
10
93.4884079999999926
20
-66.4175149999999945
11
93.3775150000000025
21
-66.5284079999999989
0
LINE
8
BLACK
6
CONTINUOUS
10
93.3775150000000025
20
-66.5284079999999989
11
93.2471169999999887
21
-66.6155370000000033
0
LINE
8
BLACK
6
CONTINUOUS
10
93.2471169999999887
20
-66.6155370000000033
11
93.1022279999999967
21
-66.6755519999999962
0
LINE
8
BLACK
6
CONTINUOUS
10
93.1022279999999967
20
-66.6755519999999962
11
92.9484139999999996
21
-66.7061479999999989
0
LINE
8
BLACK
6
CONTINUOUS
10
92.9484139999999996
20
-66.7061479999999989
11
92.7915859999999952
21
-66.7061479999999989
0
LINE
8
BLACK
6
CONTINUOUS
10
92.7915859999999952
20
-66.7061479999999989
11
92.6377719999999982
21
-66.6755519999999962
0
LINE
8
BLACK
6
CONTINUOUS
10
92.6377719999999982
20
-66.6755519999999962
11
92.492882999999992
21
-66.6155370000000033
0
LINE
8
BLACK
6
CONTINUOUS
10
92.492882999999992
20
-66.6155370000000033
11
92.3624849999999924
21
-66.5284079999999989
0
LINE
8
BLACK
6
CONTINUOUS
10
92.3624849999999924
20
-66.5284079999999989
11
92.2515920000000023
21
-66.4175149999999945
0
LINE
8
BLACK
6
CONTINUOUS
10
92.2515920000000023
20
-66.4175149999999945
11
92.1644629999999978
21
-66.287116999999995
0
LINE
8
BLACK
6
CONTINUOUS
10
92.1644629999999978
20
-66.287116999999995
11
92.1044479999999908
21
-66.1422280000000029
0
LINE
8
BLACK
6
CONTINUOUS
10
92.1044479999999908
20
-66.1422280000000029
11
92.0738520000000022
21
-65.9884139999999917
0
LINE
8
BLACK
6
CONTINUOUS
10
92.0738520000000022
20
-65.9884139999999917
11
92.0738520000000022
21
-65.8315860000000015
0
LINE
8
BLACK
6
CONTINUOUS
10
92.0738520000000022
20
-65.8315860000000015
11
92.1044479999999908
21
-65.6777719999999903
0
LINE
8
BLACK
6
CONTINUOUS
10
92.1044479999999908
20
-65.6777719999999903
11
92.1644629999999978
21
-65.5328829999999982
0
LINE
8
BLACK
6
CONTINUOUS
10
92.1644629999999978
20
-65.5328829999999982
11
92.2515920000000023
21
-65.4024849999999986
0
LINE
8
BLACK
6
CONTINUOUS
10
92.2515920000000023
20
-65.4024849999999986
11
92.3624849999999924
21
-65.2915919999999943
0
LINE
8
BLACK
6
CONTINUOUS
10
92.3624849999999924
20
-65.2915919999999943
11
92.492882999999992
21
-65.2044630000000041
0
LINE
8
BLACK
6
CONTINUOUS
10
92.492882999999992
20
-65.2044630000000041
11
92.6377719999999982
21
-65.144447999999997
0
LINE
8
BLACK
6
CONTINUOUS
10
92.6377719999999982
20
-65.144447999999997
11
92.7915859999999952
21
-65.1138519999999943
0
LINE
8
BLACK
6
CONTINUOUS
10
92.7915859999999952
20
-65.1138519999999943
11
92.9484139999999996
21
-65.1138519999999943
0
LINE
8
BLACK
6
CONTINUOUS
10
92.9484139999999996
20
-65.1138519999999943
11
93.1022279999999967
21
-65.144447999999997
0
LINE
8
BLACK
6
CONTINUOUS
10
95.6422279999999887
20
-65.144447999999997
11
95.787116999999995
21
-65.2044630000000041
0
LINE
8
BLACK
6
CONTINUOUS
10
95.787116999999995
20
-65.2044630000000041
11
95.9175149999999945
21
-65.2915919999999943
0
LINE
8
BLACK
6
CONTINUOUS
10
95.9175149999999945
20
-65.2915919999999943
11
96.0284079999999989
21
-65.4024849999999986
0
LINE
8
BLACK
6
CONTINUOUS
10
96.0284079999999989
20
-65.4024849999999986
11
96.1155369999999891
21
-65.5328829999999982
0
LINE
8
BLACK
6
CONTINUOUS
10
96.1155369999999891
20
-65.5328829999999982
11
96.1755519999999962
21
-65.6777719999999903
0
LINE
8
BLACK
6
CONTINUOUS
10
96.1755519999999962
20
-65.6777719999999903
11
96.2061479999999989
21
-65.8315860000000015
0
LINE
8
BLACK
6
CONTINUOUS
10
96.2061479999999989
20
-65.8315860000000015
11
96.2061479999999989
21
-65.9884139999999917
0
LINE
8
BLACK
6
CONTINUOUS
10
96.2061479999999989
20
-65.9884139999999917
11
96.1755519999999962
21
-66.1422280000000029
0
LINE
8
BLACK
6
CONTINUOUS
10
96.1755519999999962
20
-66.1422280000000029
11
96.1155369999999891
21
-66.287116999999995
0
LINE
8
BLACK
6
CONTINUOUS
10
96.1155369999999891
20
-66.287116999999995
11
96.0284079999999989
21
-66.4175149999999945
0
LINE
8
BLACK
6
CONTINUOUS
10
96.0284079999999989
20
-66.4175149999999945
11
95.9175149999999945
21
-66.5284079999999989
0
LINE
8
BLACK
6
CONTINUOUS
10
95.9175149999999945
20
-66.5284079999999989
11
95.787116999999995
21
-66.6155370000000033
0
LINE
8
BLACK
6
CONTINUOUS
10
95.787116999999995
20
-66.6155370000000033
11
95.6422279999999887
21
-66.6755519999999962
0
LINE
8
BLACK
6
CONTINUOUS
10
95.6422279999999887
20
-66.6755519999999962
11
95.4884139999999917
21
-66.7061479999999989
0
LINE
8
BLACK
6
CONTINUOUS
10
95.4884139999999917
20
-66.7061479999999989
11
95.3315860000000015
21
-66.7061479999999989
0
LINE
8
BLACK
6
CONTINUOUS
10
95.3315860000000015
20
-66.7061479999999989
11
95.1777719999999903
21
-66.6755519999999962
0
LINE
8
BLACK
6
CONTINUOUS
10
95.1777719999999903
20
-66.6755519999999962
11
95.0328829999999982
21
-66.6155370000000033
0
LINE
8
BLACK
6
CONTINUOUS
10
95.0328829999999982
20
-66.6155370000000033
11
94.9024849999999986
21
-66.5284079999999989
0
LINE
8
BLACK
6
CONTINUOUS
10
94.9024849999999986
20
-66.5284079999999989
11
94.7915919999999943
21
-66.4175149999999945
0
LINE
8
BLACK
6
CONTINUOUS
10
94.7915919999999943
20
-66.4175149999999945
11
94.7044629999999898
21
-66.287116999999995
0
LINE
8
BLACK
6
CONTINUOUS
10
94.7044629999999898
20
-66.287116999999995
11
94.644447999999997
21
-66.1422280000000029
0
LINE
8
BLACK
6
CONTINUOUS
10
94.644447999999997
20
-66.1422280000000029
11
94.6138519999999943
21
-65.9884139999999917
0
LINE
8
BLACK
6
CONTINUOUS
10
94.6138519999999943
20
-65.9884139999999917
11
94.6138519999999943
21
-65.8315860000000015
0
LINE
8
BLACK
6
CONTINUOUS
10
94.6138519999999943
20
-65.8315860000000015
11
94.644447999999997
21
-65.6777719999999903
0
LINE
8
BLACK
6
CONTINUOUS
10
94.644447999999997
20
-65.6777719999999903
11
94.7044629999999898
21
-65.5328829999999982
0
LINE
8
BLACK
6
CONTINUOUS
10
94.7044629999999898
20
-65.5328829999999982
11
94.7915919999999943
21
-65.4024849999999986
0
LINE
8
BLACK
6
CONTINUOUS
10
94.7915919999999943
20
-65.4024849999999986
11
94.9024849999999986
21
-65.2915919999999943
0
LINE
8
BLACK
6
CONTINUOUS
10
94.9024849999999986
20
-65.2915919999999943
11
95.0328829999999982
21
-65.2044630000000041
0
LINE
8
BLACK
6
CONTINUOUS
10
95.0328829999999982
20
-65.2044630000000041
11
95.1777719999999903
21
-65.144447999999997
0
LINE
8
BLACK
6
CONTINUOUS
10
95.1777719999999903
20
-65.144447999999997
11
95.3315860000000015
21
-65.1138519999999943
0
LINE
8
BLACK
6
CONTINUOUS
10
95.3315860000000015
20
-65.1138519999999943
11
95.4884139999999917
21
-65.1138519999999943
0
LINE
8
BLACK
6
CONTINUOUS
10
95.4884139999999917
20
-65.1138519999999943
11
95.6422279999999887
21
-65.144447999999997
0
LINE
8
BLACK
6
CONTINUOUS
10
98.1822279999999949
20
-65.144447999999997
11
98.3271170000000012
21
-65.2044630000000041
0
LINE
8
BLACK
6
CONTINUOUS
10
98.3271170000000012
20
-65.2044630000000041
11
98.4575150000000008
21
-65.2915919999999943
0
LINE
8
BLACK
6
CONTINUOUS
10
98.4575150000000008
20
-65.2915919999999943
11
98.5684079999999909
21
-65.4024849999999986
0
LINE
8
BLACK
6
CONTINUOUS
10
98.5684079999999909
20
-65.4024849999999986
11
98.6555369999999954
21
-65.5328829999999982
0
LINE
8
BLACK
6
CONTINUOUS
10
98.6555369999999954
20
-65.5328829999999982
11
98.7155520000000024
21
-65.6777719999999903
0
LINE
8
BLACK
6
CONTINUOUS
10
98.7155520000000024
20
-65.6777719999999903
11
98.7461479999999909
21
-65.8315860000000015
0
LINE
8
BLACK
6
CONTINUOUS
10
98.7461479999999909
20
-65.8315860000000015
11
98.7461479999999909
21
-65.9884139999999917
0
LINE
8
BLACK
6
CONTINUOUS
10
98.7461479999999909
20
-65.9884139999999917
11
98.7155520000000024
21
-66.1422280000000029
0
LINE
8
BLACK
6
CONTINUOUS
10
98.7155520000000024
20
-66.1422280000000029
11
98.6555369999999954
21
-66.287116999999995
0
LINE
8
BLACK
6
CONTINUOUS
10
98.6555369999999954
20
-66.287116999999995
11
98.5684079999999909
21
-66.4175149999999945
0
LINE
8
BLACK
6
CONTINUOUS
10
98.5684079999999909
20
-66.4175149999999945
11
98.4575150000000008
21
-66.5284079999999989
0
LINE
8
BLACK
6
CONTINUOUS
10
98.4575150000000008
20
-66.5284079999999989
11
98.3271170000000012
21
-66.6155370000000033
0
LINE
8
BLACK
6
CONTINUOUS
10
98.3271170000000012
20
-66.6155370000000033
11
98.1822279999999949
21
-66.6755519999999962
0
LINE
8
BLACK
6
CONTINUOUS
10
98.1822279999999949
20
-66.6755519999999962
11
98.0284139999999979
21
-66.7061479999999989
0
LINE
8
BLACK
6
CONTINUOUS
10
98.0284139999999979
20
-66.7061479999999989
11
97.8715859999999935
21
-66.7061479999999989
0
LINE
8
BLACK
6
CONTINUOUS
10
97.8715859999999935
20
-66.7061479999999989
11
97.7177719999999965
21
-66.6755519999999962
0
LINE
8
BLACK
6
CONTINUOUS
10
97.7177719999999965
20
-66.6755519999999962
11
97.5728829999999903
21
-66.6155370000000033
0
LINE
8
BLACK
6
CONTINUOUS
10
97.5728829999999903
20
-66.6155370000000033
11
97.4424849999999907
21
-66.5284079999999989
0
LINE
8
BLACK
6
CONTINUOUS
10
97.4424849999999907
20
-66.5284079999999989
11
97.3315920000000006
21
-66.4175149999999945
0
LINE
8
BLACK
6
CONTINUOUS
10
97.3315920000000006
20
-66.4175149999999945
11
97.2444629999999961
21
-66.287116999999995
0
LINE
8
BLACK
6
CONTINUOUS
10
97.2444629999999961
20
-66.287116999999995
11
97.1844479999999891
21
-66.1422280000000029
0
LINE
8
BLACK
6
CONTINUOUS
10
97.1844479999999891
20
-66.1422280000000029
11
97.1538520000000005
21
-65.9884139999999917
0
LINE
8
BLACK
6
CONTINUOUS
10
97.1538520000000005
20
-65.9884139999999917
11
97.1538520000000005
21
-65.8315860000000015
0
LINE
8
BLACK
6
CONTINUOUS
10
97.1538520000000005
20
-65.8315860000000015
11
97.1844479999999891
21
-65.6777719999999903
0
LINE
8
BLACK
6
CONTINUOUS
10
97.1844479999999891
20
-65.6777719999999903
11
97.2444629999999961
21
-65.5328829999999982
0
LINE
8
BLACK
6
CONTINUOUS
10
97.2444629999999961
20
-65.5328829999999982
11
97.3315920000000006
21
-65.4024849999999986
0
LINE
8
BLACK
6
CONTINUOUS
10
97.3315920000000006
20
-65.4024849999999986
11
97.4424849999999907
21
-65.2915919999999943
0
LINE
8
BLACK
6
CONTINUOUS
10
97.4424849999999907
20
-65.2915919999999943
11
97.5728829999999903
21
-65.2044630000000041
0
LINE
8
BLACK
6
CONTINUOUS
10
97.5728829999999903
20
-65.2044630000000041
11
97.7177719999999965
21
-65.144447999999997
0
LINE
8
BLACK
6
CONTINUOUS
10
97.7177719999999965
20
-65.144447999999997
11
97.8715859999999935
21
-65.1138519999999943
0
LINE
8
BLACK
6
CONTINUOUS
10
97.8715859999999935
20
-65.1138519999999943
11
98.0284139999999979
21
-65.1138519999999943
0
LINE
8
BLACK
6
CONTINUOUS
10
98.0284139999999979
20
-65.1138519999999943
11
98.1822279999999949
21
-65.144447999999997
0
LINE
8
BLACK
6
CONTINUOUS
10
89.0822280000000006
20
-59.4744479999999953
11
89.2271169999999927
21
-59.5344629999999952
0
LINE
8
BLACK
6
CONTINUOUS
10
89.2271169999999927
20
-59.5344629999999952
11
89.3575149999999923
21
-59.6215919999999997
0
LINE
8
BLACK
6
CONTINUOUS
10
89.3575149999999923
20
-59.6215919999999997
11
89.4684079999999966
21
-59.7324849999999969
0
LINE
8
BLACK
6
CONTINUOUS
10
89.4684079999999966
20
-59.7324849999999969
11
89.5555370000000011
21
-59.8628829999999965
0
LINE
8
BLACK
6
CONTINUOUS
10
89.5555370000000011
20
-59.8628829999999965
11
89.6155519999999939
21
-60.0077719999999957
0
LINE
8
BLACK
6
CONTINUOUS
10
89.6155519999999939
20
-60.0077719999999957
11
89.6461479999999966
21
-60.1615859999999998
0
LINE
8
BLACK
6
CONTINUOUS
10
89.6461479999999966
20
-60.1615859999999998
11
89.6461479999999966
21
-60.3184139999999971
0
LINE
8
BLACK
6
CONTINUOUS
10
89.6461479999999966
20
-60.3184139999999971
11
89.6155519999999939
21
-60.4722279999999941
0
LINE
8
BLACK
6
CONTINUOUS
10
89.6155519999999939
20
-60.4722279999999941
11
89.5555370000000011
21
-60.6171170000000004
0
LINE
8
BLACK
6
CONTINUOUS
10
89.5555370000000011
20
-60.6171170000000004
11
89.4684079999999966
21
-60.7475149999999999
0
LINE
8
BLACK
6
CONTINUOUS
10
89.4684079999999966
20
-60.7475149999999999
11
89.3575149999999923
21
-60.8584079999999972
0
LINE
8
BLACK
6
CONTINUOUS
10
89.3575149999999923
20
-60.8584079999999972
11
89.2271169999999927
21
-60.9455369999999945
0
LINE
8
BLACK
6
CONTINUOUS
10
89.2271169999999927
20
-60.9455369999999945
11
89.0822280000000006
21
-61.0055519999999945
0
LINE
8
BLACK
6
CONTINUOUS
10
89.0822280000000006
20
-61.0055519999999945
11
88.9284139999999894
21
-61.0361479999999972
0
LINE
8
BLACK
6
CONTINUOUS
10
88.9284139999999894
20
-61.0361479999999972
11
88.7715859999999992
21
-61.0361479999999972
0
LINE
8
BLACK
6
CONTINUOUS
10
88.7715859999999992
20
-61.0361479999999972
11
88.6177720000000022
21
-61.0055519999999945
0
LINE
8
BLACK
6
CONTINUOUS
10
88.6177720000000022
20
-61.0055519999999945
11
88.4728829999999959
21
-60.9455369999999945
0
LINE
8
BLACK
6
CONTINUOUS
10
88.4728829999999959
20
-60.9455369999999945
11
88.3424849999999964
21
-60.8584079999999972
0
LINE
8
BLACK
6
CONTINUOUS
10
88.3424849999999964
20
-60.8584079999999972
11
88.231591999999992
21
-60.7475149999999999
0
LINE
8
BLACK
6
CONTINUOUS
10
88.231591999999992
20
-60.7475149999999999
11
88.1444630000000018
21
-60.6171170000000004
0
LINE
8
BLACK
6
CONTINUOUS
10
88.1444630000000018
20
-60.6171170000000004
11
88.0844479999999947
21
-60.4722279999999941
0
LINE
8
BLACK
6
CONTINUOUS
10
88.0844479999999947
20
-60.4722279999999941
11
88.053851999999992
21
-60.3184139999999971
0
LINE
8
BLACK
6
CONTINUOUS
10
88.053851999999992
20
-60.3184139999999971
11
88.053851999999992
21
-60.1615859999999998
0
LINE
8
BLACK
6
CONTINUOUS
10
88.053851999999992
20
-60.1615859999999998
11
88.0844479999999947
21
-60.0077719999999957
0
LINE
8
BLACK
6
CONTINUOUS
10
88.0844479999999947
20
-60.0077719999999957
11
88.1444630000000018
21
-59.8628829999999965
0
LINE
8
BLACK
6
CONTINUOUS
10
88.1444630000000018
20
-59.8628829999999965
11
88.231591999999992
21
-59.7324849999999969
0
LINE
8
BLACK
6
CONTINUOUS
10
88.231591999999992
20
-59.7324849999999969
11
88.3424849999999964
21
-59.6215919999999997
0
LINE
8
BLACK
6
CONTINUOUS
10
88.3424849999999964
20
-59.6215919999999997
11
88.4728829999999959
21
-59.5344629999999952
0
LINE
8
BLACK
6
CONTINUOUS
10
88.4728829999999959
20
-59.5344629999999952
11
88.6177720000000022
21
-59.4744479999999953
0
LINE
8
BLACK
6
CONTINUOUS
10
88.6177720000000022
20
-59.4744479999999953
11
88.7715859999999992
21
-59.4438519999999997
0
LINE
8
BLACK
6
CONTINUOUS
10
88.7715859999999992
20
-59.4438519999999997
11
88.9284139999999894
21
-59.4438519999999997
0
LINE
8
BLACK
6
CONTINUOUS
10
88.9284139999999894
20
-59.4438519999999997
11
89.0822280000000006
21
-59.4744479999999953
0
LINE
8
BLACK
6
CONTINUOUS
10
95.2822279999999893
20
-59.3744479999999939
11
95.4271169999999955
21
-59.4344629999999938
0
LINE
8
BLACK
6
CONTINUOUS
10
95.4271169999999955
20
-59.4344629999999938
11
95.5575149999999951
21
-59.5215919999999983
0
LINE
8
BLACK
6
CONTINUOUS
10
95.5575149999999951
20
-59.5215919999999983
11
95.6684079999999994
21
-59.6324849999999955
0
LINE
8
BLACK
6
CONTINUOUS
10
95.6684079999999994
20
-59.6324849999999955
11
95.7555369999999897
21
-59.7628829999999951
0
LINE
8
BLACK
6
CONTINUOUS
10
95.7555369999999897
20
-59.7628829999999951
11
95.8155519999999967
21
-59.9077719999999943
0
LINE
8
BLACK
6
CONTINUOUS
10
95.8155519999999967
20
-59.9077719999999943
11
95.8461479999999995
21
-60.0615859999999984
0
LINE
8
BLACK
6
CONTINUOUS
10
95.8461479999999995
20
-60.0615859999999984
11
95.8461479999999995
21
-60.2184139999999957
0
LINE
8
BLACK
6
CONTINUOUS
10
95.8461479999999995
20
-60.2184139999999957
11
95.8155519999999967
21
-60.3722279999999998
0
LINE
8
BLACK
6
CONTINUOUS
10
95.8155519999999967
20
-60.3722279999999998
11
95.7555369999999897
21
-60.5171169999999989
0
LINE
8
BLACK
6
CONTINUOUS
10
95.7555369999999897
20
-60.5171169999999989
11
95.6684079999999994
21
-60.6475149999999985
0
LINE
8
BLACK
6
CONTINUOUS
10
95.6684079999999994
20
-60.6475149999999985
11
95.5575149999999951
21
-60.7584079999999958
0
LINE
8
BLACK
6
CONTINUOUS
10
95.5575149999999951
20
-60.7584079999999958
11
95.4271169999999955
21
-60.8455370000000002
0
LINE
8
BLACK
6
CONTINUOUS
10
95.4271169999999955
20
-60.8455370000000002
11
95.2822279999999893
21
-60.9055520000000001
0
LINE
8
BLACK
6
CONTINUOUS
10
95.2822279999999893
20
-60.9055520000000001
11
95.1284139999999923
21
-60.9361479999999958
0
LINE
8
BLACK
6
CONTINUOUS
10
95.1284139999999923
20
-60.9361479999999958
11
94.9715860000000021
21
-60.9361479999999958
0
LINE
8
BLACK
6
CONTINUOUS
10
94.9715860000000021
20
-60.9361479999999958
11
94.8177719999999908
21
-60.9055520000000001
0
LINE
8
BLACK
6
CONTINUOUS
10
94.8177719999999908
20
-60.9055520000000001
11
94.6728829999999988
21
-60.8455370000000002
0
LINE
8
BLACK
6
CONTINUOUS
10
94.6728829999999988
20
-60.8455370000000002
11
94.5424849999999992
21
-60.7584079999999958
0
LINE
8
BLACK
6
CONTINUOUS
10
94.5424849999999992
20
-60.7584079999999958
11
94.4315919999999949
21
-60.6475149999999985
0
LINE
8
BLACK
6
CONTINUOUS
10
94.4315919999999949
20
-60.6475149999999985
11
94.3444629999999904
21
-60.5171169999999989
0
LINE
8
BLACK
6
CONTINUOUS
10
94.3444629999999904
20
-60.5171169999999989
11
94.2844479999999976
21
-60.3722279999999998
0
LINE
8
BLACK
6
CONTINUOUS
10
94.2844479999999976
20
-60.3722279999999998
11
94.2538519999999949
21
-60.2184139999999957
0
LINE
8
BLACK
6
CONTINUOUS
10
94.2538519999999949
20
-60.2184139999999957
11
94.2538519999999949
21
-60.0615859999999984
0
LINE
8
BLACK
6
CONTINUOUS
10
94.2538519999999949
20
-60.0615859999999984
11
94.2844479999999976
21
-59.9077719999999943
0
LINE
8
BLACK
6
CONTINUOUS
10
94.2844479999999976
20
-59.9077719999999943
11
94.3444629999999904
21
-59.7628829999999951
0
LINE
8
BLACK
6
CONTINUOUS
10
94.3444629999999904
20
-59.7628829999999951
11
94.4315919999999949
21
-59.6324849999999955
0
LINE
8
BLACK
6
CONTINUOUS
10
94.4315919999999949
20
-59.6324849999999955
11
94.5424849999999992
21
-59.5215919999999983
0
LINE
8
BLACK
6
CONTINUOUS
10
94.5424849999999992
20
-59.5215919999999983
11
94.6728829999999988
21
-59.4344629999999938
0
LINE
8
BLACK
6
CONTINUOUS
10
94.6728829999999988
20
-59.4344629999999938
11
94.8177719999999908
21
-59.3744479999999939
0
LINE
8
BLACK
6
CONTINUOUS
10
94.8177719999999908
20
-59.3744479999999939
11
94.9715860000000021
21
-59.3438519999999983
0
LINE
8
BLACK
6
CONTINUOUS
10
94.9715860000000021
20
-59.3438519999999983
11
95.1284139999999923
21
-59.3438519999999983
0
LINE
8
BLACK
6
CONTINUOUS
10
95.1284139999999923
20
-59.3438519999999983
11
95.2822279999999893
21
-59.3744479999999939
0
LINE
8
BLACK
6
CONTINUOUS
10
81.5534789999999958
20
-56.9759189999999975
11
81.7474879999999899
21
-57.0389569999999964
0
LINE
8
BLACK
6
CONTINUOUS
10
81.7474879999999899
20
-57.0389569999999964
11
81.9292480000000012
21
-57.1315679999999944
0
LINE
8
BLACK
6
CONTINUOUS
10
81.9292480000000012
20
-57.1315679999999944
11
82.0942819999999926
21
-57.2514719999999997
0
LINE
8
BLACK
6
CONTINUOUS
10
82.0942819999999926
20
-57.2514719999999997
11
82.2385280000000023
21
-57.3957179999999951
0
LINE
8
BLACK
6
CONTINUOUS
10
82.2385280000000023
20
-57.3957179999999951
11
82.3584319999999934
21
-57.5607520000000008
0
LINE
8
BLACK
6
CONTINUOUS
10
82.3584319999999934
20
-57.5607520000000008
11
82.4510429999999985
21
-57.7425119999999978
0
LINE
8
BLACK
6
CONTINUOUS
10
82.4510429999999985
20
-57.7425119999999978
11
82.5140809999999902
21
-57.936520999999999
0
LINE
8
BLACK
6
CONTINUOUS
10
82.5140809999999902
20
-57.936520999999999
11
82.5459929999999957
21
-58.1380029999999977
0
LINE
8
BLACK
6
CONTINUOUS
10
82.5459929999999957
20
-58.1380029999999977
11
82.5459929999999957
21
-58.3419969999999992
0
LINE
8
BLACK
6
CONTINUOUS
10
82.5459929999999957
20
-58.3419969999999992
11
82.5140809999999902
21
-58.5434789999999978
0
LINE
8
BLACK
6
CONTINUOUS
10
82.5140809999999902
20
-58.5434789999999978
11
82.4510429999999985
21
-58.737487999999999
0
LINE
8
BLACK
6
CONTINUOUS
10
82.4510429999999985
20
-58.737487999999999
11
82.3584319999999934
21
-58.9192479999999961
0
LINE
8
BLACK
6
CONTINUOUS
10
82.3584319999999934
20
-58.9192479999999961
11
82.2385280000000023
21
-59.0842819999999946
0
LINE
8
BLACK
6
CONTINUOUS
10
82.2385280000000023
20
-59.0842819999999946
11
82.0942819999999926
21
-59.2285279999999972
0
LINE
8
BLACK
6
CONTINUOUS
10
82.0942819999999926
20
-59.2285279999999972
11
81.9292480000000012
21
-59.3484319999999954
0
LINE
8
BLACK
6
CONTINUOUS
10
81.9292480000000012
20
-59.3484319999999954
11
81.7474879999999899
21
-59.4410430000000005
0
LINE
8
BLACK
6
CONTINUOUS
10
81.7474879999999899
20
-59.4410430000000005
11
81.5534789999999958
21
-59.5040809999999993
0
LINE
8
BLACK
6
CONTINUOUS
10
81.5534789999999958
20
-59.5040809999999993
11
81.3519969999999972
21
-59.5359929999999977
0
LINE
8
BLACK
6
CONTINUOUS
10
81.3519969999999972
20
-59.5359929999999977
11
81.1480030000000028
21
-59.5359929999999977
0
LINE
8
BLACK
6
CONTINUOUS
10
81.1480030000000028
20
-59.5359929999999977
11
80.94652099999999
21
-59.5040809999999993
0
LINE
8
BLACK
6
CONTINUOUS
10
80.94652099999999
20
-59.5040809999999993
11
80.7525119999999959
21
-59.4410430000000005
0
LINE
8
BLACK
6
CONTINUOUS
10
80.7525119999999959
20
-59.4410430000000005
11
80.5707519999999988
21
-59.3484319999999954
0
LINE
8
BLACK
6
CONTINUOUS
10
80.5707519999999988
20
-59.3484319999999954
11
80.4057179999999931
21
-59.2285279999999972
0
LINE
8
BLACK
6
CONTINUOUS
10
80.4057179999999931
20
-59.2285279999999972
11
80.2614719999999977
21
-59.0842819999999946
0
LINE
8
BLACK
6
CONTINUOUS
10
80.2614719999999977
20
-59.0842819999999946
11
80.1415679999999924
21
-58.9192479999999961
0
LINE
8
BLACK
6
CONTINUOUS
10
80.1415679999999924
20
-58.9192479999999961
11
80.0489570000000015
21
-58.737487999999999
0
LINE
8
BLACK
6
CONTINUOUS
10
80.0489570000000015
20
-58.737487999999999
11
79.9859189999999955
21
-58.5434789999999978
0
LINE
8
BLACK
6
CONTINUOUS
10
79.9859189999999955
20
-58.5434789999999978
11
79.9540069999999901
21
-58.3419969999999992
0
LINE
8
BLACK
6
CONTINUOUS
10
79.9540069999999901
20
-58.3419969999999992
11
79.9540069999999901
21
-58.1380029999999977
0
LINE
8
BLACK
6
CONTINUOUS
10
79.9540069999999901
20
-58.1380029999999977
11
79.9859189999999955
21
-57.936520999999999
0
LINE
8
BLACK
6
CONTINUOUS
10
79.9859189999999955
20
-57.936520999999999
11
80.0489570000000015
21
-57.7425119999999978
0
LINE
8
BLACK
6
CONTINUOUS
10
80.0489570000000015
20
-57.7425119999999978
11
80.1415679999999924
21
-57.5607520000000008
0
LINE
8
BLACK
6
CONTINUOUS
10
80.1415679999999924
20
-57.5607520000000008
11
80.2614719999999977
21
-57.3957179999999951
0
LINE
8
BLACK
6
CONTINUOUS
10
80.2614719999999977
20
-57.3957179999999951
11
80.4057179999999931
21
-57.2514719999999997
0
LINE
8
BLACK
6
CONTINUOUS
10
80.4057179999999931
20
-57.2514719999999997
11
80.5707519999999988
21
-57.1315679999999944
0
LINE
8
BLACK
6
CONTINUOUS
10
80.5707519999999988
20
-57.1315679999999944
11
80.7525119999999959
21
-57.0389569999999964
0
LINE
8
BLACK
6
CONTINUOUS
10
80.7525119999999959
20
-57.0389569999999964
11
80.94652099999999
21
-56.9759189999999975
0
LINE
8
BLACK
6
CONTINUOUS
10
80.94652099999999
20
-56.9759189999999975
11
81.1480030000000028
21
-56.9440069999999992
0
LINE
8
BLACK
6
CONTINUOUS
10
81.1480030000000028
20
-56.9440069999999992
11
81.3519969999999972
21
-56.9440069999999992
0
LINE
8
BLACK
6
CONTINUOUS
10
81.3519969999999972
20
-56.9440069999999992
11
81.5534789999999958
21
-56.9759189999999975
0
LINE
8
BLACK
6
CONTINUOUS
10
103.8681709999999896
20
-56.8690299999999951
11
103.949276999999995
21
-56.9232230000000001
0
LINE
8
BLACK
6
CONTINUOUS
10
103.949276999999995
20
-56.9232230000000001
11
104.003469999999993
21
-57.0043289999999985
0
LINE
8
BLACK
6
CONTINUOUS
10
104.003469999999993
20
-57.0043289999999985
11
104.0224999999999937
21
-57.0999999999999943
0
LINE
8
BLACK
6
CONTINUOUS
10
104.0224999999999937
20
-57.0999999999999943
11
104.0224999999999937
21
-59.1999999999999957
0
LINE
8
BLACK
6
CONTINUOUS
10
104.0224999999999937
20
-59.1999999999999957
11
104.003469999999993
21
-59.2956709999999987
0
LINE
8
BLACK
6
CONTINUOUS
10
104.003469999999993
20
-59.2956709999999987
11
103.949276999999995
21
-59.376776999999997
0
LINE
8
BLACK
6
CONTINUOUS
10
103.949276999999995
20
-59.376776999999997
11
103.8681709999999896
21
-59.430969999999995
0
LINE
8
BLACK
6
CONTINUOUS
10
103.8681709999999896
20
-59.430969999999995
11
103.7724999999999937
21
-59.4499999999999957
0
LINE
8
BLACK
6
CONTINUOUS
10
103.7724999999999937
20
-59.4499999999999957
11
101.6724999999999994
21
-59.4499999999999957
0
LINE
8
BLACK
6
CONTINUOUS
10
101.6724999999999994
20
-59.4499999999999957
11
101.5768289999999894
21
-59.430969999999995
0
LINE
8
BLACK
6
CONTINUOUS
10
101.5768289999999894
20
-59.430969999999995
11
101.4957229999999981
21
-59.376776999999997
0
LINE
8
BLACK
6
CONTINUOUS
10
101.4957229999999981
20
-59.376776999999997
11
101.4415300000000002
21
-59.2956709999999987
0
LINE
8
BLACK
6
CONTINUOUS
10
101.4415300000000002
20
-59.2956709999999987
11
101.4224999999999994
21
-59.1999999999999957
0
LINE
8
BLACK
6
CONTINUOUS
10
101.4224999999999994
20
-59.1999999999999957
11
101.4224999999999994
21
-57.0999999999999943
0
LINE
8
BLACK
6
CONTINUOUS
10
101.4224999999999994
20
-57.0999999999999943
11
101.4415300000000002
21
-57.0043289999999985
0
LINE
8
BLACK
6
CONTINUOUS
10
101.4415300000000002
20
-57.0043289999999985
11
101.4957229999999981
21
-56.9232230000000001
0
LINE
8
BLACK
6
CONTINUOUS
10
101.4957229999999981
20
-56.9232230000000001
11
101.5768289999999894
21
-56.8690299999999951
0
LINE
8
BLACK
6
CONTINUOUS
10
101.5768289999999894
20
-56.8690299999999951
11
101.6724999999999994
21
-56.8499999999999943
0
LINE
8
BLACK
6
CONTINUOUS
10
101.6724999999999994
20
-56.8499999999999943
11
103.7724999999999937
21
-56.8499999999999943
0
LINE
8
BLACK
6
CONTINUOUS
10
103.7724999999999937
20
-56.8499999999999943
11
103.8681709999999896
21
-56.8690299999999951
0
LINE
8
BLACK
6
CONTINUOUS
10
81.5534789999999958
20
-51.8959189999999992
11
81.7474879999999899
21
-51.9589569999999981
0
LINE
8
BLACK
6
CONTINUOUS
10
81.7474879999999899
20
-51.9589569999999981
11
81.9292480000000012
21
-52.0515679999999961
0
LINE
8
BLACK
6
CONTINUOUS
10
81.9292480000000012
20
-52.0515679999999961
11
82.0942819999999926
21
-52.1714719999999943
0
LINE
8
BLACK
6
CONTINUOUS
10
82.0942819999999926
20
-52.1714719999999943
11
82.2385280000000023
21
-52.3157179999999968
0
LINE
8
BLACK
6
CONTINUOUS
10
82.2385280000000023
20
-52.3157179999999968
11
82.3584319999999934
21
-52.4807519999999954
0
LINE
8
BLACK
6
CONTINUOUS
10
82.3584319999999934
20
-52.4807519999999954
11
82.4510429999999985
21
-52.6625119999999995
0
LINE
8
BLACK
6
CONTINUOUS
10
82.4510429999999985
20
-52.6625119999999995
11
82.5140809999999902
21
-52.8565210000000008
0
LINE
8
BLACK
6
CONTINUOUS
10
82.5140809999999902
20
-52.8565210000000008
11
82.5459929999999957
21
-53.0580029999999994
0
LINE
8
BLACK
6
CONTINUOUS
10
82.5459929999999957
20
-53.0580029999999994
11
82.5459929999999957
21
-53.2619970000000009
0
LINE
8
BLACK
6
CONTINUOUS
10
82.5459929999999957
20
-53.2619970000000009
11
82.5140809999999902
21
-53.4634789999999995
0
LINE
8
BLACK
6
CONTINUOUS
10
82.5140809999999902
20
-53.4634789999999995
11
82.4510429999999985
21
-53.6574880000000007
0
LINE
8
BLACK
6
CONTINUOUS
10
82.4510429999999985
20
-53.6574880000000007
11
82.3584319999999934
21
-53.8392479999999978
0
LINE
8
BLACK
6
CONTINUOUS
10
82.3584319999999934
20
-53.8392479999999978
11
82.2385280000000023
21
-54.0042819999999963
0
LINE
8
BLACK
6
CONTINUOUS
10
82.2385280000000023
20
-54.0042819999999963
11
82.0942819999999926
21
-54.1485279999999989
0
LINE
8
BLACK
6
CONTINUOUS
10
82.0942819999999926
20
-54.1485279999999989
11
81.9292480000000012
21
-54.2684319999999971
0
LINE
8
BLACK
6
CONTINUOUS
10
81.9292480000000012
20
-54.2684319999999971
11
81.7474879999999899
21
-54.3610429999999951
0
LINE
8
BLACK
6
CONTINUOUS
10
81.7474879999999899
20
-54.3610429999999951
11
81.5534789999999958
21
-54.424081000000001
0
LINE
8
BLACK
6
CONTINUOUS
10
81.5534789999999958
20
-54.424081000000001
11
81.3519969999999972
21
-54.4559929999999994
0
LINE
8
BLACK
6
CONTINUOUS
10
81.3519969999999972
20
-54.4559929999999994
11
81.1480030000000028
21
-54.4559929999999994
0
LINE
8
BLACK
6
CONTINUOUS
10
81.1480030000000028
20
-54.4559929999999994
11
80.94652099999999
21
-54.424081000000001
0
LINE
8
BLACK
6
CONTINUOUS
10
80.94652099999999
20
-54.424081000000001
11
80.7525119999999959
21
-54.3610429999999951
0
LINE
8
BLACK
6
CONTINUOUS
10
80.7525119999999959
20
-54.3610429999999951
11
80.5707519999999988
21
-54.2684319999999971
0
LINE
8
BLACK
6
CONTINUOUS
10
80.5707519999999988
20
-54.2684319999999971
11
80.4057179999999931
21
-54.1485279999999989
0
LINE
8
BLACK
6
CONTINUOUS
10
80.4057179999999931
20
-54.1485279999999989
11
80.2614719999999977
21
-54.0042819999999963
0
LINE
8
BLACK
6
CONTINUOUS
10
80.2614719999999977
20
-54.0042819999999963
11
80.1415679999999924
21
-53.8392479999999978
0
LINE
8
BLACK
6
CONTINUOUS
10
80.1415679999999924
20
-53.8392479999999978
11
80.0489570000000015
21
-53.6574880000000007
0
LINE
8
BLACK
6
CONTINUOUS
10
80.0489570000000015
20
-53.6574880000000007
11
79.9859189999999955
21
-53.4634789999999995
0
LINE
8
BLACK
6
CONTINUOUS
10
79.9859189999999955
20
-53.4634789999999995
11
79.9540069999999901
21
-53.2619970000000009
0
LINE
8
BLACK
6
CONTINUOUS
10
79.9540069999999901
20
-53.2619970000000009
11
79.9540069999999901
21
-53.0580029999999994
0
LINE
8
BLACK
6
CONTINUOUS
10
79.9540069999999901
20
-53.0580029999999994
11
79.9859189999999955
21
-52.8565210000000008
0
LINE
8
BLACK
6
CONTINUOUS
10
79.9859189999999955
20
-52.8565210000000008
11
80.0489570000000015
21
-52.6625119999999995
0
LINE
8
BLACK
6
CONTINUOUS
10
80.0489570000000015
20
-52.6625119999999995
11
80.1415679999999924
21
-52.4807519999999954
0
LINE
8
BLACK
6
CONTINUOUS
10
80.1415679999999924
20
-52.4807519999999954
11
80.2614719999999977
21
-52.3157179999999968
0
LINE
8
BLACK
6
CONTINUOUS
10
80.2614719999999977
20
-52.3157179999999968
11
80.4057179999999931
21
-52.1714719999999943
0
LINE
8
BLACK
6
CONTINUOUS
10
80.4057179999999931
20
-52.1714719999999943
11
80.5707519999999988
21
-52.0515679999999961
0
LINE
8
BLACK
6
CONTINUOUS
10
80.5707519999999988
20
-52.0515679999999961
11
80.7525119999999959
21
-51.9589569999999981
0
LINE
8
BLACK
6
CONTINUOUS
10
80.7525119999999959
20
-51.9589569999999981
11
80.94652099999999
21
-51.8959189999999992
0
LINE
8
BLACK
6
CONTINUOUS
10
80.94652099999999
20
-51.8959189999999992
11
81.1480030000000028
21
-51.8640070000000009
0
LINE
8
BLACK
6
CONTINUOUS
10
81.1480030000000028
20
-51.8640070000000009
11
81.3519969999999972
21
-51.8640070000000009
0
LINE
8
BLACK
6
CONTINUOUS
10
81.3519969999999972
20
-51.8640070000000009
11
81.5534789999999958
21
-51.8959189999999992
0
LINE
8
BLACK
6
CONTINUOUS
10
103.0259789999999924
20
-51.8059189999999958
11
103.2199880000000007
21
-51.8689569999999947
0
LINE
8
BLACK
6
CONTINUOUS
10
103.2199880000000007
20
-51.8689569999999947
11
103.4017479999999978
21
-51.9615679999999998
0
LINE
8
BLACK
6
CONTINUOUS
10
103.4017479999999978
20
-51.9615679999999998
11
103.5667819999999892
21
-52.081471999999998
0
LINE
8
BLACK
6
CONTINUOUS
10
103.5667819999999892
20
-52.081471999999998
11
103.7110279999999989
21
-52.2257180000000005
0
LINE
8
BLACK
6
CONTINUOUS
10
103.7110279999999989
20
-52.2257180000000005
11
103.83093199999999
21
-52.3907519999999991
0
LINE
8
BLACK
6
CONTINUOUS
10
103.83093199999999
20
-52.3907519999999991
11
103.9235429999999951
21
-52.5725119999999961
0
LINE
8
BLACK
6
CONTINUOUS
10
103.9235429999999951
20
-52.5725119999999961
11
103.986581000000001
21
-52.7665209999999973
0
LINE
8
BLACK
6
CONTINUOUS
10
103.986581000000001
20
-52.7665209999999973
11
104.0184929999999923
21
-52.968002999999996
0
LINE
8
BLACK
6
CONTINUOUS
10
104.0184929999999923
20
-52.968002999999996
11
104.0184929999999923
21
-53.1719969999999975
0
LINE
8
BLACK
6
CONTINUOUS
10
104.0184929999999923
20
-53.1719969999999975
11
103.986581000000001
21
-53.3734789999999961
0
LINE
8
BLACK
6
CONTINUOUS
10
103.986581000000001
20
-53.3734789999999961
11
103.9235429999999951
21
-53.5674879999999973
0
LINE
8
BLACK
6
CONTINUOUS
10
103.9235429999999951
20
-53.5674879999999973
11
103.83093199999999
21
-53.7492479999999944
0
LINE
8
BLACK
6
CONTINUOUS
10
103.83093199999999
20
-53.7492479999999944
11
103.7110279999999989
21
-53.914282
0
LINE
8
BLACK
6
CONTINUOUS
10
103.7110279999999989
20
-53.914282
11
103.5667819999999892
21
-54.0585279999999955
0
LINE
8
BLACK
6
CONTINUOUS
10
103.5667819999999892
20
-54.0585279999999955
11
103.4017479999999978
21
-54.1784320000000008
0
LINE
8
BLACK
6
CONTINUOUS
10
103.4017479999999978
20
-54.1784320000000008
11
103.2199880000000007
21
-54.2710429999999988
0
LINE
8
BLACK
6
CONTINUOUS
10
103.2199880000000007
20
-54.2710429999999988
11
103.0259789999999924
21
-54.3340809999999976
0
LINE
8
BLACK
6
CONTINUOUS
10
103.0259789999999924
20
-54.3340809999999976
11
102.8244969999999938
21
-54.365992999999996
0
LINE
8
BLACK
6
CONTINUOUS
10
102.8244969999999938
20
-54.365992999999996
11
102.6205029999999994
21
-54.365992999999996
0
LINE
8
BLACK
6
CONTINUOUS
10
102.6205029999999994
20
-54.365992999999996
11
102.4190210000000008
21
-54.3340809999999976
0
LINE
8
BLACK
6
CONTINUOUS
10
102.4190210000000008
20
-54.3340809999999976
11
102.2250119999999924
21
-54.2710429999999988
0
LINE
8
BLACK
6
CONTINUOUS
10
102.2250119999999924
20
-54.2710429999999988
11
102.0432519999999954
21
-54.1784320000000008
0
LINE
8
BLACK
6
CONTINUOUS
10
102.0432519999999954
20
-54.1784320000000008
11
101.8782179999999897
21
-54.0585279999999955
0
LINE
8
BLACK
6
CONTINUOUS
10
101.8782179999999897
20
-54.0585279999999955
11
101.7339719999999943
21
-53.914282
0
LINE
8
BLACK
6
CONTINUOUS
10
101.7339719999999943
20
-53.914282
11
101.614067999999989
21
-53.7492479999999944
0
LINE
8
BLACK
6
CONTINUOUS
10
101.614067999999989
20
-53.7492479999999944
11
101.5214569999999981
21
-53.5674879999999973
0
LINE
8
BLACK
6
CONTINUOUS
10
101.5214569999999981
20
-53.5674879999999973
11
101.4584189999999921
21
-53.3734789999999961
0
LINE
8
BLACK
6
CONTINUOUS
10
101.4584189999999921
20
-53.3734789999999961
11
101.4265070000000009
21
-53.1719969999999975
0
LINE
8
BLACK
6
CONTINUOUS
10
101.4265070000000009
20
-53.1719969999999975
11
101.4265070000000009
21
-52.968002999999996
0
LINE
8
BLACK
6
CONTINUOUS
10
101.4265070000000009
20
-52.968002999999996
11
101.4584189999999921
21
-52.7665209999999973
0
LINE
8
BLACK
6
CONTINUOUS
10
101.4584189999999921
20
-52.7665209999999973
11
101.5214569999999981
21
-52.5725119999999961
0
LINE
8
BLACK
6
CONTINUOUS
10
101.5214569999999981
20
-52.5725119999999961
11
101.614067999999989
21
-52.3907519999999991
0
LINE
8
BLACK
6
CONTINUOUS
10
101.614067999999989
20
-52.3907519999999991
11
101.7339719999999943
21
-52.2257180000000005
0
LINE
8
BLACK
6
CONTINUOUS
10
101.7339719999999943
20
-52.2257180000000005
11
101.8782179999999897
21
-52.081471999999998
0
LINE
8
BLACK
6
CONTINUOUS
10
101.8782179999999897
20
-52.081471999999998
11
102.0432519999999954
21
-51.9615679999999998
0
LINE
8
BLACK
6
CONTINUOUS
10
102.0432519999999954
20
-51.9615679999999998
11
102.2250119999999924
21
-51.8689569999999947
0
LINE
8
BLACK
6
CONTINUOUS
10
102.2250119999999924
20
-51.8689569999999947
11
102.4190210000000008
21
-51.8059189999999958
0
LINE
8
BLACK
6
CONTINUOUS
10
102.4190210000000008
20
-51.8059189999999958
11
102.6205029999999994
21
-51.7740069999999974
0
LINE
8
BLACK
6
CONTINUOUS
10
102.6205029999999994
20
-51.7740069999999974
11
102.8244969999999938
21
-51.7740069999999974
0
LINE
8
BLACK
6
CONTINUOUS
10
102.8244969999999938
20
-51.7740069999999974
11
103.0259789999999924
21
-51.8059189999999958
0
LINE
8
BLACK
6
CONTINUOUS
10
89.0822280000000006
20
-51.8544479999999979
11
89.2271169999999927
21
-51.9144629999999978
0
LINE
8
BLACK
6
CONTINUOUS
10
89.2271169999999927
20
-51.9144629999999978
11
89.3575149999999923
21
-52.0015919999999952
0
LINE
8
BLACK
6
CONTINUOUS
10
89.3575149999999923
20
-52.0015919999999952
11
89.4684079999999966
21
-52.1124849999999995
0
LINE
8
BLACK
6
CONTINUOUS
10
89.4684079999999966
20
-52.1124849999999995
11
89.5555370000000011
21
-52.2428829999999991
0
LINE
8
BLACK
6
CONTINUOUS
10
89.5555370000000011
20
-52.2428829999999991
11
89.6155519999999939
21
-52.3877719999999982
0
LINE
8
BLACK
6
CONTINUOUS
10
89.6155519999999939
20
-52.3877719999999982
11
89.6461479999999966
21
-52.5415859999999952
0
LINE
8
BLACK
6
CONTINUOUS
10
89.6461479999999966
20
-52.5415859999999952
11
89.6461479999999966
21
-52.6984139999999996
0
LINE
8
BLACK
6
CONTINUOUS
10
89.6461479999999966
20
-52.6984139999999996
11
89.6155519999999939
21
-52.8522279999999967
0
LINE
8
BLACK
6
CONTINUOUS
10
89.6155519999999939
20
-52.8522279999999967
11
89.5555370000000011
21
-52.9971169999999958
0
LINE
8
BLACK
6
CONTINUOUS
10
89.5555370000000011
20
-52.9971169999999958
11
89.4684079999999966
21
-53.1275149999999954
0
LINE
8
BLACK
6
CONTINUOUS
10
89.4684079999999966
20
-53.1275149999999954
11
89.3575149999999923
21
-53.2384079999999997
0
LINE
8
BLACK
6
CONTINUOUS
10
89.3575149999999923
20
-53.2384079999999997
11
89.2271169999999927
21
-53.3255369999999971
0
LINE
8
BLACK
6
CONTINUOUS
10
89.2271169999999927
20
-53.3255369999999971
11
89.0822280000000006
21
-53.385551999999997
0
LINE
8
BLACK
6
CONTINUOUS
10
89.0822280000000006
20
-53.385551999999997
11
88.9284139999999894
21
-53.4161479999999997
0
LINE
8
BLACK
6
CONTINUOUS
10
88.9284139999999894
20
-53.4161479999999997
11
88.7715859999999992
21
-53.4161479999999997
0
LINE
8
BLACK
6
CONTINUOUS
10
88.7715859999999992
20
-53.4161479999999997
11
88.6177720000000022
21
-53.385551999999997
0
LINE
8
BLACK
6
CONTINUOUS
10
88.6177720000000022
20
-53.385551999999997
11
88.4728829999999959
21
-53.3255369999999971
0
LINE
8
BLACK
6
CONTINUOUS
10
88.4728829999999959
20
-53.3255369999999971
11
88.3424849999999964
21
-53.2384079999999997
0
LINE
8
BLACK
6
CONTINUOUS
10
88.3424849999999964
20
-53.2384079999999997
11
88.231591999999992
21
-53.1275149999999954
0
LINE
8
BLACK
6
CONTINUOUS
10
88.231591999999992
20
-53.1275149999999954
11
88.1444630000000018
21
-52.9971169999999958
0
LINE
8
BLACK
6
CONTINUOUS
10
88.1444630000000018
20
-52.9971169999999958
11
88.0844479999999947
21
-52.8522279999999967
0
LINE
8
BLACK
6
CONTINUOUS
10
88.0844479999999947
20
-52.8522279999999967
11
88.053851999999992
21
-52.6984139999999996
0
LINE
8
BLACK
6
CONTINUOUS
10
88.053851999999992
20
-52.6984139999999996
11
88.053851999999992
21
-52.5415859999999952
0
LINE
8
BLACK
6
CONTINUOUS
10
88.053851999999992
20
-52.5415859999999952
11
88.0844479999999947
21
-52.3877719999999982
0
LINE
8
BLACK
6
CONTINUOUS
10
88.0844479999999947
20
-52.3877719999999982
11
88.1444630000000018
21
-52.2428829999999991
0
LINE
8
BLACK
6
CONTINUOUS
10
88.1444630000000018
20
-52.2428829999999991
11
88.231591999999992
21
-52.1124849999999995
0
LINE
8
BLACK
6
CONTINUOUS
10
88.231591999999992
20
-52.1124849999999995
11
88.3424849999999964
21
-52.0015919999999952
0
LINE
8
BLACK
6
CONTINUOUS
10
88.3424849999999964
20
-52.0015919999999952
11
88.4728829999999959
21
-51.9144629999999978
0
LINE
8
BLACK
6
CONTINUOUS
10
88.4728829999999959
20
-51.9144629999999978
11
88.6177720000000022
21
-51.8544479999999979
0
LINE
8
BLACK
6
CONTINUOUS
10
88.6177720000000022
20
-51.8544479999999979
11
88.7715859999999992
21
-51.8238519999999951
0
LINE
8
BLACK
6
CONTINUOUS
10
88.7715859999999992
20
-51.8238519999999951
11
88.9284139999999894
21
-51.8238519999999951
0
LINE
8
BLACK
6
CONTINUOUS
10
88.9284139999999894
20
-51.8238519999999951
11
89.0822280000000006
21
-51.8544479999999979
0
LINE
8
BLACK
6
CONTINUOUS
10
95.2822279999999893
20
-51.7544479999999965
11
95.4271169999999955
21
-51.8144629999999964
0
LINE
8
BLACK
6
CONTINUOUS
10
95.4271169999999955
20
-51.8144629999999964
11
95.5575149999999951
21
-51.9015920000000008
0
LINE
8
BLACK
6
CONTINUOUS
10
95.5575149999999951
20
-51.9015920000000008
11
95.6684079999999994
21
-52.0124849999999981
0
LINE
8
BLACK
6
CONTINUOUS
10
95.6684079999999994
20
-52.0124849999999981
11
95.7555369999999897
21
-52.1428829999999977
0
LINE
8
BLACK
6
CONTINUOUS
10
95.7555369999999897
20
-52.1428829999999977
11
95.8155519999999967
21
-52.2877719999999968
0
LINE
8
BLACK
6
CONTINUOUS
10
95.8155519999999967
20
-52.2877719999999968
11
95.8461479999999995
21
-52.4415860000000009
0
LINE
8
BLACK
6
CONTINUOUS
10
95.8461479999999995
20
-52.4415860000000009
11
95.8461479999999995
21
-52.5984139999999982
0
LINE
8
BLACK
6
CONTINUOUS
10
95.8461479999999995
20
-52.5984139999999982
11
95.8155519999999967
21
-52.7522279999999952
0
LINE
8
BLACK
6
CONTINUOUS
10
95.8155519999999967
20
-52.7522279999999952
11
95.7555369999999897
21
-52.8971169999999944
0
LINE
8
BLACK
6
CONTINUOUS
10
95.7555369999999897
20
-52.8971169999999944
11
95.6684079999999994
21
-53.0275150000000011
0
LINE
8
BLACK
6
CONTINUOUS
10
95.6684079999999994
20
-53.0275150000000011
11
95.5575149999999951
21
-53.1384079999999983
0
LINE
8
BLACK
6
CONTINUOUS
10
95.5575149999999951
20
-53.1384079999999983
11
95.4271169999999955
21
-53.2255369999999957
0
LINE
8
BLACK
6
CONTINUOUS
10
95.4271169999999955
20
-53.2255369999999957
11
95.2822279999999893
21
-53.2855519999999956
0
LINE
8
BLACK
6
CONTINUOUS
10
95.2822279999999893
20
-53.2855519999999956
11
95.1284139999999923
21
-53.3161479999999983
0
LINE
8
BLACK
6
CONTINUOUS
10
95.1284139999999923
20
-53.3161479999999983
11
94.9715860000000021
21
-53.3161479999999983
0
LINE
8
BLACK
6
CONTINUOUS
10
94.9715860000000021
20
-53.3161479999999983
11
94.8177719999999908
21
-53.2855519999999956
0
LINE
8
BLACK
6
CONTINUOUS
10
94.8177719999999908
20
-53.2855519999999956
11
94.6728829999999988
21
-53.2255369999999957
0
LINE
8
BLACK
6
CONTINUOUS
10
94.6728829999999988
20
-53.2255369999999957
11
94.5424849999999992
21
-53.1384079999999983
0
LINE
8
BLACK
6
CONTINUOUS
10
94.5424849999999992
20
-53.1384079999999983
11
94.4315919999999949
21
-53.0275150000000011
0
LINE
8
BLACK
6
CONTINUOUS
10
94.4315919999999949
20
-53.0275150000000011
11
94.3444629999999904
21
-52.8971169999999944
0
LINE
8
BLACK
6
CONTINUOUS
10
94.3444629999999904
20
-52.8971169999999944
11
94.2844479999999976
21
-52.7522279999999952
0
LINE
8
BLACK
6
CONTINUOUS
10
94.2844479999999976
20
-52.7522279999999952
11
94.2538519999999949
21
-52.5984139999999982
0
LINE
8
BLACK
6
CONTINUOUS
10
94.2538519999999949
20
-52.5984139999999982
11
94.2538519999999949
21
-52.4415860000000009
0
LINE
8
BLACK
6
CONTINUOUS
10
94.2538519999999949
20
-52.4415860000000009
11
94.2844479999999976
21
-52.2877719999999968
0
LINE
8
BLACK
6
CONTINUOUS
10
94.2844479999999976
20
-52.2877719999999968
11
94.3444629999999904
21
-52.1428829999999977
0
LINE
8
BLACK
6
CONTINUOUS
10
94.3444629999999904
20
-52.1428829999999977
11
94.4315919999999949
21
-52.0124849999999981
0
LINE
8
BLACK
6
CONTINUOUS
10
94.4315919999999949
20
-52.0124849999999981
11
94.5424849999999992
21
-51.9015920000000008
0
LINE
8
BLACK
6
CONTINUOUS
10
94.5424849999999992
20
-51.9015920000000008
11
94.6728829999999988
21
-51.8144629999999964
0
LINE
8
BLACK
6
CONTINUOUS
10
94.6728829999999988
20
-51.8144629999999964
11
94.8177719999999908
21
-51.7544479999999965
0
LINE
8
BLACK
6
CONTINUOUS
10
94.8177719999999908
20
-51.7544479999999965
11
94.9715860000000021
21
-51.7238520000000008
0
LINE
8
BLACK
6
CONTINUOUS
10
94.9715860000000021
20
-51.7238520000000008
11
95.1284139999999923
21
-51.7238520000000008
0
LINE
8
BLACK
6
CONTINUOUS
10
95.1284139999999923
20
-51.7238520000000008
11
95.2822279999999893
21
-51.7544479999999965
0
LINE
8
BLACK
6
CONTINUOUS
10
82.395670999999993
20
-46.7990299999999948
11
82.4767769999999985
21
-46.8532229999999998
0
LINE
8
BLACK
6
CONTINUOUS
10
82.4767769999999985
20
-46.8532229999999998
11
82.5309699999999964
21
-46.9343289999999982
0
LINE
8
BLACK
6
CONTINUOUS
10
82.5309699999999964
20
-46.9343289999999982
11
82.5499999999999972
21
-47.0300000000000011
0
LINE
8
BLACK
6
CONTINUOUS
10
82.5499999999999972
20
-47.0300000000000011
11
82.5499999999999972
21
-49.1299999999999955
0
LINE
8
BLACK
6
CONTINUOUS
10
82.5499999999999972
20
-49.1299999999999955
11
82.5309699999999964
21
-49.2256709999999984
0
LINE
8
BLACK
6
CONTINUOUS
10
82.5309699999999964
20
-49.2256709999999984
11
82.4767769999999985
21
-49.3067769999999967
0
LINE
8
BLACK
6
CONTINUOUS
10
82.4767769999999985
20
-49.3067769999999967
11
82.395670999999993
21
-49.3609699999999947
0
LINE
8
BLACK
6
CONTINUOUS
10
82.395670999999993
20
-49.3609699999999947
11
82.2999999999999972
21
-49.3799999999999955
0
LINE
8
BLACK
6
CONTINUOUS
10
82.2999999999999972
20
-49.3799999999999955
11
80.2000000000000028
21
-49.3799999999999955
0
LINE
8
BLACK
6
CONTINUOUS
10
80.2000000000000028
20
-49.3799999999999955
11
80.1043289999999928
21
-49.3609699999999947
0
LINE
8
BLACK
6
CONTINUOUS
10
80.1043289999999928
20
-49.3609699999999947
11
80.0232230000000015
21
-49.3067769999999967
0
LINE
8
BLACK
6
CONTINUOUS
10
80.0232230000000015
20
-49.3067769999999967
11
79.9690299999999894
21
-49.2256709999999984
0
LINE
8
BLACK
6
CONTINUOUS
10
79.9690299999999894
20
-49.2256709999999984
11
79.9500000000000028
21
-49.1299999999999955
0
LINE
8
BLACK
6
CONTINUOUS
10
79.9500000000000028
20
-49.1299999999999955
11
79.9500000000000028
21
-47.0300000000000011
0
LINE
8
BLACK
6
CONTINUOUS
10
79.9500000000000028
20
-47.0300000000000011
11
79.9690299999999894
21
-46.9343289999999982
0
LINE
8
BLACK
6
CONTINUOUS
10
79.9690299999999894
20
-46.9343289999999982
11
80.0232230000000015
21
-46.8532229999999998
0
LINE
8
BLACK
6
CONTINUOUS
10
80.0232230000000015
20
-46.8532229999999998
11
80.1043289999999928
21
-46.7990299999999948
0
LINE
8
BLACK
6
CONTINUOUS
10
80.1043289999999928
20
-46.7990299999999948
11
80.2000000000000028
21
-46.7800000000000011
0
LINE
8
BLACK
6
CONTINUOUS
10
80.2000000000000028
20
-46.7800000000000011
11
82.2999999999999972
21
-46.7800000000000011
0
LINE
8
BLACK
6
CONTINUOUS
10
82.2999999999999972
20
-46.7800000000000011
11
82.395670999999993
21
-46.7990299999999948
0
LINE
8
BLACK
6
CONTINUOUS
10
103.0259789999999924
20
-46.7259189999999975
11
103.2199880000000007
21
-46.7889569999999964
0
LINE
8
BLACK
6
CONTINUOUS
10
103.2199880000000007
20
-46.7889569999999964
11
103.4017479999999978
21
-46.8815679999999944
0
LINE
8
BLACK
6
CONTINUOUS
10
103.4017479999999978
20
-46.8815679999999944
11
103.5667819999999892
21
-47.0014719999999997
0
LINE
8
BLACK
6
CONTINUOUS
10
103.5667819999999892
20
-47.0014719999999997
11
103.7110279999999989
21
-47.1457179999999951
0
LINE
8
BLACK
6
CONTINUOUS
10
103.7110279999999989
20
-47.1457179999999951
11
103.83093199999999
21
-47.3107520000000008
0
LINE
8
BLACK
6
CONTINUOUS
10
103.83093199999999
20
-47.3107520000000008
11
103.9235429999999951
21
-47.4925119999999978
0
LINE
8
BLACK
6
CONTINUOUS
10
103.9235429999999951
20
-47.4925119999999978
11
103.986581000000001
21
-47.686520999999999
0
LINE
8
BLACK
6
CONTINUOUS
10
103.986581000000001
20
-47.686520999999999
11
104.0184929999999923
21
-47.8880029999999977
0
LINE
8
BLACK
6
CONTINUOUS
10
104.0184929999999923
20
-47.8880029999999977
11
104.0184929999999923
21
-48.0919969999999992
0
LINE
8
BLACK
6
CONTINUOUS
10
104.0184929999999923
20
-48.0919969999999992
11
103.986581000000001
21
-48.2934789999999978
0
LINE
8
BLACK
6
CONTINUOUS
10
103.986581000000001
20
-48.2934789999999978
11
103.9235429999999951
21
-48.487487999999999
0
LINE
8
BLACK
6
CONTINUOUS
10
103.9235429999999951
20
-48.487487999999999
11
103.83093199999999
21
-48.6692479999999961
0
LINE
8
BLACK
6
CONTINUOUS
10
103.83093199999999
20
-48.6692479999999961
11
103.7110279999999989
21
-48.8342819999999946
0
LINE
8
BLACK
6
CONTINUOUS
10
103.7110279999999989
20
-48.8342819999999946
11
103.5667819999999892
21
-48.9785279999999972
0
LINE
8
BLACK
6
CONTINUOUS
10
103.5667819999999892
20
-48.9785279999999972
11
103.4017479999999978
21
-49.0984319999999954
0
LINE
8
BLACK
6
CONTINUOUS
10
103.4017479999999978
20
-49.0984319999999954
11
103.2199880000000007
21
-49.1910430000000005
0
LINE
8
BLACK
6
CONTINUOUS
10
103.2199880000000007
20
-49.1910430000000005
11
103.0259789999999924
21
-49.2540809999999993
0
LINE
8
BLACK
6
CONTINUOUS
10
103.0259789999999924
20
-49.2540809999999993
11
102.8244969999999938
21
-49.2859929999999977
0
LINE
8
BLACK
6
CONTINUOUS
10
102.8244969999999938
20
-49.2859929999999977
11
102.6205029999999994
21
-49.2859929999999977
0
LINE
8
BLACK
6
CONTINUOUS
10
102.6205029999999994
20
-49.2859929999999977
11
102.4190210000000008
21
-49.2540809999999993
0
LINE
8
BLACK
6
CONTINUOUS
10
102.4190210000000008
20
-49.2540809999999993
11
102.2250119999999924
21
-49.1910430000000005
0
LINE
8
BLACK
6
CONTINUOUS
10
102.2250119999999924
20
-49.1910430000000005
11
102.0432519999999954
21
-49.0984319999999954
0
LINE
8
BLACK
6
CONTINUOUS
10
102.0432519999999954
20
-49.0984319999999954
11
101.8782179999999897
21
-48.9785279999999972
0
LINE
8
BLACK
6
CONTINUOUS
10
101.8782179999999897
20
-48.9785279999999972
11
101.7339719999999943
21
-48.8342819999999946
0
LINE
8
BLACK
6
CONTINUOUS
10
101.7339719999999943
20
-48.8342819999999946
11
101.614067999999989
21
-48.6692479999999961
0
LINE
8
BLACK
6
CONTINUOUS
10
101.614067999999989
20
-48.6692479999999961
11
101.5214569999999981
21
-48.487487999999999
0
LINE
8
BLACK
6
CONTINUOUS
10
101.5214569999999981
20
-48.487487999999999
11
101.4584189999999921
21
-48.2934789999999978
0
LINE
8
BLACK
6
CONTINUOUS
10
101.4584189999999921
20
-48.2934789999999978
11
101.4265070000000009
21
-48.0919969999999992
0
LINE
8
BLACK
6
CONTINUOUS
10
101.4265070000000009
20
-48.0919969999999992
11
101.4265070000000009
21
-47.8880029999999977
0
LINE
8
BLACK
6
CONTINUOUS
10
101.4265070000000009
20
-47.8880029999999977
11
101.4584189999999921
21
-47.686520999999999
0
LINE
8
BLACK
6
CONTINUOUS
10
101.4584189999999921
20
-47.686520999999999
11
101.5214569999999981
21
-47.4925119999999978
0
LINE
8
BLACK
6
CONTINUOUS
10
101.5214569999999981
20
-47.4925119999999978
11
101.614067999999989
21
-47.3107520000000008
0
LINE
8
BLACK
6
CONTINUOUS
10
101.614067999999989
20
-47.3107520000000008
11
101.7339719999999943
21
-47.1457179999999951
0
LINE
8
BLACK
6
CONTINUOUS
10
101.7339719999999943
20
-47.1457179999999951
11
101.8782179999999897
21
-47.0014719999999997
0
LINE
8
BLACK
6
CONTINUOUS
10
101.8782179999999897
20
-47.0014719999999997
11
102.0432519999999954
21
-46.8815679999999944
0
LINE
8
BLACK
6
CONTINUOUS
10
102.0432519999999954
20
-46.8815679999999944
11
102.2250119999999924
21
-46.7889569999999964
0
LINE
8
BLACK
6
CONTINUOUS
10
102.2250119999999924
20
-46.7889569999999964
11
102.4190210000000008
21
-46.7259189999999975
0
LINE
8
BLACK
6
CONTINUOUS
10
102.4190210000000008
20
-46.7259189999999975
11
102.6205029999999994
21
-46.6940069999999992
0
LINE
8
BLACK
6
CONTINUOUS
10
102.6205029999999994
20
-46.6940069999999992
11
102.8244969999999938
21
-46.6940069999999992
0
LINE
8
BLACK
6
CONTINUOUS
10
102.8244969999999938
20
-46.6940069999999992
11
103.0259789999999924
21
-46.7259189999999975
0
LINE
8
BLACK
6
CONTINUOUS
10
103.895670999999993
20
-40.1290300000000002
11
103.9767769999999985
21
-40.1832229999999981
0
LINE
8
BLACK
6
CONTINUOUS
10
103.9767769999999985
20
-40.1832229999999981
11
104.0309699999999964
21
-40.2643289999999965
0
LINE
8
BLACK
6
CONTINUOUS
10
104.0309699999999964
20
-40.2643289999999965
11
104.0499999999999972
21
-40.3599999999999994
0
LINE
8
BLACK
6
CONTINUOUS
10
104.0499999999999972
20
-40.3599999999999994
11
104.0499999999999972
21
-42.4600000000000009
0
LINE
8
BLACK
6
CONTINUOUS
10
104.0499999999999972
20
-42.4600000000000009
11
104.0309699999999964
21
-42.5556709999999967
0
LINE
8
BLACK
6
CONTINUOUS
10
104.0309699999999964
20
-42.5556709999999967
11
103.9767769999999985
21
-42.636776999999995
0
LINE
8
BLACK
6
CONTINUOUS
10
103.9767769999999985
20
-42.636776999999995
11
103.895670999999993
21
-42.6909700000000001
0
LINE
8
BLACK
6
CONTINUOUS
10
103.895670999999993
20
-42.6909700000000001
11
103.7999999999999972
21
-42.7100000000000009
0
LINE
8
BLACK
6
CONTINUOUS
10
103.7999999999999972
20
-42.7100000000000009
11
101.6999999999999886
21
-42.7100000000000009
0
LINE
8
BLACK
6
CONTINUOUS
10
101.6999999999999886
20
-42.7100000000000009
11
101.6043289999999928
21
-42.6909700000000001
0
LINE
8
BLACK
6
CONTINUOUS
10
101.6043289999999928
20
-42.6909700000000001
11
101.5232230000000015
21
-42.636776999999995
0
LINE
8
BLACK
6
CONTINUOUS
10
101.5232230000000015
20
-42.636776999999995
11
101.4690299999999894
21
-42.5556709999999967
0
LINE
8
BLACK
6
CONTINUOUS
10
101.4690299999999894
20
-42.5556709999999967
11
101.4499999999999886
21
-42.4600000000000009
0
LINE
8
BLACK
6
CONTINUOUS
10
101.4499999999999886
20
-42.4600000000000009
11
101.4499999999999886
21
-40.3599999999999994
0
LINE
8
BLACK
6
CONTINUOUS
10
101.4499999999999886
20
-40.3599999999999994
11
101.4690299999999894
21
-40.2643289999999965
0
LINE
8
BLACK
6
CONTINUOUS
10
101.4690299999999894
20
-40.2643289999999965
11
101.5232230000000015
21
-40.1832229999999981
0
LINE
8
BLACK
6
CONTINUOUS
10
101.5232230000000015
20
-40.1832229999999981
11
101.6043289999999928
21
-40.1290300000000002
0
LINE
8
BLACK
6
CONTINUOUS
10
101.6043289999999928
20
-40.1290300000000002
11
101.6999999999999886
21
-40.1099999999999994
0
LINE
8
BLACK
6
CONTINUOUS
10
101.6999999999999886
20
-40.1099999999999994
11
103.7999999999999972
21
-40.1099999999999994
0
LINE
8
BLACK
6
CONTINUOUS
10
103.7999999999999972
20
-40.1099999999999994
11
103.895670999999993
21
-40.1290300000000002
0
LINE
8
BLACK
6
CONTINUOUS
10
81.5534789999999958
20
-40.0659190000000009
11
81.7474879999999899
21
-40.1289569999999998
0
LINE
8
BLACK
6
CONTINUOUS
10
81.7474879999999899
20
-40.1289569999999998
11
81.9292480000000012
21
-40.2215679999999978
0
LINE
8
BLACK
6
CONTINUOUS
10
81.9292480000000012
20
-40.2215679999999978
11
82.0942819999999926
21
-40.341471999999996
0
LINE
8
BLACK
6
CONTINUOUS
10
82.0942819999999926
20
-40.341471999999996
11
82.2385280000000023
21
-40.4857179999999985
0
LINE
8
BLACK
6
CONTINUOUS
10
82.2385280000000023
20
-40.4857179999999985
11
82.3584319999999934
21
-40.6507519999999971
0
LINE
8
BLACK
6
CONTINUOUS
10
82.3584319999999934
20
-40.6507519999999971
11
82.4510429999999985
21
-40.8325120000000013
0
LINE
8
BLACK
6
CONTINUOUS
10
82.4510429999999985
20
-40.8325120000000013
11
82.5140809999999902
21
-41.0265209999999954
0
LINE
8
BLACK
6
CONTINUOUS
10
82.5140809999999902
20
-41.0265209999999954
11
82.5459929999999957
21
-41.2280030000000011
0
LINE
8
BLACK
6
CONTINUOUS
10
82.5459929999999957
20
-41.2280030000000011
11
82.5459929999999957
21
-41.4319969999999955
0
LINE
8
BLACK
6
CONTINUOUS
10
82.5459929999999957
20
-41.4319969999999955
11
82.5140809999999902
21
-41.6334790000000012
0
LINE
8
BLACK
6
CONTINUOUS
10
82.5140809999999902
20
-41.6334790000000012
11
82.4510429999999985
21
-41.8274879999999953
0
LINE
8
BLACK
6
CONTINUOUS
10
82.4510429999999985
20
-41.8274879999999953
11
82.3584319999999934
21
-42.0092479999999995
0
LINE
8
BLACK
6
CONTINUOUS
10
82.3584319999999934
20
-42.0092479999999995
11
82.2385280000000023
21
-42.174281999999998
0
LINE
8
BLACK
6
CONTINUOUS
10
82.2385280000000023
20
-42.174281999999998
11
82.0942819999999926
21
-42.3185280000000006
0
LINE
8
BLACK
6
CONTINUOUS
10
82.0942819999999926
20
-42.3185280000000006
11
81.9292480000000012
21
-42.4384319999999988
0
LINE
8
BLACK
6
CONTINUOUS
10
81.9292480000000012
20
-42.4384319999999988
11
81.7474879999999899
21
-42.5310429999999968
0
LINE
8
BLACK
6
CONTINUOUS
10
81.7474879999999899
20
-42.5310429999999968
11
81.5534789999999958
21
-42.5940809999999956
0
LINE
8
BLACK
6
CONTINUOUS
10
81.5534789999999958
20
-42.5940809999999956
11
81.3519969999999972
21
-42.6259930000000011
0
LINE
8
BLACK
6
CONTINUOUS
10
81.3519969999999972
20
-42.6259930000000011
11
81.1480030000000028
21
-42.6259930000000011
0
LINE
8
BLACK
6
CONTINUOUS
10
81.1480030000000028
20
-42.6259930000000011
11
80.94652099999999
21
-42.5940809999999956
0
LINE
8
BLACK
6
CONTINUOUS
10
80.94652099999999
20
-42.5940809999999956
11
80.7525119999999959
21
-42.5310429999999968
0
LINE
8
BLACK
6
CONTINUOUS
10
80.7525119999999959
20
-42.5310429999999968
11
80.5707519999999988
21
-42.4384319999999988
0
LINE
8
BLACK
6
CONTINUOUS
10
80.5707519999999988
20
-42.4384319999999988
11
80.4057179999999931
21
-42.3185280000000006
0
LINE
8
BLACK
6
CONTINUOUS
10
80.4057179999999931
20
-42.3185280000000006
11
80.2614719999999977
21
-42.174281999999998
0
LINE
8
BLACK
6
CONTINUOUS
10
80.2614719999999977
20
-42.174281999999998
11
80.1415679999999924
21
-42.0092479999999995
0
LINE
8
BLACK
6
CONTINUOUS
10
80.1415679999999924
20
-42.0092479999999995
11
80.0489570000000015
21
-41.8274879999999953
0
LINE
8
BLACK
6
CONTINUOUS
10
80.0489570000000015
20
-41.8274879999999953
11
79.9859189999999955
21
-41.6334790000000012
0
LINE
8
BLACK
6
CONTINUOUS
10
79.9859189999999955
20
-41.6334790000000012
11
79.9540069999999901
21
-41.4319969999999955
0
LINE
8
BLACK
6
CONTINUOUS
10
79.9540069999999901
20
-41.4319969999999955
11
79.9540069999999901
21
-41.2280030000000011
0
LINE
8
BLACK
6
CONTINUOUS
10
79.9540069999999901
20
-41.2280030000000011
11
79.9859189999999955
21
-41.0265209999999954
0
LINE
8
BLACK
6
CONTINUOUS
10
79.9859189999999955
20
-41.0265209999999954
11
80.0489570000000015
21
-40.8325120000000013
0
LINE
8
BLACK
6
CONTINUOUS
10
80.0489570000000015
20
-40.8325120000000013
11
80.1415679999999924
21
-40.6507519999999971
0
LINE
8
BLACK
6
CONTINUOUS
10
80.1415679999999924
20
-40.6507519999999971
11
80.2614719999999977
21
-40.4857179999999985
0
LINE
8
BLACK
6
CONTINUOUS
10
80.2614719999999977
20
-40.4857179999999985
11
80.4057179999999931
21
-40.341471999999996
0
LINE
8
BLACK
6
CONTINUOUS
10
80.4057179999999931
20
-40.341471999999996
11
80.5707519999999988
21
-40.2215679999999978
0
LINE
8
BLACK
6
CONTINUOUS
10
80.5707519999999988
20
-40.2215679999999978
11
80.7525119999999959
21
-40.1289569999999998
0
LINE
8
BLACK
6
CONTINUOUS
10
80.7525119999999959
20
-40.1289569999999998
11
80.94652099999999
21
-40.0659190000000009
0
LINE
8
BLACK
6
CONTINUOUS
10
80.94652099999999
20
-40.0659190000000009
11
81.1480030000000028
21
-40.0340069999999955
0
LINE
8
BLACK
6
CONTINUOUS
10
81.1480030000000028
20
-40.0340069999999955
11
81.3519969999999972
21
-40.0340069999999955
0
LINE
8
BLACK
6
CONTINUOUS
10
81.3519969999999972
20
-40.0340069999999955
11
81.5534789999999958
21
-40.0659190000000009
0
LINE
8
BLACK
6
CONTINUOUS
10
103.0534789999999958
20
-35.0659190000000009
11
103.2474879999999899
21
-35.1289569999999998
0
LINE
8
BLACK
6
CONTINUOUS
10
103.2474879999999899
20
-35.1289569999999998
11
103.4292480000000012
21
-35.2215679999999978
0
LINE
8
BLACK
6
CONTINUOUS
10
103.4292480000000012
20
-35.2215679999999978
11
103.5942819999999926
21
-35.341471999999996
0
LINE
8
BLACK
6
CONTINUOUS
10
103.5942819999999926
20
-35.341471999999996
11
103.7385280000000023
21
-35.4857179999999985
0
LINE
8
BLACK
6
CONTINUOUS
10
103.7385280000000023
20
-35.4857179999999985
11
103.8584319999999934
21
-35.6507519999999971
0
LINE
8
BLACK
6
CONTINUOUS
10
103.8584319999999934
20
-35.6507519999999971
11
103.9510429999999985
21
-35.8325120000000013
0
LINE
8
BLACK
6
CONTINUOUS
10
103.9510429999999985
20
-35.8325120000000013
11
104.0140809999999902
21
-36.0265209999999954
0
LINE
8
BLACK
6
CONTINUOUS
10
104.0140809999999902
20
-36.0265209999999954
11
104.0459929999999957
21
-36.2280030000000011
0
LINE
8
BLACK
6
CONTINUOUS
10
104.0459929999999957
20
-36.2280030000000011
11
104.0459929999999957
21
-36.4319969999999955
0
LINE
8
BLACK
6
CONTINUOUS
10
104.0459929999999957
20
-36.4319969999999955
11
104.0140809999999902
21
-36.6334790000000012
0
LINE
8
BLACK
6
CONTINUOUS
10
104.0140809999999902
20
-36.6334790000000012
11
103.9510429999999985
21
-36.8274879999999953
0
LINE
8
BLACK
6
CONTINUOUS
10
103.9510429999999985
20
-36.8274879999999953
11
103.8584319999999934
21
-37.0092479999999995
0
LINE
8
BLACK
6
CONTINUOUS
10
103.8584319999999934
20
-37.0092479999999995
11
103.7385280000000023
21
-37.174281999999998
0
LINE
8
BLACK
6
CONTINUOUS
10
103.7385280000000023
20
-37.174281999999998
11
103.5942819999999926
21
-37.3185280000000006
0
LINE
8
BLACK
6
CONTINUOUS
10
103.5942819999999926
20
-37.3185280000000006
11
103.4292480000000012
21
-37.4384319999999988
0
LINE
8
BLACK
6
CONTINUOUS
10
103.4292480000000012
20
-37.4384319999999988
11
103.2474879999999899
21
-37.5310429999999968
0
LINE
8
BLACK
6
CONTINUOUS
10
103.2474879999999899
20
-37.5310429999999968
11
103.0534789999999958
21
-37.5940809999999956
0
LINE
8
BLACK
6
CONTINUOUS
10
103.0534789999999958
20
-37.5940809999999956
11
102.8519969999999972
21
-37.6259930000000011
0
LINE
8
BLACK
6
CONTINUOUS
10
102.8519969999999972
20
-37.6259930000000011
11
102.6480029999999886
21
-37.6259930000000011
0
LINE
8
BLACK
6
CONTINUOUS
10
102.6480029999999886
20
-37.6259930000000011
11
102.44652099999999
21
-37.5940809999999956
0
LINE
8
BLACK
6
CONTINUOUS
10
102.44652099999999
20
-37.5940809999999956
11
102.2525119999999959
21
-37.5310429999999968
0
LINE
8
BLACK
6
CONTINUOUS
10
102.2525119999999959
20
-37.5310429999999968
11
102.0707519999999988
21
-37.4384319999999988
0
LINE
8
BLACK
6
CONTINUOUS
10
102.0707519999999988
20
-37.4384319999999988
11
101.9057179999999931
21
-37.3185280000000006
0
LINE
8
BLACK
6
CONTINUOUS
10
101.9057179999999931
20
-37.3185280000000006
11
101.7614719999999977
21
-37.174281999999998
0
LINE
8
BLACK
6
CONTINUOUS
10
101.7614719999999977
20
-37.174281999999998
11
101.6415679999999924
21
-37.0092479999999995
0
LINE
8
BLACK
6
CONTINUOUS
10
101.6415679999999924
20
-37.0092479999999995
11
101.5489570000000015
21
-36.8274879999999953
0
LINE
8
BLACK
6
CONTINUOUS
10
101.5489570000000015
20
-36.8274879999999953
11
101.4859189999999955
21
-36.6334790000000012
0
LINE
8
BLACK
6
CONTINUOUS
10
101.4859189999999955
20
-36.6334790000000012
11
101.4540069999999901
21
-36.4319969999999955
0
LINE
8
BLACK
6
CONTINUOUS
10
101.4540069999999901
20
-36.4319969999999955
11
101.4540069999999901
21
-36.2280030000000011
0
LINE
8
BLACK
6
CONTINUOUS
10
101.4540069999999901
20
-36.2280030000000011
11
101.4859189999999955
21
-36.0265209999999954
0
LINE
8
BLACK
6
CONTINUOUS
10
101.4859189999999955
20
-36.0265209999999954
11
101.5489570000000015
21
-35.8325120000000013
0
LINE
8
BLACK
6
CONTINUOUS
10
101.5489570000000015
20
-35.8325120000000013
11
101.6415679999999924
21
-35.6507519999999971
0
LINE
8
BLACK
6
CONTINUOUS
10
101.6415679999999924
20
-35.6507519999999971
11
101.7614719999999977
21
-35.4857179999999985
0
LINE
8
BLACK
6
CONTINUOUS
10
101.7614719999999977
20
-35.4857179999999985
11
101.9057179999999931
21
-35.341471999999996
0
LINE
8
BLACK
6
CONTINUOUS
10
101.9057179999999931
20
-35.341471999999996
11
102.0707519999999988
21
-35.2215679999999978
0
LINE
8
BLACK
6
CONTINUOUS
10
102.0707519999999988
20
-35.2215679999999978
11
102.2525119999999959
21
-35.1289569999999998
0
LINE
8
BLACK
6
CONTINUOUS
10
102.2525119999999959
20
-35.1289569999999998
11
102.44652099999999
21
-35.0659190000000009
0
LINE
8
BLACK
6
CONTINUOUS
10
102.44652099999999
20
-35.0659190000000009
11
102.6480029999999886
21
-35.0340069999999955
0
LINE
8
BLACK
6
CONTINUOUS
10
102.6480029999999886
20
-35.0340069999999955
11
102.8519969999999972
21
-35.0340069999999955
0
LINE
8
BLACK
6
CONTINUOUS
10
102.8519969999999972
20
-35.0340069999999955
11
103.0534789999999958
21
-35.0659190000000009
0
LINE
8
BLACK
6
CONTINUOUS
10
82.395670999999993
20
-34.9690299999999965
11
82.4767769999999985
21
-35.0232230000000015
0
LINE
8
BLACK
6
CONTINUOUS
10
82.4767769999999985
20
-35.0232230000000015
11
82.5309699999999964
21
-35.1043289999999999
0
LINE
8
BLACK
6
CONTINUOUS
10
82.5309699999999964
20
-35.1043289999999999
11
82.5499999999999972
21
-35.1999999999999957
0
LINE
8
BLACK
6
CONTINUOUS
10
82.5499999999999972
20
-35.1999999999999957
11
82.5499999999999972
21
-37.2999999999999972
0
LINE
8
BLACK
6
CONTINUOUS
10
82.5499999999999972
20
-37.2999999999999972
11
82.5309699999999964
21
-37.3956710000000001
0
LINE
8
BLACK
6
CONTINUOUS
10
82.5309699999999964
20
-37.3956710000000001
11
82.4767769999999985
21
-37.4767769999999985
0
LINE
8
BLACK
6
CONTINUOUS
10
82.4767769999999985
20
-37.4767769999999985
11
82.395670999999993
21
-37.5309699999999964
0
LINE
8
BLACK
6
CONTINUOUS
10
82.395670999999993
20
-37.5309699999999964
11
82.2999999999999972
21
-37.5499999999999972
0
LINE
8
BLACK
6
CONTINUOUS
10
82.2999999999999972
20
-37.5499999999999972
11
80.2000000000000028
21
-37.5499999999999972
0
LINE
8
BLACK
6
CONTINUOUS
10
80.2000000000000028
20
-37.5499999999999972
11
80.1043289999999928
21
-37.5309699999999964
0
LINE
8
BLACK
6
CONTINUOUS
10
80.1043289999999928
20
-37.5309699999999964
11
80.0232230000000015
21
-37.4767769999999985
0
LINE
8
BLACK
6
CONTINUOUS
10
80.0232230000000015
20
-37.4767769999999985
11
79.9690299999999894
21
-37.3956710000000001
0
LINE
8
BLACK
6
CONTINUOUS
10
79.9690299999999894
20
-37.3956710000000001
11
79.9500000000000028
21
-37.2999999999999972
0
LINE
8
BLACK
6
CONTINUOUS
10
79.9500000000000028
20
-37.2999999999999972
11
79.9500000000000028
21
-35.1999999999999957
0
LINE
8
BLACK
6
CONTINUOUS
10
79.9500000000000028
20
-35.1999999999999957
11
79.9690299999999894
21
-35.1043289999999999
0
LINE
8
BLACK
6
CONTINUOUS
10
79.9690299999999894
20
-35.1043289999999999
11
80.0232230000000015
21
-35.0232230000000015
0
LINE
8
BLACK
6
CONTINUOUS
10
80.0232230000000015
20
-35.0232230000000015
11
80.1043289999999928
21
-34.9690299999999965
0
LINE
8
BLACK
6
CONTINUOUS
10
80.1043289999999928
20
-34.9690299999999965
11
80.2000000000000028
21
-34.9499999999999957
0
LINE
8
BLACK
6
CONTINUOUS
10
80.2000000000000028
20
-34.9499999999999957
11
82.2999999999999972
21
-34.9499999999999957
0
LINE
8
BLACK
6
CONTINUOUS
10
82.2999999999999972
20
-34.9499999999999957
11
82.395670999999993
21
-34.9690299999999965
0
LINE
8
BLACK
6
CONTINUOUS
10
103.0510129999999975
20
-26.4092079999999996
11
103.2897929999999889
21
-26.4867929999999987
0
LINE
8
BLACK
6
CONTINUOUS
10
103.2897929999999889
20
-26.4867929999999987
11
103.5134979999999985
21
-26.6007759999999998
0
LINE
8
BLACK
6
CONTINUOUS
10
103.5134979999999985
20
-26.6007759999999998
11
103.7166169999999994
21
-26.7483499999999985
0
LINE
8
BLACK
6
CONTINUOUS
10
103.7166169999999994
20
-26.7483499999999985
11
103.8941499999999962
21
-26.9258829999999989
0
LINE
8
BLACK
6
CONTINUOUS
10
103.8941499999999962
20
-26.9258829999999989
11
104.0417240000000021
21
-27.1290019999999998
0
LINE
8
BLACK
6
CONTINUOUS
10
104.0417240000000021
20
-27.1290019999999998
11
104.1557069999999925
21
-27.3527069999999988
0
LINE
8
BLACK
6
CONTINUOUS
10
104.1557069999999925
20
-27.3527069999999988
11
104.2332919999999916
21
-27.5914869999999972
0
LINE
8
BLACK
6
CONTINUOUS
10
104.2332919999999916
20
-27.5914869999999972
11
104.2725679999999926
21
-27.839464999999997
0
LINE
8
BLACK
6
CONTINUOUS
10
104.2725679999999926
20
-27.839464999999997
11
104.2725679999999926
21
-28.0905349999999991
0
LINE
8
BLACK
6
CONTINUOUS
10
104.2725679999999926
20
-28.0905349999999991
11
104.2332919999999916
21
-28.338512999999999
0
LINE
8
BLACK
6
CONTINUOUS
10
104.2332919999999916
20
-28.338512999999999
11
104.1557069999999925
21
-28.5772929999999974
0
LINE
8
BLACK
6
CONTINUOUS
10
104.1557069999999925
20
-28.5772929999999974
11
104.0417240000000021
21
-28.8009979999999999
0
LINE
8
BLACK
6
CONTINUOUS
10
104.0417240000000021
20
-28.8009979999999999
11
103.8941499999999962
21
-29.0041169999999973
0
LINE
8
BLACK
6
CONTINUOUS
10
103.8941499999999962
20
-29.0041169999999973
11
103.7166169999999994
21
-29.1816499999999976
0
LINE
8
BLACK
6
CONTINUOUS
10
103.7166169999999994
20
-29.1816499999999976
11
103.5134979999999985
21
-29.329224
0
LINE
8
BLACK
6
CONTINUOUS
10
103.5134979999999985
20
-29.329224
11
103.2897929999999889
21
-29.4432069999999975
0
LINE
8
BLACK
6
CONTINUOUS
10
103.2897929999999889
20
-29.4432069999999975
11
103.0510129999999975
21
-29.5207920000000001
0
LINE
8
BLACK
6
CONTINUOUS
10
103.0510129999999975
20
-29.5207920000000001
11
102.8030349999999942
21
-29.5600679999999976
0
LINE
8
BLACK
6
CONTINUOUS
10
102.8030349999999942
20
-29.5600679999999976
11
102.5519649999999956
21
-29.5600679999999976
0
LINE
8
BLACK
6
CONTINUOUS
10
102.5519649999999956
20
-29.5600679999999976
11
102.3039869999999922
21
-29.5207920000000001
0
LINE
8
BLACK
6
CONTINUOUS
10
102.3039869999999922
20
-29.5207920000000001
11
102.0652070000000009
21
-29.4432069999999975
0
LINE
8
BLACK
6
CONTINUOUS
10
102.0652070000000009
20
-29.4432069999999975
11
101.8415019999999913
21
-29.329224
0
LINE
8
BLACK
6
CONTINUOUS
10
101.8415019999999913
20
-29.329224
11
101.6383829999999904
21
-29.1816499999999976
0
LINE
8
BLACK
6
CONTINUOUS
10
101.6383829999999904
20
-29.1816499999999976
11
101.4608499999999935
21
-29.0041169999999973
0
LINE
8
BLACK
6
CONTINUOUS
10
101.4608499999999935
20
-29.0041169999999973
11
101.3132760000000019
21
-28.8009979999999999
0
LINE
8
BLACK
6
CONTINUOUS
10
101.3132760000000019
20
-28.8009979999999999
11
101.1992929999999973
21
-28.5772929999999974
0
LINE
8
BLACK
6
CONTINUOUS
10
101.1992929999999973
20
-28.5772929999999974
11
101.1217079999999982
21
-28.338512999999999
0
LINE
8
BLACK
6
CONTINUOUS
10
101.1217079999999982
20
-28.338512999999999
11
101.0824319999999972
21
-28.0905349999999991
0
LINE
8
BLACK
6
CONTINUOUS
10
101.0824319999999972
20
-28.0905349999999991
11
101.0824319999999972
21
-27.839464999999997
0
LINE
8
BLACK
6
CONTINUOUS
10
101.0824319999999972
20
-27.839464999999997
11
101.1217079999999982
21
-27.5914869999999972
0
LINE
8
BLACK
6
CONTINUOUS
10
101.1217079999999982
20
-27.5914869999999972
11
101.1992929999999973
21
-27.3527069999999988
0
LINE
8
BLACK
6
CONTINUOUS
10
101.1992929999999973
20
-27.3527069999999988
11
101.3132760000000019
21
-27.1290019999999998
0
LINE
8
BLACK
6
CONTINUOUS
10
101.3132760000000019
20
-27.1290019999999998
11
101.4608499999999935
21
-26.9258829999999989
0
LINE
8
BLACK
6
CONTINUOUS
10
101.4608499999999935
20
-26.9258829999999989
11
101.6383829999999904
21
-26.7483499999999985
0
LINE
8
BLACK
6
CONTINUOUS
10
101.6383829999999904
20
-26.7483499999999985
11
101.8415019999999913
21
-26.6007759999999998
0
LINE
8
BLACK
6
CONTINUOUS
10
101.8415019999999913
20
-26.6007759999999998
11
102.0652070000000009
21
-26.4867929999999987
0
LINE
8
BLACK
6
CONTINUOUS
10
102.0652070000000009
20
-26.4867929999999987
11
102.3039869999999922
21
-26.4092079999999996
0
LINE
8
BLACK
6
CONTINUOUS
10
102.3039869999999922
20
-26.4092079999999996
11
102.5519649999999956
21
-26.3699319999999986
0
LINE
8
BLACK
6
CONTINUOUS
10
102.5519649999999956
20
-26.3699319999999986
11
102.8030349999999942
21
-26.3699319999999986
0
LINE
8
BLACK
6
CONTINUOUS
10
102.8030349999999942
20
-26.3699319999999986
11
103.0510129999999975
21
-26.4092079999999996
0
LINE
8
BLACK
6
CONTINUOUS
10
82.5510129999999975
20
-26.2092080000000003
11
82.7897930000000031
21
-26.2867929999999994
0
LINE
8
BLACK
6
CONTINUOUS
10
82.7897930000000031
20
-26.2867929999999994
11
83.0134979999999985
21
-26.4007760000000005
0
LINE
8
BLACK
6
CONTINUOUS
10
83.0134979999999985
20
-26.4007760000000005
11
83.2166169999999994
21
-26.5483499999999992
0
LINE
8
BLACK
6
CONTINUOUS
10
83.2166169999999994
20
-26.5483499999999992
11
83.3941499999999962
21
-26.7258829999999996
0
LINE
8
BLACK
6
CONTINUOUS
10
83.3941499999999962
20
-26.7258829999999996
11
83.5417240000000021
21
-26.9290020000000005
0
LINE
8
BLACK
6
CONTINUOUS
10
83.5417240000000021
20
-26.9290020000000005
11
83.6557069999999925
21
-27.1527069999999995
0
LINE
8
BLACK
6
CONTINUOUS
10
83.6557069999999925
20
-27.1527069999999995
11
83.7332919999999916
21
-27.3914869999999979
0
LINE
8
BLACK
6
CONTINUOUS
10
83.7332919999999916
20
-27.3914869999999979
11
83.7725679999999926
21
-27.6394649999999977
0
LINE
8
BLACK
6
CONTINUOUS
10
83.7725679999999926
20
-27.6394649999999977
11
83.7725679999999926
21
-27.8905349999999999
0
LINE
8
BLACK
6
CONTINUOUS
10
83.7725679999999926
20
-27.8905349999999999
11
83.7332919999999916
21
-28.1385129999999997
0
LINE
8
BLACK
6
CONTINUOUS
10
83.7332919999999916
20
-28.1385129999999997
11
83.6557069999999925
21
-28.3772929999999981
0
LINE
8
BLACK
6
CONTINUOUS
10
83.6557069999999925
20
-28.3772929999999981
11
83.5417240000000021
21
-28.600997999999997
0
LINE
8
BLACK
6
CONTINUOUS
10
83.5417240000000021
20
-28.600997999999997
11
83.3941499999999962
21
-28.804116999999998
0
LINE
8
BLACK
6
CONTINUOUS
10
83.3941499999999962
20
-28.804116999999998
11
83.2166169999999994
21
-28.9816499999999984
0
LINE
8
BLACK
6
CONTINUOUS
10
83.2166169999999994
20
-28.9816499999999984
11
83.0134979999999985
21
-29.1292239999999971
0
LINE
8
BLACK
6
CONTINUOUS
10
83.0134979999999985
20
-29.1292239999999971
11
82.7897930000000031
21
-29.2432069999999982
0
LINE
8
BLACK
6
CONTINUOUS
10
82.7897930000000031
20
-29.2432069999999982
11
82.5510129999999975
21
-29.3207919999999973
0
LINE
8
BLACK
6
CONTINUOUS
10
82.5510129999999975
20
-29.3207919999999973
11
82.3030349999999942
21
-29.3600679999999983
0
LINE
8
BLACK
6
CONTINUOUS
10
82.3030349999999942
20
-29.3600679999999983
11
82.0519649999999956
21
-29.3600679999999983
0
LINE
8
BLACK
6
CONTINUOUS
10
82.0519649999999956
20
-29.3600679999999983
11
81.8039869999999922
21
-29.3207919999999973
0
LINE
8
BLACK
6
CONTINUOUS
10
81.8039869999999922
20
-29.3207919999999973
11
81.5652070000000009
21
-29.2432069999999982
0
LINE
8
BLACK
6
CONTINUOUS
10
81.5652070000000009
20
-29.2432069999999982
11
81.3415019999999913
21
-29.1292239999999971
0
LINE
8
BLACK
6
CONTINUOUS
10
81.3415019999999913
20
-29.1292239999999971
11
81.1383829999999904
21
-28.9816499999999984
0
LINE
8
BLACK
6
CONTINUOUS
10
81.1383829999999904
20
-28.9816499999999984
11
80.9608499999999935
21
-28.804116999999998
0
LINE
8
BLACK
6
CONTINUOUS
10
80.9608499999999935
20
-28.804116999999998
11
80.8132760000000019
21
-28.600997999999997
0
LINE
8
BLACK
6
CONTINUOUS
10
80.8132760000000019
20
-28.600997999999997
11
80.6992929999999973
21
-28.3772929999999981
0
LINE
8
BLACK
6
CONTINUOUS
10
80.6992929999999973
20
-28.3772929999999981
11
80.6217079999999982
21
-28.1385129999999997
0
LINE
8
BLACK
6
CONTINUOUS
10
80.6217079999999982
20
-28.1385129999999997
11
80.5824319999999972
21
-27.8905349999999999
0
LINE
8
BLACK
6
CONTINUOUS
10
80.5824319999999972
20
-27.8905349999999999
11
80.5824319999999972
21
-27.6394649999999977
0
LINE
8
BLACK
6
CONTINUOUS
10
80.5824319999999972
20
-27.6394649999999977
11
80.6217079999999982
21
-27.3914869999999979
0
LINE
8
BLACK
6
CONTINUOUS
10
80.6217079999999982
20
-27.3914869999999979
11
80.6992929999999973
21
-27.1527069999999995
0
LINE
8
BLACK
6
CONTINUOUS
10
80.6992929999999973
20
-27.1527069999999995
11
80.8132760000000019
21
-26.9290020000000005
0
LINE
8
BLACK
6
CONTINUOUS
10
80.8132760000000019
20
-26.9290020000000005
11
80.9608499999999935
21
-26.7258829999999996
0
LINE
8
BLACK
6
CONTINUOUS
10
80.9608499999999935
20
-26.7258829999999996
11
81.1383829999999904
21
-26.5483499999999992
0
LINE
8
BLACK
6
CONTINUOUS
10
81.1383829999999904
20
-26.5483499999999992
11
81.3415019999999913
21
-26.4007760000000005
0
LINE
8
BLACK
6
CONTINUOUS
10
81.3415019999999913
20
-26.4007760000000005
11
81.5652070000000009
21
-26.2867929999999994
0
LINE
8
BLACK
6
CONTINUOUS
10
81.5652070000000009
20
-26.2867929999999994
11
81.8039869999999922
21
-26.2092080000000003
0
LINE
8
BLACK
6
CONTINUOUS
10
81.8039869999999922
20
-26.2092080000000003
11
82.0519649999999956
21
-26.1699319999999993
0
LINE
8
BLACK
6
CONTINUOUS
10
82.0519649999999956
20
-26.1699319999999993
11
82.3030349999999942
21
-26.1699319999999993
0
LINE
8
BLACK
6
CONTINUOUS
10
82.3030349999999942
20
-26.1699319999999993
11
82.5510129999999975
21
-26.2092080000000003
  0
ENDSEC
  0
EOF
