  0
SECTION
  2
HEADER
  9
$ANGBASE
  50
0.0
  9
$ANGDIR
  70
1
  9
$MEASUREMENT
  70
1
  9
$INSUNITS
  70
4
  0
ENDSEC
  0
SECTION
  2
TABLES
  0
TABLE
  2
LTYPE
  70
4
  0
LTYPE
  5
40F
  2
CONTINUOUS
  70
0
  3
Solid line
  72
65
  73
0
  40
0.0
  0
LTYPE
  5
410
  2
DASHDOT
 70
0
  3
Dash Dot ____ _ ____ _
 72
65
 73
4
 40
2.0
 49
1.25
 49
-0.25
 49
0.25
 49
-0.25
  0
LTYPE
  5
411
  2
DASHED
 70
0
  3
Dashed __ __ __ __ __
 72
65
 73
2
 40
0.75
 49
0.5
 49
-0.25
  0
LTYPE
  5
43B
  2
DOTTED
 70
0
  3
Dotted .  .  .  .
 72
65
 73
2
 40
0.2
 49
0.0
 49
-0.2
  0
ENDTAB
  0
TABLE
  2
STYLE
  70
4
  0
STYLE
  2
KICAD
  70
0
  40
0
  41
1
  42
1
  50
0
  71
0
  3
isocp.shx
  0
STYLE
  2
KICADB
  70
0
  40
0
  41
1
  42
1
  50
0
  71
0
  3
isocp.shx
  0
STYLE
  2
KICADI
  70
0
  40
0
  41
1
  42
1
  50
15
  71
0
  3
isocp.shx
  0
STYLE
  2
KICADBI
  70
0
  40
0
  41
1
  42
1
  50
15
  71
0
  3
isocp.shx
  0
ENDTAB
  0
TABLE
  2
LAYER
  70
1
  0
LAYER
  2
BLACK
  70
0
  62
7
  6
CONTINUOUS
  0
ENDTAB
  0
ENDSEC
  0
SECTION
  2
ENTITIES
0
LINE
8
BLACK
6
CONTINUOUS
10
82.395670999999993
20
-34.9690299999999965
11
82.4767769999999985
21
-35.0232230000000015
0
LINE
8
BLACK
6
CONTINUOUS
10
82.4767769999999985
20
-35.0232230000000015
11
82.5309699999999964
21
-35.1043289999999999
0
LINE
8
BLACK
6
CONTINUOUS
10
82.5309699999999964
20
-35.1043289999999999
11
82.5499999999999972
21
-35.1999999999999957
0
LINE
8
BLACK
6
CONTINUOUS
10
82.5499999999999972
20
-35.1999999999999957
11
82.5499999999999972
21
-35.782232999999998
0
LINE
8
BLACK
6
CONTINUOUS
10
82.5499999999999972
20
-35.782232999999998
11
84.8838829999999973
21
-38.1161159999999981
0
LINE
8
BLACK
6
CONTINUOUS
10
84.8838829999999973
20
-38.1161159999999981
11
84.9505079999999992
21
-38.1881899999999987
0
LINE
8
BLACK
6
CONTINUOUS
10
84.9505079999999992
20
-38.1881899999999987
11
85.0657999999999959
21
-38.3468769999999992
0
LINE
8
BLACK
6
CONTINUOUS
10
85.0657999999999959
20
-38.3468769999999992
11
85.1548489999999987
21
-38.5216459999999969
0
LINE
8
BLACK
6
CONTINUOUS
10
85.1548489999999987
20
-38.5216459999999969
11
85.2154620000000023
21
-38.7081930000000014
0
LINE
8
BLACK
6
CONTINUOUS
10
85.2154620000000023
20
-38.7081930000000014
11
85.2461469999999935
21
-38.901925999999996
0
LINE
8
BLACK
6
CONTINUOUS
10
85.2461469999999935
20
-38.901925999999996
11
85.25
21
-39.
0
LINE
8
BLACK
6
CONTINUOUS
10
85.25
20
-39.
11
85.25
21
-45.3299999999999983
0
LINE
8
BLACK
6
CONTINUOUS
10
85.25
20
-45.3299999999999983
11
85.2461469999999935
21
-45.4280739999999952
0
LINE
8
BLACK
6
CONTINUOUS
10
85.2461469999999935
20
-45.4280739999999952
11
85.2154620000000023
21
-45.6218069999999969
0
LINE
8
BLACK
6
CONTINUOUS
10
85.2154620000000023
20
-45.6218069999999969
11
85.1548489999999987
21
-45.8083540000000013
0
LINE
8
BLACK
6
CONTINUOUS
10
85.1548489999999987
20
-45.8083540000000013
11
85.0657999999999959
21
-45.9831229999999991
0
LINE
8
BLACK
6
CONTINUOUS
10
85.0657999999999959
20
-45.9831229999999991
11
84.9505079999999992
21
-46.1418099999999995
0
LINE
8
BLACK
6
CONTINUOUS
10
84.9505079999999992
20
-46.1418099999999995
11
84.8838829999999973
21
-46.2138840000000002
0
LINE
8
BLACK
6
CONTINUOUS
10
84.8838829999999973
20
-46.2138840000000002
11
84.2677669999999921
21
-46.8299999999999983
0
LINE
8
BLACK
6
CONTINUOUS
10
84.2677669999999921
20
-46.8299999999999983
11
95.5622339999999895
21
-46.8299999999999983
0
LINE
8
BLACK
6
CONTINUOUS
10
95.5622339999999895
20
-46.8299999999999983
11
101.4499999999999886
21
-40.9422330000000017
0
LINE
8
BLACK
6
CONTINUOUS
10
101.4499999999999886
20
-40.9422330000000017
11
101.4499999999999886
21
-40.3599999999999994
0
LINE
8
BLACK
6
CONTINUOUS
10
101.4499999999999886
20
-40.3599999999999994
11
101.4690299999999894
21
-40.2643289999999965
0
LINE
8
BLACK
6
CONTINUOUS
10
101.4690299999999894
20
-40.2643289999999965
11
101.5232230000000015
21
-40.1832229999999981
0
LINE
8
BLACK
6
CONTINUOUS
10
101.5232230000000015
20
-40.1832229999999981
11
101.6043289999999928
21
-40.1290300000000002
0
LINE
8
BLACK
6
CONTINUOUS
10
101.6043289999999928
20
-40.1290300000000002
11
101.6999999999999886
21
-40.1099999999999994
0
LINE
8
BLACK
6
CONTINUOUS
10
101.6999999999999886
20
-40.1099999999999994
11
103.7999999999999972
21
-40.1099999999999994
0
LINE
8
BLACK
6
CONTINUOUS
10
103.7999999999999972
20
-40.1099999999999994
11
103.895670999999993
21
-40.1290300000000002
0
LINE
8
BLACK
6
CONTINUOUS
10
103.895670999999993
20
-40.1290300000000002
11
103.9767769999999985
21
-40.1832229999999981
0
LINE
8
BLACK
6
CONTINUOUS
10
103.9767769999999985
20
-40.1832229999999981
11
104.0309699999999964
21
-40.2643289999999965
0
LINE
8
BLACK
6
CONTINUOUS
10
104.0309699999999964
20
-40.2643289999999965
11
104.0499999999999972
21
-40.3599999999999994
0
LINE
8
BLACK
6
CONTINUOUS
10
104.0499999999999972
20
-40.3599999999999994
11
104.0499999999999972
21
-40.9422330000000017
0
LINE
8
BLACK
6
CONTINUOUS
10
104.0499999999999972
20
-40.9422330000000017
11
110.4338829999999945
21
-47.326115999999999
0
LINE
8
BLACK
6
CONTINUOUS
10
110.4338829999999945
20
-47.326115999999999
11
110.5005079999999964
21
-47.3981899999999996
0
LINE
8
BLACK
6
CONTINUOUS
10
110.5005079999999964
20
-47.3981899999999996
11
110.5317829999999901
21
-47.441237000000001
0
LINE
8
BLACK
6
CONTINUOUS
10
110.5317829999999901
20
-47.441237000000001
11
110.615799999999993
21
-47.5568770000000001
0
LINE
8
BLACK
6
CONTINUOUS
10
110.615799999999993
20
-47.5568770000000001
11
110.7048489999999958
21
-47.7316459999999978
0
LINE
8
BLACK
6
CONTINUOUS
10
110.7048489999999958
20
-47.7316459999999978
11
110.7654619999999994
21
-47.9181929999999952
0
LINE
8
BLACK
6
CONTINUOUS
10
110.7654619999999994
20
-47.9181929999999952
11
110.7961469999999906
21
-48.1119259999999969
0
LINE
8
BLACK
6
CONTINUOUS
10
110.7961469999999906
20
-48.1119259999999969
11
110.7999999999999972
21
-48.2100000000000009
0
LINE
8
BLACK
6
CONTINUOUS
10
110.7999999999999972
20
-48.2100000000000009
11
110.7999999999999972
21
-51.322499999999998
0
LINE
8
BLACK
6
CONTINUOUS
10
110.7999999999999972
20
-51.322499999999998
11
110.7961469999999906
21
-51.4205739999999949
0
LINE
8
BLACK
6
CONTINUOUS
10
110.7961469999999906
20
-51.4205739999999949
11
110.772521999999995
21
-51.5697299999999998
0
LINE
8
BLACK
6
CONTINUOUS
10
110.772521999999995
20
-51.5697299999999998
11
110.7654619999999994
21
-51.6143069999999966
0
LINE
8
BLACK
6
CONTINUOUS
10
110.7654619999999994
20
-51.6143069999999966
11
110.7048489999999958
21
-51.8008540000000011
0
LINE
8
BLACK
6
CONTINUOUS
10
110.7048489999999958
20
-51.8008540000000011
11
110.615799999999993
21
-51.9756229999999988
0
LINE
8
BLACK
6
CONTINUOUS
10
110.615799999999993
20
-51.9756229999999988
11
110.5005079999999964
21
-52.1343099999999993
0
LINE
8
BLACK
6
CONTINUOUS
10
110.5005079999999964
20
-52.1343099999999993
11
110.4338829999999945
21
-52.2063839999999999
0
LINE
8
BLACK
6
CONTINUOUS
10
110.4338829999999945
20
-52.2063839999999999
11
104.0224999999999937
21
-58.617765999999996
0
LINE
8
BLACK
6
CONTINUOUS
10
104.0224999999999937
20
-58.617765999999996
11
104.0224999999999937
21
-59.1999999999999957
0
LINE
8
BLACK
6
CONTINUOUS
10
104.0224999999999937
20
-59.1999999999999957
11
104.003469999999993
21
-59.2956709999999987
0
LINE
8
BLACK
6
CONTINUOUS
10
104.003469999999993
20
-59.2956709999999987
11
103.949276999999995
21
-59.376776999999997
0
LINE
8
BLACK
6
CONTINUOUS
10
103.949276999999995
20
-59.376776999999997
11
103.8681709999999896
21
-59.430969999999995
0
LINE
8
BLACK
6
CONTINUOUS
10
103.8681709999999896
20
-59.430969999999995
11
103.7724999999999937
21
-59.4499999999999957
0
LINE
8
BLACK
6
CONTINUOUS
10
103.7724999999999937
20
-59.4499999999999957
11
101.6724999999999994
21
-59.4499999999999957
0
LINE
8
BLACK
6
CONTINUOUS
10
101.6724999999999994
20
-59.4499999999999957
11
101.5768289999999894
21
-59.430969999999995
0
LINE
8
BLACK
6
CONTINUOUS
10
101.5768289999999894
20
-59.430969999999995
11
101.4957229999999981
21
-59.376776999999997
0
LINE
8
BLACK
6
CONTINUOUS
10
101.4957229999999981
20
-59.376776999999997
11
101.4415300000000002
21
-59.2956709999999987
0
LINE
8
BLACK
6
CONTINUOUS
10
101.4415300000000002
20
-59.2956709999999987
11
101.4224999999999994
21
-59.1999999999999957
0
LINE
8
BLACK
6
CONTINUOUS
10
101.4224999999999994
20
-59.1999999999999957
11
101.4224999999999994
21
-57.0999999999999943
0
LINE
8
BLACK
6
CONTINUOUS
10
101.4224999999999994
20
-57.0999999999999943
11
101.4415300000000002
21
-57.0043289999999985
0
LINE
8
BLACK
6
CONTINUOUS
10
101.4415300000000002
20
-57.0043289999999985
11
101.4957229999999981
21
-56.9232230000000001
0
LINE
8
BLACK
6
CONTINUOUS
10
101.4957229999999981
20
-56.9232230000000001
11
101.5768289999999894
21
-56.8690299999999951
0
LINE
8
BLACK
6
CONTINUOUS
10
101.5768289999999894
20
-56.8690299999999951
11
101.6724999999999994
21
-56.8499999999999943
0
LINE
8
BLACK
6
CONTINUOUS
10
101.6724999999999994
20
-56.8499999999999943
11
102.2547339999999991
21
-56.8499999999999943
0
LINE
8
BLACK
6
CONTINUOUS
10
102.2547339999999991
20
-56.8499999999999943
11
108.2999999999999972
21
-50.8047329999999988
0
LINE
8
BLACK
6
CONTINUOUS
10
108.2999999999999972
20
-50.8047329999999988
11
108.2999999999999972
21
-48.7277659999999955
0
LINE
8
BLACK
6
CONTINUOUS
10
108.2999999999999972
20
-48.7277659999999955
11
102.75
21
-43.1777659999999983
0
LINE
8
BLACK
6
CONTINUOUS
10
102.75
20
-43.1777659999999983
11
96.9638829999999956
21
-48.9638829999999956
0
LINE
8
BLACK
6
CONTINUOUS
10
96.9638829999999956
20
-48.9638829999999956
11
96.8918099999999924
21
-49.0305079999999975
0
LINE
8
BLACK
6
CONTINUOUS
10
96.8918099999999924
20
-49.0305079999999975
11
96.7548699999999968
21
-49.1299999999999955
0
LINE
8
BLACK
6
CONTINUOUS
10
96.7548699999999968
20
-49.1299999999999955
11
96.733122999999992
21
-49.1458000000000013
0
LINE
8
BLACK
6
CONTINUOUS
10
96.733122999999992
20
-49.1458000000000013
11
96.5583539999999942
21
-49.234848999999997
0
LINE
8
BLACK
6
CONTINUOUS
10
96.5583539999999942
20
-49.234848999999997
11
96.3718069999999898
21
-49.2954620000000006
0
LINE
8
BLACK
6
CONTINUOUS
10
96.3718069999999898
20
-49.2954620000000006
11
96.1780739999999952
21
-49.3261469999999989
0
LINE
8
BLACK
6
CONTINUOUS
10
96.1780739999999952
20
-49.3261469999999989
11
96.0799999999999983
21
-49.3299999999999983
0
LINE
8
BLACK
6
CONTINUOUS
10
96.0799999999999983
20
-49.3299999999999983
11
82.4420209999999969
21
-49.3299999999999983
0
LINE
8
BLACK
6
CONTINUOUS
10
82.4420209999999969
20
-49.3299999999999983
11
82.395670999999993
21
-49.3609699999999947
0
LINE
8
BLACK
6
CONTINUOUS
10
82.395670999999993
20
-49.3609699999999947
11
82.2999999999999972
21
-49.3799999999999955
0
LINE
8
BLACK
6
CONTINUOUS
10
82.2999999999999972
20
-49.3799999999999955
11
81.7177669999999949
21
-49.3799999999999955
0
LINE
8
BLACK
6
CONTINUOUS
10
81.7177669999999949
20
-49.3799999999999955
11
75.5999999999999943
21
-55.4977659999999986
0
LINE
8
BLACK
6
CONTINUOUS
10
75.5999999999999943
20
-55.4977659999999986
11
75.5999999999999943
21
-82.3599999999999994
0
LINE
8
BLACK
6
CONTINUOUS
10
75.5999999999999943
20
-82.3599999999999994
11
97.370474999999999
21
-82.3599999999999994
0
LINE
8
BLACK
6
CONTINUOUS
10
97.370474999999999
20
-82.3599999999999994
11
103.
21
-76.730474000000001
0
LINE
8
BLACK
6
CONTINUOUS
10
103.
20
-76.730474000000001
11
103.
21
-74.8599999999999994
0
LINE
8
BLACK
6
CONTINUOUS
10
103.
20
-74.8599999999999994
11
100.5699999999999932
21
-74.8599999999999994
0
LINE
8
BLACK
6
CONTINUOUS
10
100.5699999999999932
20
-74.8599999999999994
11
100.4719259999999963
21
-74.8561469999999929
0
LINE
8
BLACK
6
CONTINUOUS
10
100.4719259999999963
20
-74.8561469999999929
11
100.2781930000000017
21
-74.8254620000000017
0
LINE
8
BLACK
6
CONTINUOUS
10
100.2781930000000017
20
-74.8254620000000017
11
100.0916459999999972
21
-74.7648489999999981
0
LINE
8
BLACK
6
CONTINUOUS
10
100.0916459999999972
20
-74.7648489999999981
11
99.9168769999999995
21
-74.6757999999999953
0
LINE
8
BLACK
6
CONTINUOUS
10
99.9168769999999995
20
-74.6757999999999953
11
99.758189999999999
21
-74.5605079999999987
0
LINE
8
BLACK
6
CONTINUOUS
10
99.758189999999999
20
-74.5605079999999987
11
99.6861159999999984
21
-74.4938829999999967
0
LINE
8
BLACK
6
CONTINUOUS
10
99.6861159999999984
20
-74.4938829999999967
11
99.6061169999999976
21
-74.4138829999999984
0
LINE
8
BLACK
6
CONTINUOUS
10
99.6061169999999976
20
-74.4138829999999984
11
99.5394919999999956
21
-74.3418099999999953
0
LINE
8
BLACK
6
CONTINUOUS
10
99.5394919999999956
20
-74.3418099999999953
11
99.424199999999999
21
-74.1831229999999948
0
LINE
8
BLACK
6
CONTINUOUS
10
99.424199999999999
20
-74.1831229999999948
11
99.3351509999999962
21
-74.0083539999999971
0
LINE
8
BLACK
6
CONTINUOUS
10
99.3351509999999962
20
-74.0083539999999971
11
99.2745379999999926
21
-73.8218069999999926
0
LINE
8
BLACK
6
CONTINUOUS
10
99.2745379999999926
20
-73.8218069999999926
11
99.2438539999999989
21
-73.628073999999998
0
LINE
8
BLACK
6
CONTINUOUS
10
99.2438539999999989
20
-73.628073999999998
11
99.2438539999999989
21
-73.43192599999999
0
LINE
8
BLACK
6
CONTINUOUS
10
99.2438539999999989
20
-73.43192599999999
11
99.2745379999999926
21
-73.2381929999999954
0
LINE
8
BLACK
6
CONTINUOUS
10
99.2745379999999926
20
-73.2381929999999954
11
99.3351509999999962
21
-73.051645999999991
0
LINE
8
BLACK
6
CONTINUOUS
10
99.3351509999999962
20
-73.051645999999991
11
99.424199999999999
21
-72.8768769999999932
0
LINE
8
BLACK
6
CONTINUOUS
10
99.424199999999999
20
-72.8768769999999932
11
99.5394919999999956
21
-72.7181899999999928
0
LINE
8
BLACK
6
CONTINUOUS
10
99.5394919999999956
20
-72.7181899999999928
11
99.6781900000000007
21
-72.5794920000000019
0
LINE
8
BLACK
6
CONTINUOUS
10
99.6781900000000007
20
-72.5794920000000019
11
99.8368770000000012
21
-72.4641999999999911
0
LINE
8
BLACK
6
CONTINUOUS
10
99.8368770000000012
20
-72.4641999999999911
11
100.0116459999999989
21
-72.3751510000000025
0
LINE
8
BLACK
6
CONTINUOUS
10
100.0116459999999989
20
-72.3751510000000025
11
100.1981929999999892
21
-72.3145379999999989
0
LINE
8
BLACK
6
CONTINUOUS
10
100.1981929999999892
20
-72.3145379999999989
11
100.391925999999998
21
-72.2838539999999909
0
LINE
8
BLACK
6
CONTINUOUS
10
100.391925999999998
20
-72.2838539999999909
11
100.5880739999999918
21
-72.2838539999999909
0
LINE
8
BLACK
6
CONTINUOUS
10
100.5880739999999918
20
-72.2838539999999909
11
100.7818070000000006
21
-72.3145379999999989
0
LINE
8
BLACK
6
CONTINUOUS
10
100.7818070000000006
20
-72.3145379999999989
11
100.9217239999999975
21
-72.3599999999999994
0
LINE
8
BLACK
6
CONTINUOUS
10
100.9217239999999975
20
-72.3599999999999994
11
104.25
21
-72.3599999999999994
0
LINE
8
BLACK
6
CONTINUOUS
10
104.25
20
-72.3599999999999994
11
104.3480739999999969
21
-72.3638529999999918
0
LINE
8
BLACK
6
CONTINUOUS
10
104.3480739999999969
20
-72.3638529999999918
11
104.5418069999999915
21
-72.3945379999999972
0
LINE
8
BLACK
6
CONTINUOUS
10
104.5418069999999915
20
-72.3945379999999972
11
104.7283539999999959
21
-72.4551510000000007
0
LINE
8
BLACK
6
CONTINUOUS
10
104.7283539999999959
20
-72.4551510000000007
11
104.9031229999999937
21
-72.5442000000000036
0
LINE
8
BLACK
6
CONTINUOUS
10
104.9031229999999937
20
-72.5442000000000036
11
105.0618099999999941
21
-72.6594929999999977
0
LINE
8
BLACK
6
CONTINUOUS
10
105.0618099999999941
20
-72.6594929999999977
11
105.2005070000000018
21
-72.7981899999999911
0
LINE
8
BLACK
6
CONTINUOUS
10
105.2005070000000018
20
-72.7981899999999911
11
105.3157999999999959
21
-72.9568769999999915
0
LINE
8
BLACK
6
CONTINUOUS
10
105.3157999999999959
20
-72.9568769999999915
11
105.4048489999999987
21
-73.1316460000000035
0
LINE
8
BLACK
6
CONTINUOUS
10
105.4048489999999987
20
-73.1316460000000035
11
105.4654620000000023
21
-73.3181929999999937
0
LINE
8
BLACK
6
CONTINUOUS
10
105.4654620000000023
20
-73.3181929999999937
11
105.4961469999999935
21
-73.5119260000000025
0
LINE
8
BLACK
6
CONTINUOUS
10
105.4961469999999935
20
-73.5119260000000025
11
105.5
21
-73.6099999999999994
0
LINE
8
BLACK
6
CONTINUOUS
10
105.5
20
-73.6099999999999994
11
105.5
21
-77.2482409999999931
0
LINE
8
BLACK
6
CONTINUOUS
10
105.5
20
-77.2482409999999931
11
105.4961469999999935
21
-77.3463149999999899
0
LINE
8
BLACK
6
CONTINUOUS
10
105.4961469999999935
20
-77.3463149999999899
11
105.4654620000000023
21
-77.5400479999999988
0
LINE
8
BLACK
6
CONTINUOUS
10
105.4654620000000023
20
-77.5400479999999988
11
105.4048489999999987
21
-77.7265950000000032
0
LINE
8
BLACK
6
CONTINUOUS
10
105.4048489999999987
20
-77.7265950000000032
11
105.3157999999999959
21
-77.9013640000000009
0
LINE
8
BLACK
6
CONTINUOUS
10
105.3157999999999959
20
-77.9013640000000009
11
105.2005079999999992
21
-78.0600510000000014
0
LINE
8
BLACK
6
CONTINUOUS
10
105.2005079999999992
20
-78.0600510000000014
11
105.1338839999999948
21
-78.1321239999999904
0
LINE
8
BLACK
6
CONTINUOUS
10
105.1338839999999948
20
-78.1321239999999904
11
98.7721239999999909
21
-84.4938829999999967
0
LINE
8
BLACK
6
CONTINUOUS
10
98.7721239999999909
20
-84.4938829999999967
11
98.700051000000002
21
-84.5605079999999987
0
LINE
8
BLACK
6
CONTINUOUS
10
98.700051000000002
20
-84.5605079999999987
11
98.5631109999999921
21
-84.6599999999999966
0
LINE
8
BLACK
6
CONTINUOUS
10
98.5631109999999921
20
-84.6599999999999966
11
98.5413640000000015
21
-84.6757999999999953
0
LINE
8
BLACK
6
CONTINUOUS
10
98.5413640000000015
20
-84.6757999999999953
11
98.3665949999999896
21
-84.7648489999999981
0
LINE
8
BLACK
6
CONTINUOUS
10
98.3665949999999896
20
-84.7648489999999981
11
98.1800479999999993
21
-84.8254620000000017
0
LINE
8
BLACK
6
CONTINUOUS
10
98.1800479999999993
20
-84.8254620000000017
11
97.9863149999999905
21
-84.8561469999999929
0
LINE
8
BLACK
6
CONTINUOUS
10
97.9863149999999905
20
-84.8561469999999929
11
97.8882409999999936
21
-84.8599999999999994
0
LINE
8
BLACK
6
CONTINUOUS
10
97.8882409999999936
20
-84.8599999999999994
11
77.3677660000000031
21
-84.8599999999999994
0
LINE
8
BLACK
6
CONTINUOUS
10
77.3677660000000031
20
-84.8599999999999994
11
82.033883000000003
21
-89.5261160000000018
0
LINE
8
BLACK
6
CONTINUOUS
10
82.033883000000003
20
-89.5261160000000018
11
82.1005079999999907
21
-89.5981900000000024
0
LINE
8
BLACK
6
CONTINUOUS
10
82.1005079999999907
20
-89.5981900000000024
11
82.1687889999999896
21
-89.6921719999999993
0
LINE
8
BLACK
6
CONTINUOUS
10
82.1687889999999896
20
-89.6921719999999993
11
82.2158000000000015
21
-89.7568770000000029
0
LINE
8
BLACK
6
CONTINUOUS
10
82.2158000000000015
20
-89.7568770000000029
11
82.3048489999999902
21
-89.9316460000000006
0
LINE
8
BLACK
6
CONTINUOUS
10
82.3048489999999902
20
-89.9316460000000006
11
82.3654619999999937
21
-90.1181929999999909
0
LINE
8
BLACK
6
CONTINUOUS
10
82.3654619999999937
20
-90.1181929999999909
11
82.3961469999999991
21
-90.3119259999999997
0
LINE
8
BLACK
6
CONTINUOUS
10
82.3961469999999991
20
-90.3119259999999997
11
82.3999999999999915
21
-90.4099999999999966
0
LINE
8
BLACK
6
CONTINUOUS
10
82.3999999999999915
20
-90.4099999999999966
11
82.3999999999999915
21
-93.792232999999996
0
LINE
8
BLACK
6
CONTINUOUS
10
82.3999999999999915
20
-93.792232999999996
11
83.3504409999999893
21
-94.7426739999999938
0
LINE
8
BLACK
6
CONTINUOUS
10
83.3504409999999893
20
-94.7426739999999938
11
83.4170659999999913
21
-94.8147479999999945
0
LINE
8
BLACK
6
CONTINUOUS
10
83.4170659999999913
20
-94.8147479999999945
11
83.5115079999999921
21
-94.9447369999999893
0
LINE
8
BLACK
6
CONTINUOUS
10
83.5115079999999921
20
-94.9447369999999893
11
83.5323580000000021
21
-94.9734349999999949
0
LINE
8
BLACK
6
CONTINUOUS
10
83.5323580000000021
20
-94.9734349999999949
11
83.6214069999999907
21
-95.1482039999999927
0
LINE
8
BLACK
6
CONTINUOUS
10
83.6214069999999907
20
-95.1482039999999927
11
83.6820199999999943
21
-95.3347509999999971
0
LINE
8
BLACK
6
CONTINUOUS
10
83.6820199999999943
20
-95.3347509999999971
11
83.7127049999999997
21
-95.5284839999999917
0
LINE
8
BLACK
6
CONTINUOUS
10
83.7127049999999997
20
-95.5284839999999917
11
83.716557999999992
21
-95.6265579999999886
0
LINE
8
BLACK
6
CONTINUOUS
10
83.716557999999992
20
-95.6265579999999886
11
83.716557999999992
21
-96.1087909999999965
0
LINE
8
BLACK
6
CONTINUOUS
10
83.716557999999992
20
-96.1087909999999965
11
87.9177669999999978
21
-100.3100000000000023
0
LINE
8
BLACK
6
CONTINUOUS
10
87.9177669999999978
20
-100.3100000000000023
11
92.75
21
-100.3100000000000023
0
LINE
8
BLACK
6
CONTINUOUS
10
92.75
20
-100.3100000000000023
11
98.4499999999999886
21
-100.3100000000000023
0
LINE
8
BLACK
6
CONTINUOUS
10
98.4499999999999886
20
-100.3100000000000023
11
98.6142150000000015
21
-100.3100000000000023
0
LINE
8
BLACK
6
CONTINUOUS
10
98.6142150000000015
20
-100.3100000000000023
11
100.0619999999999976
21
-98.8622139999999945
0
LINE
8
BLACK
6
CONTINUOUS
10
100.0619999999999976
20
-98.8622139999999945
11
100.0619999999999976
21
-95.1747659999999911
0
LINE
8
BLACK
6
CONTINUOUS
10
100.0619999999999976
20
-95.1747659999999911
11
99.9982339999999965
21
-95.11099999999999
0
LINE
8
BLACK
6
CONTINUOUS
10
99.9982339999999965
20
-95.11099999999999
11
99.9403999999999968
21
-95.11099999999999
0
LINE
8
BLACK
6
CONTINUOUS
10
99.9403999999999968
20
-95.11099999999999
11
99.8820789999999903
21
-95.0993989999999911
0
LINE
8
BLACK
6
CONTINUOUS
10
99.8820789999999903
20
-95.0993989999999911
11
99.8326369999999912
21
-95.0663629999999955
0
LINE
8
BLACK
6
CONTINUOUS
10
99.8326369999999912
20
-95.0663629999999955
11
99.7996009999999956
21
-95.0169209999999964
0
LINE
8
BLACK
6
CONTINUOUS
10
99.7996009999999956
20
-95.0169209999999964
11
99.7879999999999967
21
-94.9585999999999899
0
LINE
8
BLACK
6
CONTINUOUS
10
99.7879999999999967
20
-94.9585999999999899
11
99.7879999999999967
21
-94.9007659999999902
0
LINE
8
BLACK
6
CONTINUOUS
10
99.7879999999999967
20
-94.9007659999999902
11
99.6661169999999998
21
-94.7788829999999933
0
LINE
8
BLACK
6
CONTINUOUS
10
99.6661169999999998
20
-94.7788829999999933
11
99.5994919999999979
21
-94.7068099999999902
0
LINE
8
BLACK
6
CONTINUOUS
10
99.5994919999999979
20
-94.7068099999999902
11
99.4842000000000013
21
-94.5481229999999897
0
LINE
8
BLACK
6
CONTINUOUS
10
99.4842000000000013
20
-94.5481229999999897
11
99.3951509999999985
21
-94.373353999999992
0
LINE
8
BLACK
6
CONTINUOUS
10
99.3951509999999985
20
-94.373353999999992
11
99.3345379999999949
21
-94.1868070000000017
0
LINE
8
BLACK
6
CONTINUOUS
10
99.3345379999999949
20
-94.1868070000000017
11
99.3038540000000012
21
-93.9930739999999929
0
LINE
8
BLACK
6
CONTINUOUS
10
99.3038540000000012
20
-93.9930739999999929
11
99.3038540000000012
21
-93.7969259999999991
0
LINE
8
BLACK
6
CONTINUOUS
10
99.3038540000000012
20
-93.7969259999999991
11
99.3345379999999949
21
-93.6031929999999903
0
LINE
8
BLACK
6
CONTINUOUS
10
99.3345379999999949
20
-93.6031929999999903
11
99.3951509999999985
21
-93.4166460000000001
0
LINE
8
BLACK
6
CONTINUOUS
10
99.3951509999999985
20
-93.4166460000000001
11
99.4842000000000013
21
-93.2418770000000023
0
LINE
8
BLACK
6
CONTINUOUS
10
99.4842000000000013
20
-93.2418770000000023
11
99.5994919999999979
21
-93.0831900000000019
0
LINE
8
BLACK
6
CONTINUOUS
10
99.5994919999999979
20
-93.0831900000000019
11
99.7381899999999888
21
-92.9444919999999968
0
LINE
8
BLACK
6
CONTINUOUS
10
99.7381899999999888
20
-92.9444919999999968
11
99.7879999999999967
21
-92.9083029999999894
0
LINE
8
BLACK
6
CONTINUOUS
10
99.7879999999999967
20
-92.9083029999999894
11
99.7879999999999967
21
-92.8314000000000021
0
LINE
8
BLACK
6
CONTINUOUS
10
99.7879999999999967
20
-92.8314000000000021
11
99.7996009999999956
21
-92.7730789999999956
0
LINE
8
BLACK
6
CONTINUOUS
10
99.7996009999999956
20
-92.7730789999999956
11
99.8326369999999912
21
-92.7236369999999965
0
LINE
8
BLACK
6
CONTINUOUS
10
99.8326369999999912
20
-92.7236369999999965
11
99.8820789999999903
21
-92.6906010000000009
0
LINE
8
BLACK
6
CONTINUOUS
10
99.8820789999999903
20
-92.6906010000000009
11
99.88520299999999
21
-92.6899789999999939
0
LINE
8
BLACK
6
CONTINUOUS
10
99.88520299999999
20
-92.6899789999999939
11
99.9609659999999991
21
-92.5765919999999909
0
LINE
8
BLACK
6
CONTINUOUS
10
99.9609659999999991
20
-92.5765919999999909
11
100.066592
21
-92.47096599999999
0
LINE
8
BLACK
6
CONTINUOUS
10
100.066592
20
-92.47096599999999
11
100.1907959999999917
21
-92.3879759999999948
0
LINE
8
BLACK
6
CONTINUOUS
10
100.1907959999999917
20
-92.3879759999999948
11
100.3288029999999935
21
-92.3308109999999971
0
LINE
8
BLACK
6
CONTINUOUS
10
100.3288029999999935
20
-92.3308109999999971
11
100.4753109999999907
21
-92.3016689999999898
0
LINE
8
BLACK
6
CONTINUOUS
10
100.4753109999999907
20
-92.3016689999999898
11
100.6246889999999894
21
-92.3016689999999898
0
LINE
8
BLACK
6
CONTINUOUS
10
100.6246889999999894
20
-92.3016689999999898
11
100.7711970000000008
21
-92.3308109999999971
0
LINE
8
BLACK
6
CONTINUOUS
10
100.7711970000000008
20
-92.3308109999999971
11
100.9092039999999884
21
-92.3879759999999948
0
LINE
8
BLACK
6
CONTINUOUS
10
100.9092039999999884
20
-92.3879759999999948
11
101.0334079999999943
21
-92.47096599999999
0
LINE
8
BLACK
6
CONTINUOUS
10
101.0334079999999943
20
-92.47096599999999
11
101.1390339999999952
21
-92.5765919999999909
0
LINE
8
BLACK
6
CONTINUOUS
10
101.1390339999999952
20
-92.5765919999999909
11
101.2147959999999927
21
-92.6899789999999939
0
LINE
8
BLACK
6
CONTINUOUS
10
101.2147959999999927
20
-92.6899789999999939
11
101.2179209999999898
21
-92.6906010000000009
0
LINE
8
BLACK
6
CONTINUOUS
10
101.2179209999999898
20
-92.6906010000000009
11
101.2673629999999889
21
-92.7236369999999965
0
LINE
8
BLACK
6
CONTINUOUS
10
101.2673629999999889
20
-92.7236369999999965
11
101.3003989999999988
21
-92.7730789999999956
0
LINE
8
BLACK
6
CONTINUOUS
10
101.3003989999999988
20
-92.7730789999999956
11
101.3119999999999976
21
-92.8314000000000021
0
LINE
8
BLACK
6
CONTINUOUS
10
101.3119999999999976
20
-92.8314000000000021
11
101.3119999999999976
21
-92.9083029999999894
0
LINE
8
BLACK
6
CONTINUOUS
10
101.3119999999999976
20
-92.9083029999999894
11
101.3618099999999913
21
-92.9444919999999968
0
LINE
8
BLACK
6
CONTINUOUS
10
101.3618099999999913
20
-92.9444919999999968
11
101.4338829999999945
21
-93.0111169999999987
0
LINE
8
BLACK
6
CONTINUOUS
10
101.4338829999999945
20
-93.0111169999999987
11
102.1958839999999924
21
-93.7731169999999992
0
LINE
8
BLACK
6
CONTINUOUS
10
102.1958839999999924
20
-93.7731169999999992
11
102.2625079999999969
21
-93.8451900000000023
0
LINE
8
BLACK
6
CONTINUOUS
10
102.2625079999999969
20
-93.8451900000000023
11
102.3699510000000004
21
-93.9930739999999929
0
LINE
8
BLACK
6
CONTINUOUS
10
102.3699510000000004
20
-93.9930739999999929
11
102.3777999999999935
21
-94.0038770000000028
0
LINE
8
BLACK
6
CONTINUOUS
10
102.3777999999999935
20
-94.0038770000000028
11
102.4668489999999963
21
-94.1786460000000005
0
LINE
8
BLACK
6
CONTINUOUS
10
102.4668489999999963
20
-94.1786460000000005
11
102.5274619999999999
21
-94.3651929999999908
0
LINE
8
BLACK
6
CONTINUOUS
10
102.5274619999999999
20
-94.3651929999999908
11
102.5581469999999911
21
-94.5589259999999996
0
LINE
8
BLACK
6
CONTINUOUS
10
102.5581469999999911
20
-94.5589259999999996
11
102.5619999999999976
21
-94.6569999999999965
0
LINE
8
BLACK
6
CONTINUOUS
10
102.5619999999999976
20
-94.6569999999999965
11
102.5619999999999976
21
-99.3799810000000008
0
LINE
8
BLACK
6
CONTINUOUS
10
102.5619999999999976
20
-99.3799810000000008
11
102.5581469999999911
21
-99.4780549999999977
0
LINE
8
BLACK
6
CONTINUOUS
10
102.5581469999999911
20
-99.4780549999999977
11
102.5342059999999975
21
-99.6292059999999964
0
LINE
8
BLACK
6
CONTINUOUS
10
102.5342059999999975
20
-99.6292059999999964
11
102.5274619999999999
21
-99.6717879999999923
0
LINE
8
BLACK
6
CONTINUOUS
10
102.5274619999999999
20
-99.6717879999999923
11
102.4668489999999963
21
-99.8583359999999942
0
LINE
8
BLACK
6
CONTINUOUS
10
102.4668489999999963
20
-99.8583359999999942
11
102.3777999999999935
21
-100.0331039999999945
0
LINE
8
BLACK
6
CONTINUOUS
10
102.3777999999999935
20
-100.0331039999999945
11
102.2625069999999994
21
-100.1917919999999924
0
LINE
8
BLACK
6
CONTINUOUS
10
102.2625069999999994
20
-100.1917919999999924
11
102.1958829999999949
21
-100.2638649999999956
0
LINE
8
BLACK
6
CONTINUOUS
10
102.1958829999999949
20
-100.2638649999999956
11
100.0158639999999934
21
-102.4438829999999996
0
LINE
8
BLACK
6
CONTINUOUS
10
100.0158639999999934
20
-102.4438829999999996
11
99.9437909999999903
21
-102.5105080000000015
0
LINE
8
BLACK
6
CONTINUOUS
10
99.9437909999999903
20
-102.5105080000000015
11
99.8749819999999886
21
-102.5604999999999905
0
LINE
8
BLACK
6
CONTINUOUS
10
99.8749819999999886
20
-102.5604999999999905
11
99.7851039999999898
21
-102.6257999999999981
0
LINE
8
BLACK
6
CONTINUOUS
10
99.7851039999999898
20
-102.6257999999999981
11
99.6103349999999921
21
-102.714849000000001
0
LINE
8
BLACK
6
CONTINUOUS
10
99.6103349999999921
20
-102.714849000000001
11
99.4237880000000018
21
-102.7754619999999903
0
LINE
8
BLACK
6
CONTINUOUS
10
99.4237880000000018
20
-102.7754619999999903
11
99.230054999999993
21
-102.8061469999999957
0
LINE
8
BLACK
6
CONTINUOUS
10
99.230054999999993
20
-102.8061469999999957
11
99.1319809999999961
21
-102.8100000000000023
0
LINE
8
BLACK
6
CONTINUOUS
10
99.1319809999999961
20
-102.8100000000000023
11
98.4499999999999886
21
-102.8100000000000023
0
LINE
8
BLACK
6
CONTINUOUS
10
98.4499999999999886
20
-102.8100000000000023
11
92.75
21
-102.8100000000000023
0
LINE
8
BLACK
6
CONTINUOUS
10
92.75
20
-102.8100000000000023
11
87.3999999999999915
21
-102.8100000000000023
0
LINE
8
BLACK
6
CONTINUOUS
10
87.3999999999999915
20
-102.8100000000000023
11
87.3019259999999946
21
-102.8061469999999957
0
LINE
8
BLACK
6
CONTINUOUS
10
87.3019259999999946
20
-102.8061469999999957
11
87.108193
21
-102.7754619999999903
0
LINE
8
BLACK
6
CONTINUOUS
10
87.108193
20
-102.7754619999999903
11
86.9216459999999955
21
-102.714849000000001
0
LINE
8
BLACK
6
CONTINUOUS
10
86.9216459999999955
20
-102.714849000000001
11
86.7468769999999978
21
-102.6257999999999981
0
LINE
8
BLACK
6
CONTINUOUS
10
86.7468769999999978
20
-102.6257999999999981
11
86.656998999999999
21
-102.5604999999999905
0
LINE
8
BLACK
6
CONTINUOUS
10
86.656998999999999
20
-102.5604999999999905
11
86.5881899999999973
21
-102.5105080000000015
0
LINE
8
BLACK
6
CONTINUOUS
10
86.5881899999999973
20
-102.5105080000000015
11
86.5161169999999942
21
-102.4438839999999971
0
LINE
8
BLACK
6
CONTINUOUS
10
86.5161169999999942
20
-102.4438839999999971
11
81.5826749999999947
21
-97.5104410000000001
0
LINE
8
BLACK
6
CONTINUOUS
10
81.5826749999999947
20
-97.5104410000000001
11
81.5160499999999928
21
-97.438367999999997
0
LINE
8
BLACK
6
CONTINUOUS
10
81.5160499999999928
20
-97.438367999999997
11
81.4007579999999962
21
-97.2796809999999965
0
LINE
8
BLACK
6
CONTINUOUS
10
81.4007579999999962
20
-97.2796809999999965
11
81.3117089999999934
21
-97.1049119999999988
0
LINE
8
BLACK
6
CONTINUOUS
10
81.3117089999999934
20
-97.1049119999999988
11
81.2510959999999898
21
-96.9183649999999943
0
LINE
8
BLACK
6
CONTINUOUS
10
81.2510959999999898
20
-96.9183649999999943
11
81.2390039999999942
21
-96.8420199999999909
0
LINE
8
BLACK
6
CONTINUOUS
10
81.2390039999999942
20
-96.8420199999999909
11
81.2204109999999986
21
-96.7246319999999997
0
LINE
8
BLACK
6
CONTINUOUS
10
81.2204109999999986
20
-96.7246319999999997
11
81.216557999999992
21
-96.6265579999999886
0
LINE
8
BLACK
6
CONTINUOUS
10
81.216557999999992
20
-96.6265579999999886
11
81.216557999999992
21
-96.1443239999999975
0
LINE
8
BLACK
6
CONTINUOUS
10
81.216557999999992
20
-96.1443239999999975
11
80.2661169999999942
21
-95.1938829999999996
0
LINE
8
BLACK
6
CONTINUOUS
10
80.2661169999999942
20
-95.1938829999999996
11
80.1994919999999922
21
-95.1218099999999964
0
LINE
8
BLACK
6
CONTINUOUS
10
80.1994919999999922
20
-95.1218099999999964
11
80.0841999999999956
21
-94.963122999999996
0
LINE
8
BLACK
6
CONTINUOUS
10
80.0841999999999956
20
-94.963122999999996
11
79.9951509999999928
21
-94.7883539999999982
0
LINE
8
BLACK
6
CONTINUOUS
10
79.9951509999999928
20
-94.7883539999999982
11
79.9345380000000034
21
-94.6018069999999938
0
LINE
8
BLACK
6
CONTINUOUS
10
79.9345380000000034
20
-94.6018069999999938
11
79.9293129999999934
21
-94.5688169999999957
0
LINE
8
BLACK
6
CONTINUOUS
10
79.9293129999999934
20
-94.5688169999999957
11
79.903852999999998
21
-94.4080739999999992
0
LINE
8
BLACK
6
CONTINUOUS
10
79.903852999999998
20
-94.4080739999999992
11
79.8999999999999915
21
-94.3100000000000023
0
LINE
8
BLACK
6
CONTINUOUS
10
79.8999999999999915
20
-94.3100000000000023
11
79.8999999999999915
21
-90.9277659999999912
0
LINE
8
BLACK
6
CONTINUOUS
10
79.8999999999999915
20
-90.9277659999999912
11
73.8822339999999969
21
-84.9099999999999966
0
LINE
8
BLACK
6
CONTINUOUS
10
73.8822339999999969
20
-84.9099999999999966
11
73.2999999999999972
21
-84.9099999999999966
0
LINE
8
BLACK
6
CONTINUOUS
10
73.2999999999999972
20
-84.9099999999999966
11
73.2043290000000013
21
-84.8909699999999958
0
LINE
8
BLACK
6
CONTINUOUS
10
73.2043290000000013
20
-84.8909699999999958
11
73.1232229999999959
21
-84.8367769999999979
0
LINE
8
BLACK
6
CONTINUOUS
10
73.1232229999999959
20
-84.8367769999999979
11
73.0690299999999979
21
-84.7556709999999924
0
LINE
8
BLACK
6
CONTINUOUS
10
73.0690299999999979
20
-84.7556709999999924
11
73.0499999999999972
21
-84.6599999999999966
0
LINE
8
BLACK
6
CONTINUOUS
10
73.0499999999999972
20
-84.6599999999999966
11
73.0499999999999972
21
-82.5600000000000023
0
LINE
8
BLACK
6
CONTINUOUS
10
73.0499999999999972
20
-82.5600000000000023
11
73.0690299999999979
21
-82.4643289999999922
0
LINE
8
BLACK
6
CONTINUOUS
10
73.0690299999999979
20
-82.4643289999999922
11
73.0999999999999943
21
-82.4179779999999909
0
LINE
8
BLACK
6
CONTINUOUS
10
73.0999999999999943
20
-82.4179779999999909
11
73.0999999999999943
21
-54.9799999999999969
0
LINE
8
BLACK
6
CONTINUOUS
10
73.0999999999999943
20
-54.9799999999999969
11
73.1038530000000009
21
-54.881926
0
LINE
8
BLACK
6
CONTINUOUS
10
73.1038530000000009
20
-54.881926
11
73.1345379999999921
21
-54.6881929999999983
0
LINE
8
BLACK
6
CONTINUOUS
10
73.1345379999999921
20
-54.6881929999999983
11
73.1951509999999956
21
-54.5016460000000009
0
LINE
8
BLACK
6
CONTINUOUS
10
73.1951509999999956
20
-54.5016460000000009
11
73.2841999999999985
21
-54.3268769999999961
0
LINE
8
BLACK
6
CONTINUOUS
10
73.2841999999999985
20
-54.3268769999999961
11
73.3994919999999951
21
-54.1681899999999956
0
LINE
8
BLACK
6
CONTINUOUS
10
73.3994919999999951
20
-54.1681899999999956
11
73.466116999999997
21
-54.0961169999999996
0
LINE
8
BLACK
6
CONTINUOUS
10
73.466116999999997
20
-54.0961169999999996
11
79.9500000000000028
21
-47.6122329999999963
0
LINE
8
BLACK
6
CONTINUOUS
10
79.9500000000000028
20
-47.6122329999999963
11
79.9500000000000028
21
-47.0300000000000011
0
LINE
8
BLACK
6
CONTINUOUS
10
79.9500000000000028
20
-47.0300000000000011
11
79.9690299999999894
21
-46.9343289999999982
0
LINE
8
BLACK
6
CONTINUOUS
10
79.9690299999999894
20
-46.9343289999999982
11
80.0232230000000015
21
-46.8532229999999998
0
LINE
8
BLACK
6
CONTINUOUS
10
80.0232230000000015
20
-46.8532229999999998
11
80.1043289999999928
21
-46.7990299999999948
0
LINE
8
BLACK
6
CONTINUOUS
10
80.1043289999999928
20
-46.7990299999999948
11
80.2000000000000028
21
-46.7800000000000011
0
LINE
8
BLACK
6
CONTINUOUS
10
80.2000000000000028
20
-46.7800000000000011
11
80.7822340000000025
21
-46.7800000000000011
0
LINE
8
BLACK
6
CONTINUOUS
10
80.7822340000000025
20
-46.7800000000000011
11
82.75
21
-44.8122329999999991
0
LINE
8
BLACK
6
CONTINUOUS
10
82.75
20
-44.8122329999999991
11
82.75
21
-39.5177660000000017
0
LINE
8
BLACK
6
CONTINUOUS
10
82.75
20
-39.5177660000000017
11
80.7822340000000025
21
-37.5499999999999972
0
LINE
8
BLACK
6
CONTINUOUS
10
80.7822340000000025
20
-37.5499999999999972
11
80.2000000000000028
21
-37.5499999999999972
0
LINE
8
BLACK
6
CONTINUOUS
10
80.2000000000000028
20
-37.5499999999999972
11
80.1043289999999928
21
-37.5309699999999964
0
LINE
8
BLACK
6
CONTINUOUS
10
80.1043289999999928
20
-37.5309699999999964
11
80.0232230000000015
21
-37.4767769999999985
0
LINE
8
BLACK
6
CONTINUOUS
10
80.0232230000000015
20
-37.4767769999999985
11
79.9690299999999894
21
-37.3956710000000001
0
LINE
8
BLACK
6
CONTINUOUS
10
79.9690299999999894
20
-37.3956710000000001
11
79.9500000000000028
21
-37.2999999999999972
0
LINE
8
BLACK
6
CONTINUOUS
10
79.9500000000000028
20
-37.2999999999999972
11
79.9500000000000028
21
-35.1999999999999957
0
LINE
8
BLACK
6
CONTINUOUS
10
79.9500000000000028
20
-35.1999999999999957
11
79.9690299999999894
21
-35.1043289999999999
0
LINE
8
BLACK
6
CONTINUOUS
10
79.9690299999999894
20
-35.1043289999999999
11
80.0232230000000015
21
-35.0232230000000015
0
LINE
8
BLACK
6
CONTINUOUS
10
80.0232230000000015
20
-35.0232230000000015
11
80.1043289999999928
21
-34.9690299999999965
0
LINE
8
BLACK
6
CONTINUOUS
10
80.1043289999999928
20
-34.9690299999999965
11
80.2000000000000028
21
-34.9499999999999957
0
LINE
8
BLACK
6
CONTINUOUS
10
80.2000000000000028
20
-34.9499999999999957
11
82.2999999999999972
21
-34.9499999999999957
0
LINE
8
BLACK
6
CONTINUOUS
10
82.2999999999999972
20
-34.9499999999999957
11
82.395670999999993
21
-34.9690299999999965
0
LINE
8
BLACK
6
CONTINUOUS
10
85.5311969999999917
20
-92.3308109999999971
11
85.6692039999999935
21
-92.3879759999999948
0
LINE
8
BLACK
6
CONTINUOUS
10
85.6692039999999935
20
-92.3879759999999948
11
85.7934079999999994
21
-92.47096599999999
0
LINE
8
BLACK
6
CONTINUOUS
10
85.7934079999999994
20
-92.47096599999999
11
85.8990340000000003
21
-92.5765919999999909
0
LINE
8
BLACK
6
CONTINUOUS
10
85.8990340000000003
20
-92.5765919999999909
11
85.9747959999999978
21
-92.6899789999999939
0
LINE
8
BLACK
6
CONTINUOUS
10
85.9747959999999978
20
-92.6899789999999939
11
85.9779209999999949
21
-92.6906010000000009
0
LINE
8
BLACK
6
CONTINUOUS
10
85.9779209999999949
20
-92.6906010000000009
11
86.027362999999994
21
-92.7236369999999965
0
LINE
8
BLACK
6
CONTINUOUS
10
86.027362999999994
20
-92.7236369999999965
11
86.0603989999999897
21
-92.7730789999999956
0
LINE
8
BLACK
6
CONTINUOUS
10
86.0603989999999897
20
-92.7730789999999956
11
86.0720000000000027
21
-92.8314000000000021
0
LINE
8
BLACK
6
CONTINUOUS
10
86.0720000000000027
20
-92.8314000000000021
11
86.0720000000000027
21
-94.9585999999999899
0
LINE
8
BLACK
6
CONTINUOUS
10
86.0720000000000027
20
-94.9585999999999899
11
86.0603989999999897
21
-95.0169209999999964
0
LINE
8
BLACK
6
CONTINUOUS
10
86.0603989999999897
20
-95.0169209999999964
11
86.027362999999994
21
-95.0663629999999955
0
LINE
8
BLACK
6
CONTINUOUS
10
86.027362999999994
20
-95.0663629999999955
11
85.9779209999999949
21
-95.0993989999999911
0
LINE
8
BLACK
6
CONTINUOUS
10
85.9779209999999949
20
-95.0993989999999911
11
85.9196000000000026
21
-95.11099999999999
0
LINE
8
BLACK
6
CONTINUOUS
10
85.9196000000000026
20
-95.11099999999999
11
84.7004000000000019
21
-95.11099999999999
0
LINE
8
BLACK
6
CONTINUOUS
10
84.7004000000000019
20
-95.11099999999999
11
84.6420789999999954
21
-95.0993989999999911
0
LINE
8
BLACK
6
CONTINUOUS
10
84.6420789999999954
20
-95.0993989999999911
11
84.5926369999999963
21
-95.0663629999999955
0
LINE
8
BLACK
6
CONTINUOUS
10
84.5926369999999963
20
-95.0663629999999955
11
84.5596010000000007
21
-95.0169209999999964
0
LINE
8
BLACK
6
CONTINUOUS
10
84.5596010000000007
20
-95.0169209999999964
11
84.5480000000000018
21
-94.9585999999999899
0
LINE
8
BLACK
6
CONTINUOUS
10
84.5480000000000018
20
-94.9585999999999899
11
84.5480000000000018
21
-92.8314000000000021
0
LINE
8
BLACK
6
CONTINUOUS
10
84.5480000000000018
20
-92.8314000000000021
11
84.5596010000000007
21
-92.7730789999999956
0
LINE
8
BLACK
6
CONTINUOUS
10
84.5596010000000007
20
-92.7730789999999956
11
84.5926369999999963
21
-92.7236369999999965
0
LINE
8
BLACK
6
CONTINUOUS
10
84.5926369999999963
20
-92.7236369999999965
11
84.6420789999999954
21
-92.6906010000000009
0
LINE
8
BLACK
6
CONTINUOUS
10
84.6420789999999954
20
-92.6906010000000009
11
84.6452029999999951
21
-92.6899789999999939
0
LINE
8
BLACK
6
CONTINUOUS
10
84.6452029999999951
20
-92.6899789999999939
11
84.72096599999999
21
-92.5765919999999909
0
LINE
8
BLACK
6
CONTINUOUS
10
84.72096599999999
20
-92.5765919999999909
11
84.8265919999999909
21
-92.47096599999999
0
LINE
8
BLACK
6
CONTINUOUS
10
84.8265919999999909
20
-92.47096599999999
11
84.9507959999999969
21
-92.3879759999999948
0
LINE
8
BLACK
6
CONTINUOUS
10
84.9507959999999969
20
-92.3879759999999948
11
85.0888029999999986
21
-92.3308109999999971
0
LINE
8
BLACK
6
CONTINUOUS
10
85.0888029999999986
20
-92.3308109999999971
11
85.2353109999999958
21
-92.3016689999999898
0
LINE
8
BLACK
6
CONTINUOUS
10
85.2353109999999958
20
-92.3016689999999898
11
85.3846889999999945
21
-92.3016689999999898
0
LINE
8
BLACK
6
CONTINUOUS
10
85.3846889999999945
20
-92.3016689999999898
11
85.5311969999999917
21
-92.3308109999999971
0
LINE
8
BLACK
6
CONTINUOUS
10
88.071196999999998
20
-92.3308109999999971
11
88.2092039999999997
21
-92.3879759999999948
0
LINE
8
BLACK
6
CONTINUOUS
10
88.2092039999999997
20
-92.3879759999999948
11
88.3334079999999915
21
-92.47096599999999
0
LINE
8
BLACK
6
CONTINUOUS
10
88.3334079999999915
20
-92.47096599999999
11
88.4390339999999924
21
-92.5765919999999909
0
LINE
8
BLACK
6
CONTINUOUS
10
88.4390339999999924
20
-92.5765919999999909
11
88.5147959999999898
21
-92.6899789999999939
0
LINE
8
BLACK
6
CONTINUOUS
10
88.5147959999999898
20
-92.6899789999999939
11
88.5179210000000012
21
-92.6906010000000009
0
LINE
8
BLACK
6
CONTINUOUS
10
88.5179210000000012
20
-92.6906010000000009
11
88.5673630000000003
21
-92.7236369999999965
0
LINE
8
BLACK
6
CONTINUOUS
10
88.5673630000000003
20
-92.7236369999999965
11
88.6003989999999959
21
-92.7730789999999956
0
LINE
8
BLACK
6
CONTINUOUS
10
88.6003989999999959
20
-92.7730789999999956
11
88.6119999999999948
21
-92.8314000000000021
0
LINE
8
BLACK
6
CONTINUOUS
10
88.6119999999999948
20
-92.8314000000000021
11
88.6119999999999948
21
-94.9585999999999899
0
LINE
8
BLACK
6
CONTINUOUS
10
88.6119999999999948
20
-94.9585999999999899
11
88.6003989999999959
21
-95.0169209999999964
0
LINE
8
BLACK
6
CONTINUOUS
10
88.6003989999999959
20
-95.0169209999999964
11
88.5673630000000003
21
-95.0663629999999955
0
LINE
8
BLACK
6
CONTINUOUS
10
88.5673630000000003
20
-95.0663629999999955
11
88.5179210000000012
21
-95.0993989999999911
0
LINE
8
BLACK
6
CONTINUOUS
10
88.5179210000000012
20
-95.0993989999999911
11
88.4595999999999947
21
-95.11099999999999
0
LINE
8
BLACK
6
CONTINUOUS
10
88.4595999999999947
20
-95.11099999999999
11
87.240399999999994
21
-95.11099999999999
0
LINE
8
BLACK
6
CONTINUOUS
10
87.240399999999994
20
-95.11099999999999
11
87.1820790000000017
21
-95.0993989999999911
0
LINE
8
BLACK
6
CONTINUOUS
10
87.1820790000000017
20
-95.0993989999999911
11
87.1326370000000026
21
-95.0663629999999955
0
LINE
8
BLACK
6
CONTINUOUS
10
87.1326370000000026
20
-95.0663629999999955
11
87.0996009999999927
21
-95.0169209999999964
0
LINE
8
BLACK
6
CONTINUOUS
10
87.0996009999999927
20
-95.0169209999999964
11
87.0879999999999939
21
-94.9585999999999899
0
LINE
8
BLACK
6
CONTINUOUS
10
87.0879999999999939
20
-94.9585999999999899
11
87.0879999999999939
21
-92.8314000000000021
0
LINE
8
BLACK
6
CONTINUOUS
10
87.0879999999999939
20
-92.8314000000000021
11
87.0996009999999927
21
-92.7730789999999956
0
LINE
8
BLACK
6
CONTINUOUS
10
87.0996009999999927
20
-92.7730789999999956
11
87.1326370000000026
21
-92.7236369999999965
0
LINE
8
BLACK
6
CONTINUOUS
10
87.1326370000000026
20
-92.7236369999999965
11
87.1820790000000017
21
-92.6906010000000009
0
LINE
8
BLACK
6
CONTINUOUS
10
87.1820790000000017
20
-92.6906010000000009
11
87.1852030000000013
21
-92.6899789999999939
0
LINE
8
BLACK
6
CONTINUOUS
10
87.1852030000000013
20
-92.6899789999999939
11
87.2609659999999963
21
-92.5765919999999909
0
LINE
8
BLACK
6
CONTINUOUS
10
87.2609659999999963
20
-92.5765919999999909
11
87.3665919999999971
21
-92.47096599999999
0
LINE
8
BLACK
6
CONTINUOUS
10
87.3665919999999971
20
-92.47096599999999
11
87.4907960000000031
21
-92.3879759999999948
0
LINE
8
BLACK
6
CONTINUOUS
10
87.4907960000000031
20
-92.3879759999999948
11
87.6288029999999907
21
-92.3308109999999971
0
LINE
8
BLACK
6
CONTINUOUS
10
87.6288029999999907
20
-92.3308109999999971
11
87.7753110000000021
21
-92.3016689999999898
0
LINE
8
BLACK
6
CONTINUOUS
10
87.7753110000000021
20
-92.3016689999999898
11
87.9246890000000008
21
-92.3016689999999898
0
LINE
8
BLACK
6
CONTINUOUS
10
87.9246890000000008
20
-92.3016689999999898
11
88.071196999999998
21
-92.3308109999999971
0
LINE
8
BLACK
6
CONTINUOUS
10
90.61119699999999
20
-92.3308109999999971
11
90.7492039999999918
21
-92.3879759999999948
0
LINE
8
BLACK
6
CONTINUOUS
10
90.7492039999999918
20
-92.3879759999999948
11
90.8734079999999977
21
-92.47096599999999
0
LINE
8
BLACK
6
CONTINUOUS
10
90.8734079999999977
20
-92.47096599999999
11
90.9790339999999986
21
-92.5765919999999909
0
LINE
8
BLACK
6
CONTINUOUS
10
90.9790339999999986
20
-92.5765919999999909
11
91.0547959999999961
21
-92.6899789999999939
0
LINE
8
BLACK
6
CONTINUOUS
10
91.0547959999999961
20
-92.6899789999999939
11
91.0579209999999932
21
-92.6906010000000009
0
LINE
8
BLACK
6
CONTINUOUS
10
91.0579209999999932
20
-92.6906010000000009
11
91.1073629999999923
21
-92.7236369999999965
0
LINE
8
BLACK
6
CONTINUOUS
10
91.1073629999999923
20
-92.7236369999999965
11
91.1403990000000022
21
-92.7730789999999956
0
LINE
8
BLACK
6
CONTINUOUS
10
91.1403990000000022
20
-92.7730789999999956
11
91.152000000000001
21
-92.8314000000000021
0
LINE
8
BLACK
6
CONTINUOUS
10
91.152000000000001
20
-92.8314000000000021
11
91.152000000000001
21
-94.9585999999999899
0
LINE
8
BLACK
6
CONTINUOUS
10
91.152000000000001
20
-94.9585999999999899
11
91.1403990000000022
21
-95.0169209999999964
0
LINE
8
BLACK
6
CONTINUOUS
10
91.1403990000000022
20
-95.0169209999999964
11
91.1073629999999923
21
-95.0663629999999955
0
LINE
8
BLACK
6
CONTINUOUS
10
91.1073629999999923
20
-95.0663629999999955
11
91.0579209999999932
21
-95.0993989999999911
0
LINE
8
BLACK
6
CONTINUOUS
10
91.0579209999999932
20
-95.0993989999999911
11
90.9996000000000009
21
-95.11099999999999
0
LINE
8
BLACK
6
CONTINUOUS
10
90.9996000000000009
20
-95.11099999999999
11
89.7804000000000002
21
-95.11099999999999
0
LINE
8
BLACK
6
CONTINUOUS
10
89.7804000000000002
20
-95.11099999999999
11
89.7220789999999937
21
-95.0993989999999911
0
LINE
8
BLACK
6
CONTINUOUS
10
89.7220789999999937
20
-95.0993989999999911
11
89.6726369999999946
21
-95.0663629999999955
0
LINE
8
BLACK
6
CONTINUOUS
10
89.6726369999999946
20
-95.0663629999999955
11
89.639600999999999
21
-95.0169209999999964
0
LINE
8
BLACK
6
CONTINUOUS
10
89.639600999999999
20
-95.0169209999999964
11
89.6280000000000001
21
-94.9585999999999899
0
LINE
8
BLACK
6
CONTINUOUS
10
89.6280000000000001
20
-94.9585999999999899
11
89.6280000000000001
21
-92.8314000000000021
0
LINE
8
BLACK
6
CONTINUOUS
10
89.6280000000000001
20
-92.8314000000000021
11
89.639600999999999
21
-92.7730789999999956
0
LINE
8
BLACK
6
CONTINUOUS
10
89.639600999999999
20
-92.7730789999999956
11
89.6726369999999946
21
-92.7236369999999965
0
LINE
8
BLACK
6
CONTINUOUS
10
89.6726369999999946
20
-92.7236369999999965
11
89.7220789999999937
21
-92.6906010000000009
0
LINE
8
BLACK
6
CONTINUOUS
10
89.7220789999999937
20
-92.6906010000000009
11
89.7252029999999934
21
-92.6899789999999939
0
LINE
8
BLACK
6
CONTINUOUS
10
89.7252029999999934
20
-92.6899789999999939
11
89.8009660000000025
21
-92.5765919999999909
0
LINE
8
BLACK
6
CONTINUOUS
10
89.8009660000000025
20
-92.5765919999999909
11
89.9065919999999892
21
-92.47096599999999
0
LINE
8
BLACK
6
CONTINUOUS
10
89.9065919999999892
20
-92.47096599999999
11
90.0307959999999952
21
-92.3879759999999948
0
LINE
8
BLACK
6
CONTINUOUS
10
90.0307959999999952
20
-92.3879759999999948
11
90.1688029999999969
21
-92.3308109999999971
0
LINE
8
BLACK
6
CONTINUOUS
10
90.1688029999999969
20
-92.3308109999999971
11
90.3153109999999941
21
-92.3016689999999898
0
LINE
8
BLACK
6
CONTINUOUS
10
90.3153109999999941
20
-92.3016689999999898
11
90.4646889999999928
21
-92.3016689999999898
0
LINE
8
BLACK
6
CONTINUOUS
10
90.4646889999999928
20
-92.3016689999999898
11
90.61119699999999
21
-92.3308109999999971
0
LINE
8
BLACK
6
CONTINUOUS
10
93.1511969999999963
20
-92.3308109999999971
11
93.289203999999998
21
-92.3879759999999948
0
LINE
8
BLACK
6
CONTINUOUS
10
93.289203999999998
20
-92.3879759999999948
11
93.4134079999999898
21
-92.47096599999999
0
LINE
8
BLACK
6
CONTINUOUS
10
93.4134079999999898
20
-92.47096599999999
11
93.5190339999999907
21
-92.5765919999999909
0
LINE
8
BLACK
6
CONTINUOUS
10
93.5190339999999907
20
-92.5765919999999909
11
93.5947960000000023
21
-92.6899789999999939
0
LINE
8
BLACK
6
CONTINUOUS
10
93.5947960000000023
20
-92.6899789999999939
11
93.5979209999999995
21
-92.6906010000000009
0
LINE
8
BLACK
6
CONTINUOUS
10
93.5979209999999995
20
-92.6906010000000009
11
93.6473629999999986
21
-92.7236369999999965
0
LINE
8
BLACK
6
CONTINUOUS
10
93.6473629999999986
20
-92.7236369999999965
11
93.6803989999999942
21
-92.7730789999999956
0
LINE
8
BLACK
6
CONTINUOUS
10
93.6803989999999942
20
-92.7730789999999956
11
93.6919999999999931
21
-92.8314000000000021
0
LINE
8
BLACK
6
CONTINUOUS
10
93.6919999999999931
20
-92.8314000000000021
11
93.6919999999999931
21
-94.9585999999999899
0
LINE
8
BLACK
6
CONTINUOUS
10
93.6919999999999931
20
-94.9585999999999899
11
93.6803989999999942
21
-95.0169209999999964
0
LINE
8
BLACK
6
CONTINUOUS
10
93.6803989999999942
20
-95.0169209999999964
11
93.6473629999999986
21
-95.0663629999999955
0
LINE
8
BLACK
6
CONTINUOUS
10
93.6473629999999986
20
-95.0663629999999955
11
93.5979209999999995
21
-95.0993989999999911
0
LINE
8
BLACK
6
CONTINUOUS
10
93.5979209999999995
20
-95.0993989999999911
11
93.539599999999993
21
-95.11099999999999
0
LINE
8
BLACK
6
CONTINUOUS
10
93.539599999999993
20
-95.11099999999999
11
92.3203999999999922
21
-95.11099999999999
0
LINE
8
BLACK
6
CONTINUOUS
10
92.3203999999999922
20
-95.11099999999999
11
92.262079
21
-95.0993989999999911
0
LINE
8
BLACK
6
CONTINUOUS
10
92.262079
20
-95.0993989999999911
11
92.2126370000000009
21
-95.0663629999999955
0
LINE
8
BLACK
6
CONTINUOUS
10
92.2126370000000009
20
-95.0663629999999955
11
92.179600999999991
21
-95.0169209999999964
0
LINE
8
BLACK
6
CONTINUOUS
10
92.179600999999991
20
-95.0169209999999964
11
92.1679999999999922
21
-94.9585999999999899
0
LINE
8
BLACK
6
CONTINUOUS
10
92.1679999999999922
20
-94.9585999999999899
11
92.1679999999999922
21
-92.8314000000000021
0
LINE
8
BLACK
6
CONTINUOUS
10
92.1679999999999922
20
-92.8314000000000021
11
92.179600999999991
21
-92.7730789999999956
0
LINE
8
BLACK
6
CONTINUOUS
10
92.179600999999991
20
-92.7730789999999956
11
92.2126370000000009
21
-92.7236369999999965
0
LINE
8
BLACK
6
CONTINUOUS
10
92.2126370000000009
20
-92.7236369999999965
11
92.262079
21
-92.6906010000000009
0
LINE
8
BLACK
6
CONTINUOUS
10
92.262079
20
-92.6906010000000009
11
92.2652029999999996
21
-92.6899789999999939
0
LINE
8
BLACK
6
CONTINUOUS
10
92.2652029999999996
20
-92.6899789999999939
11
92.3409659999999946
21
-92.5765919999999909
0
LINE
8
BLACK
6
CONTINUOUS
10
92.3409659999999946
20
-92.5765919999999909
11
92.4465919999999954
21
-92.47096599999999
0
LINE
8
BLACK
6
CONTINUOUS
10
92.4465919999999954
20
-92.47096599999999
11
92.5707960000000014
21
-92.3879759999999948
0
LINE
8
BLACK
6
CONTINUOUS
10
92.5707960000000014
20
-92.3879759999999948
11
92.708802999999989
21
-92.3308109999999971
0
LINE
8
BLACK
6
CONTINUOUS
10
92.708802999999989
20
-92.3308109999999971
11
92.8553110000000004
21
-92.3016689999999898
0
LINE
8
BLACK
6
CONTINUOUS
10
92.8553110000000004
20
-92.3016689999999898
11
93.0046889999999991
21
-92.3016689999999898
0
LINE
8
BLACK
6
CONTINUOUS
10
93.0046889999999991
20
-92.3016689999999898
11
93.1511969999999963
21
-92.3308109999999971
0
LINE
8
BLACK
6
CONTINUOUS
10
95.6911970000000025
20
-92.3308109999999971
11
95.8292039999999901
21
-92.3879759999999948
0
LINE
8
BLACK
6
CONTINUOUS
10
95.8292039999999901
20
-92.3879759999999948
11
95.953407999999996
21
-92.47096599999999
0
LINE
8
BLACK
6
CONTINUOUS
10
95.953407999999996
20
-92.47096599999999
11
96.0590339999999969
21
-92.5765919999999909
0
LINE
8
BLACK
6
CONTINUOUS
10
96.0590339999999969
20
-92.5765919999999909
11
96.1347959999999944
21
-92.6899789999999939
0
LINE
8
BLACK
6
CONTINUOUS
10
96.1347959999999944
20
-92.6899789999999939
11
96.1379209999999915
21
-92.6906010000000009
0
LINE
8
BLACK
6
CONTINUOUS
10
96.1379209999999915
20
-92.6906010000000009
11
96.1873629999999906
21
-92.7236369999999965
0
LINE
8
BLACK
6
CONTINUOUS
10
96.1873629999999906
20
-92.7236369999999965
11
96.2203990000000005
21
-92.7730789999999956
0
LINE
8
BLACK
6
CONTINUOUS
10
96.2203990000000005
20
-92.7730789999999956
11
96.2319999999999993
21
-92.8314000000000021
0
LINE
8
BLACK
6
CONTINUOUS
10
96.2319999999999993
20
-92.8314000000000021
11
96.2319999999999993
21
-94.9585999999999899
0
LINE
8
BLACK
6
CONTINUOUS
10
96.2319999999999993
20
-94.9585999999999899
11
96.2203990000000005
21
-95.0169209999999964
0
LINE
8
BLACK
6
CONTINUOUS
10
96.2203990000000005
20
-95.0169209999999964
11
96.1873629999999906
21
-95.0663629999999955
0
LINE
8
BLACK
6
CONTINUOUS
10
96.1873629999999906
20
-95.0663629999999955
11
96.1379209999999915
21
-95.0993989999999911
0
LINE
8
BLACK
6
CONTINUOUS
10
96.1379209999999915
20
-95.0993989999999911
11
96.0795999999999992
21
-95.11099999999999
0
LINE
8
BLACK
6
CONTINUOUS
10
96.0795999999999992
20
-95.11099999999999
11
94.8603999999999985
21
-95.11099999999999
0
LINE
8
BLACK
6
CONTINUOUS
10
94.8603999999999985
20
-95.11099999999999
11
94.802078999999992
21
-95.0993989999999911
0
LINE
8
BLACK
6
CONTINUOUS
10
94.802078999999992
20
-95.0993989999999911
11
94.7526369999999929
21
-95.0663629999999955
0
LINE
8
BLACK
6
CONTINUOUS
10
94.7526369999999929
20
-95.0663629999999955
11
94.7196009999999973
21
-95.0169209999999964
0
LINE
8
BLACK
6
CONTINUOUS
10
94.7196009999999973
20
-95.0169209999999964
11
94.7079999999999984
21
-94.9585999999999899
0
LINE
8
BLACK
6
CONTINUOUS
10
94.7079999999999984
20
-94.9585999999999899
11
94.7079999999999984
21
-92.8314000000000021
0
LINE
8
BLACK
6
CONTINUOUS
10
94.7079999999999984
20
-92.8314000000000021
11
94.7196009999999973
21
-92.7730789999999956
0
LINE
8
BLACK
6
CONTINUOUS
10
94.7196009999999973
20
-92.7730789999999956
11
94.7526369999999929
21
-92.7236369999999965
0
LINE
8
BLACK
6
CONTINUOUS
10
94.7526369999999929
20
-92.7236369999999965
11
94.802078999999992
21
-92.6906010000000009
0
LINE
8
BLACK
6
CONTINUOUS
10
94.802078999999992
20
-92.6906010000000009
11
94.8052029999999917
21
-92.6899789999999939
0
LINE
8
BLACK
6
CONTINUOUS
10
94.8052029999999917
20
-92.6899789999999939
11
94.8809660000000008
21
-92.5765919999999909
0
LINE
8
BLACK
6
CONTINUOUS
10
94.8809660000000008
20
-92.5765919999999909
11
94.9865920000000017
21
-92.47096599999999
0
LINE
8
BLACK
6
CONTINUOUS
10
94.9865920000000017
20
-92.47096599999999
11
95.1107959999999935
21
-92.3879759999999948
0
LINE
8
BLACK
6
CONTINUOUS
10
95.1107959999999935
20
-92.3879759999999948
11
95.2488029999999952
21
-92.3308109999999971
0
LINE
8
BLACK
6
CONTINUOUS
10
95.2488029999999952
20
-92.3308109999999971
11
95.3953109999999924
21
-92.3016689999999898
0
LINE
8
BLACK
6
CONTINUOUS
10
95.3953109999999924
20
-92.3016689999999898
11
95.5446889999999911
21
-92.3016689999999898
0
LINE
8
BLACK
6
CONTINUOUS
10
95.5446889999999911
20
-92.3016689999999898
11
95.6911970000000025
21
-92.3308109999999971
0
LINE
8
BLACK
6
CONTINUOUS
10
85.9779209999999949
20
-75.7806009999999901
11
86.027362999999994
21
-75.8136369999999999
0
LINE
8
BLACK
6
CONTINUOUS
10
86.027362999999994
20
-75.8136369999999999
11
86.0603989999999897
21
-75.863078999999999
0
LINE
8
BLACK
6
CONTINUOUS
10
86.0603989999999897
20
-75.863078999999999
11
86.0720000000000027
21
-75.9213999999999913
0
LINE
8
BLACK
6
CONTINUOUS
10
86.0720000000000027
20
-75.9213999999999913
11
86.0720000000000027
21
-78.0485999999999933
0
LINE
8
BLACK
6
CONTINUOUS
10
86.0720000000000027
20
-78.0485999999999933
11
86.0603989999999897
21
-78.1069209999999998
0
LINE
8
BLACK
6
CONTINUOUS
10
86.0603989999999897
20
-78.1069209999999998
11
86.027362999999994
21
-78.1563629999999989
0
LINE
8
BLACK
6
CONTINUOUS
10
86.027362999999994
20
-78.1563629999999989
11
85.9779209999999949
21
-78.1893989999999945
0
LINE
8
BLACK
6
CONTINUOUS
10
85.9779209999999949
20
-78.1893989999999945
11
85.9747959999999978
21
-78.1900199999999899
0
LINE
8
BLACK
6
CONTINUOUS
10
85.9747959999999978
20
-78.1900199999999899
11
85.8990340000000003
21
-78.3034079999999904
0
LINE
8
BLACK
6
CONTINUOUS
10
85.8990340000000003
20
-78.3034079999999904
11
85.7934079999999994
21
-78.4090339999999912
0
LINE
8
BLACK
6
CONTINUOUS
10
85.7934079999999994
20
-78.4090339999999912
11
85.6692039999999935
21
-78.4920240000000007
0
LINE
8
BLACK
6
CONTINUOUS
10
85.6692039999999935
20
-78.4920240000000007
11
85.5311969999999917
21
-78.5491889999999984
0
LINE
8
BLACK
6
CONTINUOUS
10
85.5311969999999917
20
-78.5491889999999984
11
85.3846889999999945
21
-78.5783309999999915
0
LINE
8
BLACK
6
CONTINUOUS
10
85.3846889999999945
20
-78.5783309999999915
11
85.2353109999999958
21
-78.5783309999999915
0
LINE
8
BLACK
6
CONTINUOUS
10
85.2353109999999958
20
-78.5783309999999915
11
85.0888029999999986
21
-78.5491889999999984
0
LINE
8
BLACK
6
CONTINUOUS
10
85.0888029999999986
20
-78.5491889999999984
11
84.9507959999999969
21
-78.4920240000000007
0
LINE
8
BLACK
6
CONTINUOUS
10
84.9507959999999969
20
-78.4920240000000007
11
84.8265919999999909
21
-78.4090339999999912
0
LINE
8
BLACK
6
CONTINUOUS
10
84.8265919999999909
20
-78.4090339999999912
11
84.72096599999999
21
-78.3034079999999904
0
LINE
8
BLACK
6
CONTINUOUS
10
84.72096599999999
20
-78.3034079999999904
11
84.6452029999999951
21
-78.1900199999999899
0
LINE
8
BLACK
6
CONTINUOUS
10
84.6452029999999951
20
-78.1900199999999899
11
84.6420789999999954
21
-78.1893989999999945
0
LINE
8
BLACK
6
CONTINUOUS
10
84.6420789999999954
20
-78.1893989999999945
11
84.5926369999999963
21
-78.1563629999999989
0
LINE
8
BLACK
6
CONTINUOUS
10
84.5926369999999963
20
-78.1563629999999989
11
84.5596010000000007
21
-78.1069209999999998
0
LINE
8
BLACK
6
CONTINUOUS
10
84.5596010000000007
20
-78.1069209999999998
11
84.5480000000000018
21
-78.0485999999999933
0
LINE
8
BLACK
6
CONTINUOUS
10
84.5480000000000018
20
-78.0485999999999933
11
84.5480000000000018
21
-75.9213999999999913
0
LINE
8
BLACK
6
CONTINUOUS
10
84.5480000000000018
20
-75.9213999999999913
11
84.5596010000000007
21
-75.863078999999999
0
LINE
8
BLACK
6
CONTINUOUS
10
84.5596010000000007
20
-75.863078999999999
11
84.5926369999999963
21
-75.8136369999999999
0
LINE
8
BLACK
6
CONTINUOUS
10
84.5926369999999963
20
-75.8136369999999999
11
84.6420789999999954
21
-75.7806009999999901
0
LINE
8
BLACK
6
CONTINUOUS
10
84.6420789999999954
20
-75.7806009999999901
11
84.7004000000000019
21
-75.7689999999999912
0
LINE
8
BLACK
6
CONTINUOUS
10
84.7004000000000019
20
-75.7689999999999912
11
85.9196000000000026
21
-75.7689999999999912
0
LINE
8
BLACK
6
CONTINUOUS
10
85.9196000000000026
20
-75.7689999999999912
11
85.9779209999999949
21
-75.7806009999999901
0
LINE
8
BLACK
6
CONTINUOUS
10
88.5179210000000012
20
-75.7806009999999901
11
88.5673630000000003
21
-75.8136369999999999
0
LINE
8
BLACK
6
CONTINUOUS
10
88.5673630000000003
20
-75.8136369999999999
11
88.6003989999999959
21
-75.863078999999999
0
LINE
8
BLACK
6
CONTINUOUS
10
88.6003989999999959
20
-75.863078999999999
11
88.6119999999999948
21
-75.9213999999999913
0
LINE
8
BLACK
6
CONTINUOUS
10
88.6119999999999948
20
-75.9213999999999913
11
88.6119999999999948
21
-78.0485999999999933
0
LINE
8
BLACK
6
CONTINUOUS
10
88.6119999999999948
20
-78.0485999999999933
11
88.6003989999999959
21
-78.1069209999999998
0
LINE
8
BLACK
6
CONTINUOUS
10
88.6003989999999959
20
-78.1069209999999998
11
88.5673630000000003
21
-78.1563629999999989
0
LINE
8
BLACK
6
CONTINUOUS
10
88.5673630000000003
20
-78.1563629999999989
11
88.5179210000000012
21
-78.1893989999999945
0
LINE
8
BLACK
6
CONTINUOUS
10
88.5179210000000012
20
-78.1893989999999945
11
88.5147959999999898
21
-78.1900199999999899
0
LINE
8
BLACK
6
CONTINUOUS
10
88.5147959999999898
20
-78.1900199999999899
11
88.4390339999999924
21
-78.3034079999999904
0
LINE
8
BLACK
6
CONTINUOUS
10
88.4390339999999924
20
-78.3034079999999904
11
88.3334079999999915
21
-78.4090339999999912
0
LINE
8
BLACK
6
CONTINUOUS
10
88.3334079999999915
20
-78.4090339999999912
11
88.2092039999999997
21
-78.4920240000000007
0
LINE
8
BLACK
6
CONTINUOUS
10
88.2092039999999997
20
-78.4920240000000007
11
88.071196999999998
21
-78.5491889999999984
0
LINE
8
BLACK
6
CONTINUOUS
10
88.071196999999998
20
-78.5491889999999984
11
87.9246890000000008
21
-78.5783309999999915
0
LINE
8
BLACK
6
CONTINUOUS
10
87.9246890000000008
20
-78.5783309999999915
11
87.7753110000000021
21
-78.5783309999999915
0
LINE
8
BLACK
6
CONTINUOUS
10
87.7753110000000021
20
-78.5783309999999915
11
87.6288029999999907
21
-78.5491889999999984
0
LINE
8
BLACK
6
CONTINUOUS
10
87.6288029999999907
20
-78.5491889999999984
11
87.4907960000000031
21
-78.4920240000000007
0
LINE
8
BLACK
6
CONTINUOUS
10
87.4907960000000031
20
-78.4920240000000007
11
87.3665919999999971
21
-78.4090339999999912
0
LINE
8
BLACK
6
CONTINUOUS
10
87.3665919999999971
20
-78.4090339999999912
11
87.2609659999999963
21
-78.3034079999999904
0
LINE
8
BLACK
6
CONTINUOUS
10
87.2609659999999963
20
-78.3034079999999904
11
87.1852030000000013
21
-78.1900199999999899
0
LINE
8
BLACK
6
CONTINUOUS
10
87.1852030000000013
20
-78.1900199999999899
11
87.1820790000000017
21
-78.1893989999999945
0
LINE
8
BLACK
6
CONTINUOUS
10
87.1820790000000017
20
-78.1893989999999945
11
87.1326370000000026
21
-78.1563629999999989
0
LINE
8
BLACK
6
CONTINUOUS
10
87.1326370000000026
20
-78.1563629999999989
11
87.0996009999999927
21
-78.1069209999999998
0
LINE
8
BLACK
6
CONTINUOUS
10
87.0996009999999927
20
-78.1069209999999998
11
87.0879999999999939
21
-78.0485999999999933
0
LINE
8
BLACK
6
CONTINUOUS
10
87.0879999999999939
20
-78.0485999999999933
11
87.0879999999999939
21
-75.9213999999999913
0
LINE
8
BLACK
6
CONTINUOUS
10
87.0879999999999939
20
-75.9213999999999913
11
87.0996009999999927
21
-75.863078999999999
0
LINE
8
BLACK
6
CONTINUOUS
10
87.0996009999999927
20
-75.863078999999999
11
87.1326370000000026
21
-75.8136369999999999
0
LINE
8
BLACK
6
CONTINUOUS
10
87.1326370000000026
20
-75.8136369999999999
11
87.1820790000000017
21
-75.7806009999999901
0
LINE
8
BLACK
6
CONTINUOUS
10
87.1820790000000017
20
-75.7806009999999901
11
87.240399999999994
21
-75.7689999999999912
0
LINE
8
BLACK
6
CONTINUOUS
10
87.240399999999994
20
-75.7689999999999912
11
88.4595999999999947
21
-75.7689999999999912
0
LINE
8
BLACK
6
CONTINUOUS
10
88.4595999999999947
20
-75.7689999999999912
11
88.5179210000000012
21
-75.7806009999999901
0
LINE
8
BLACK
6
CONTINUOUS
10
91.0579209999999932
20
-75.7806009999999901
11
91.1073629999999923
21
-75.8136369999999999
0
LINE
8
BLACK
6
CONTINUOUS
10
91.1073629999999923
20
-75.8136369999999999
11
91.1403990000000022
21
-75.863078999999999
0
LINE
8
BLACK
6
CONTINUOUS
10
91.1403990000000022
20
-75.863078999999999
11
91.152000000000001
21
-75.9213999999999913
0
LINE
8
BLACK
6
CONTINUOUS
10
91.152000000000001
20
-75.9213999999999913
11
91.152000000000001
21
-78.0485999999999933
0
LINE
8
BLACK
6
CONTINUOUS
10
91.152000000000001
20
-78.0485999999999933
11
91.1403990000000022
21
-78.1069209999999998
0
LINE
8
BLACK
6
CONTINUOUS
10
91.1403990000000022
20
-78.1069209999999998
11
91.1073629999999923
21
-78.1563629999999989
0
LINE
8
BLACK
6
CONTINUOUS
10
91.1073629999999923
20
-78.1563629999999989
11
91.0579209999999932
21
-78.1893989999999945
0
LINE
8
BLACK
6
CONTINUOUS
10
91.0579209999999932
20
-78.1893989999999945
11
91.0547959999999961
21
-78.1900199999999899
0
LINE
8
BLACK
6
CONTINUOUS
10
91.0547959999999961
20
-78.1900199999999899
11
90.9790339999999986
21
-78.3034079999999904
0
LINE
8
BLACK
6
CONTINUOUS
10
90.9790339999999986
20
-78.3034079999999904
11
90.8734079999999977
21
-78.4090339999999912
0
LINE
8
BLACK
6
CONTINUOUS
10
90.8734079999999977
20
-78.4090339999999912
11
90.7492039999999918
21
-78.4920240000000007
0
LINE
8
BLACK
6
CONTINUOUS
10
90.7492039999999918
20
-78.4920240000000007
11
90.61119699999999
21
-78.5491889999999984
0
LINE
8
BLACK
6
CONTINUOUS
10
90.61119699999999
20
-78.5491889999999984
11
90.4646889999999928
21
-78.5783309999999915
0
LINE
8
BLACK
6
CONTINUOUS
10
90.4646889999999928
20
-78.5783309999999915
11
90.3153109999999941
21
-78.5783309999999915
0
LINE
8
BLACK
6
CONTINUOUS
10
90.3153109999999941
20
-78.5783309999999915
11
90.1688029999999969
21
-78.5491889999999984
0
LINE
8
BLACK
6
CONTINUOUS
10
90.1688029999999969
20
-78.5491889999999984
11
90.0307959999999952
21
-78.4920240000000007
0
LINE
8
BLACK
6
CONTINUOUS
10
90.0307959999999952
20
-78.4920240000000007
11
89.9065919999999892
21
-78.4090339999999912
0
LINE
8
BLACK
6
CONTINUOUS
10
89.9065919999999892
20
-78.4090339999999912
11
89.8009660000000025
21
-78.3034079999999904
0
LINE
8
BLACK
6
CONTINUOUS
10
89.8009660000000025
20
-78.3034079999999904
11
89.7252029999999934
21
-78.1900199999999899
0
LINE
8
BLACK
6
CONTINUOUS
10
89.7252029999999934
20
-78.1900199999999899
11
89.7220789999999937
21
-78.1893989999999945
0
LINE
8
BLACK
6
CONTINUOUS
10
89.7220789999999937
20
-78.1893989999999945
11
89.6726369999999946
21
-78.1563629999999989
0
LINE
8
BLACK
6
CONTINUOUS
10
89.6726369999999946
20
-78.1563629999999989
11
89.639600999999999
21
-78.1069209999999998
0
LINE
8
BLACK
6
CONTINUOUS
10
89.639600999999999
20
-78.1069209999999998
11
89.6280000000000001
21
-78.0485999999999933
0
LINE
8
BLACK
6
CONTINUOUS
10
89.6280000000000001
20
-78.0485999999999933
11
89.6280000000000001
21
-75.9213999999999913
0
LINE
8
BLACK
6
CONTINUOUS
10
89.6280000000000001
20
-75.9213999999999913
11
89.639600999999999
21
-75.863078999999999
0
LINE
8
BLACK
6
CONTINUOUS
10
89.639600999999999
20
-75.863078999999999
11
89.6726369999999946
21
-75.8136369999999999
0
LINE
8
BLACK
6
CONTINUOUS
10
89.6726369999999946
20
-75.8136369999999999
11
89.7220789999999937
21
-75.7806009999999901
0
LINE
8
BLACK
6
CONTINUOUS
10
89.7220789999999937
20
-75.7806009999999901
11
89.7804000000000002
21
-75.7689999999999912
0
LINE
8
BLACK
6
CONTINUOUS
10
89.7804000000000002
20
-75.7689999999999912
11
90.9996000000000009
21
-75.7689999999999912
0
LINE
8
BLACK
6
CONTINUOUS
10
90.9996000000000009
20
-75.7689999999999912
11
91.0579209999999932
21
-75.7806009999999901
0
LINE
8
BLACK
6
CONTINUOUS
10
88.345247999999998
20
-57.0442769999999939
11
88.3452630000000028
21
-57.0442769999999939
0
LINE
8
BLACK
6
CONTINUOUS
10
88.3452630000000028
20
-57.0442769999999939
11
88.4713419999999928
21
-57.0780600000000007
0
LINE
8
BLACK
6
CONTINUOUS
10
88.4713419999999928
20
-57.0780600000000007
11
88.5843809999999934
21
-57.1433229999999952
0
LINE
8
BLACK
6
CONTINUOUS
10
88.5843809999999934
20
-57.1433229999999952
11
88.5843959999999981
21
-57.143338
0
LINE
8
BLACK
6
CONTINUOUS
10
88.5843959999999981
20
-57.143338
11
88.633552999999992
21
-57.186446999999994
0
LINE
8
BLACK
6
CONTINUOUS
10
88.633552999999992
20
-57.186446999999994
11
95.3571069999999992
21
-63.9099999999999966
0
LINE
8
BLACK
6
CONTINUOUS
10
95.3571069999999992
20
-63.9099999999999966
11
96.0313209999999913
21
-63.9099999999999966
0
LINE
8
BLACK
6
CONTINUOUS
10
96.0313209999999913
20
-63.9099999999999966
11
96.0965690000000023
21
-63.9142769999999985
0
LINE
8
BLACK
6
CONTINUOUS
10
96.0965690000000023
20
-63.9142769999999985
11
96.0965839999999929
21
-63.9142769999999985
0
LINE
8
BLACK
6
CONTINUOUS
10
96.0965839999999929
20
-63.9142769999999985
11
96.2226629999999972
21
-63.9480599999999981
0
LINE
8
BLACK
6
CONTINUOUS
10
96.2226629999999972
20
-63.9480599999999981
11
96.3357019999999977
21
-64.0133229999999998
0
LINE
8
BLACK
6
CONTINUOUS
10
96.3357019999999977
20
-64.0133229999999998
11
96.3357170000000025
21
-64.0133379999999903
0
LINE
8
BLACK
6
CONTINUOUS
10
96.3357170000000025
20
-64.0133379999999903
11
96.3848739999999964
21
-64.0564469999999915
0
LINE
8
BLACK
6
CONTINUOUS
10
96.3848739999999964
20
-64.0564469999999915
11
96.5384269999999987
21
-64.2099999999999937
0
LINE
8
BLACK
6
CONTINUOUS
10
96.5384269999999987
20
-64.2099999999999937
11
96.8215730000000008
21
-64.2099999999999937
0
LINE
8
BLACK
6
CONTINUOUS
10
96.8215730000000008
20
-64.2099999999999937
11
96.9751259999999888
21
-64.0564469999999915
0
LINE
8
BLACK
6
CONTINUOUS
10
96.9751259999999888
20
-64.0564469999999915
11
97.024288999999996
21
-64.0133309999999938
0
LINE
8
BLACK
6
CONTINUOUS
10
97.024288999999996
20
-64.0133309999999938
11
97.0242980000000017
21
-64.0133229999999998
0
LINE
8
BLACK
6
CONTINUOUS
10
97.0242980000000017
20
-64.0133229999999998
11
97.1373370000000023
21
-63.9480599999999981
0
LINE
8
BLACK
6
CONTINUOUS
10
97.1373370000000023
20
-63.9480599999999981
11
97.2634159999999923
21
-63.9142769999999985
0
LINE
8
BLACK
6
CONTINUOUS
10
97.2634159999999923
20
-63.9142769999999985
11
97.2634309999999971
21
-63.9142769999999985
0
LINE
8
BLACK
6
CONTINUOUS
10
97.2634309999999971
20
-63.9142769999999985
11
97.3286789999999939
21
-63.9099999999999966
0
LINE
8
BLACK
6
CONTINUOUS
10
97.3286789999999939
20
-63.9099999999999966
11
98.5713209999999975
21
-63.9099999999999966
0
LINE
8
BLACK
6
CONTINUOUS
10
98.5713209999999975
20
-63.9099999999999966
11
98.6365689999999944
21
-63.9142769999999985
0
LINE
8
BLACK
6
CONTINUOUS
10
98.6365689999999944
20
-63.9142769999999985
11
98.6365839999999992
21
-63.9142769999999985
0
LINE
8
BLACK
6
CONTINUOUS
10
98.6365839999999992
20
-63.9142769999999985
11
98.7626629999999892
21
-63.9480599999999981
0
LINE
8
BLACK
6
CONTINUOUS
10
98.7626629999999892
20
-63.9480599999999981
11
98.8757019999999898
21
-64.0133229999999998
0
LINE
8
BLACK
6
CONTINUOUS
10
98.8757019999999898
20
-64.0133229999999998
11
98.8757169999999945
21
-64.0133379999999903
0
LINE
8
BLACK
6
CONTINUOUS
10
98.8757169999999945
20
-64.0133379999999903
11
98.9248739999999884
21
-64.0564469999999915
0
LINE
8
BLACK
6
CONTINUOUS
10
98.9248739999999884
20
-64.0564469999999915
11
99.8035539999999912
21
-64.9351259999999968
0
LINE
8
BLACK
6
CONTINUOUS
10
99.8035539999999912
20
-64.9351259999999968
11
99.8466609999999974
21
-64.9842819999999932
0
LINE
8
BLACK
6
CONTINUOUS
10
99.8466609999999974
20
-64.9842819999999932
11
99.8466769999999997
21
-64.9842979999999955
0
LINE
8
BLACK
6
CONTINUOUS
10
99.8466769999999997
20
-64.9842979999999955
11
99.9119400000000013
21
-65.097336999999996
0
LINE
8
BLACK
6
CONTINUOUS
10
99.9119400000000013
20
-65.097336999999996
11
99.9165809999999937
21
-65.1146579999999915
0
LINE
8
BLACK
6
CONTINUOUS
10
99.9165809999999937
20
-65.1146579999999915
11
99.9399999999999977
21
-65.1099999999999994
0
LINE
8
BLACK
6
CONTINUOUS
10
99.9399999999999977
20
-65.1099999999999994
11
101.039999999999992
21
-65.1099999999999994
0
LINE
8
BLACK
6
CONTINUOUS
10
101.039999999999992
20
-65.1099999999999994
11
101.1356710000000021
21
-65.1290300000000002
0
LINE
8
BLACK
6
CONTINUOUS
10
101.1356710000000021
20
-65.1290300000000002
11
101.2167769999999933
21
-65.1832229999999981
0
LINE
8
BLACK
6
CONTINUOUS
10
101.2167769999999933
20
-65.1832229999999981
11
101.2709699999999913
21
-65.2643290000000036
0
LINE
8
BLACK
6
CONTINUOUS
10
101.2709699999999913
20
-65.2643290000000036
11
101.289999999999992
21
-65.3599999999999994
0
LINE
8
BLACK
6
CONTINUOUS
10
101.289999999999992
20
-65.3599999999999994
11
101.289999999999992
21
-66.4599999999999937
0
LINE
8
BLACK
6
CONTINUOUS
10
101.289999999999992
20
-66.4599999999999937
11
101.2709699999999913
21
-66.5556710000000038
0
LINE
8
BLACK
6
CONTINUOUS
10
101.2709699999999913
20
-66.5556710000000038
11
101.2167769999999933
21
-66.636776999999995
0
LINE
8
BLACK
6
CONTINUOUS
10
101.2167769999999933
20
-66.636776999999995
11
101.1356710000000021
21
-66.690969999999993
0
LINE
8
BLACK
6
CONTINUOUS
10
101.1356710000000021
20
-66.690969999999993
11
101.039999999999992
21
-66.7099999999999937
0
LINE
8
BLACK
6
CONTINUOUS
10
101.039999999999992
20
-66.7099999999999937
11
99.9399999999999977
21
-66.7099999999999937
0
LINE
8
BLACK
6
CONTINUOUS
10
99.9399999999999977
20
-66.7099999999999937
11
99.8443290000000019
21
-66.690969999999993
0
LINE
8
BLACK
6
CONTINUOUS
10
99.8443290000000019
20
-66.690969999999993
11
99.7632229999999964
21
-66.636776999999995
0
LINE
8
BLACK
6
CONTINUOUS
10
99.7632229999999964
20
-66.636776999999995
11
99.7090299999999985
21
-66.5556710000000038
0
LINE
8
BLACK
6
CONTINUOUS
10
99.7090299999999985
20
-66.5556710000000038
11
99.6899999999999977
21
-66.4599999999999937
0
LINE
8
BLACK
6
CONTINUOUS
10
99.6899999999999977
20
-66.4599999999999937
11
99.6899999999999977
21
-66.4099999999999966
0
LINE
8
BLACK
6
CONTINUOUS
10
99.6899999999999977
20
-66.4099999999999966
11
99.4499999999999886
21
-66.4099999999999966
0
LINE
8
BLACK
6
CONTINUOUS
10
99.4499999999999886
20
-66.4099999999999966
11
99.3847370000000012
21
-66.4057219999999973
0
LINE
8
BLACK
6
CONTINUOUS
10
99.3847370000000012
20
-66.4057219999999973
11
99.2586579999999969
21
-66.3719399999999951
0
LINE
8
BLACK
6
CONTINUOUS
10
99.2586579999999969
20
-66.3719399999999951
11
99.1456189999999964
21
-66.3066769999999934
0
LINE
8
BLACK
6
CONTINUOUS
10
99.1456189999999964
20
-66.3066769999999934
11
99.0533229999999918
21
-66.214381000000003
0
LINE
8
BLACK
6
CONTINUOUS
10
99.0533229999999918
20
-66.214381000000003
11
98.9880599999999902
21
-66.1013420000000025
0
LINE
8
BLACK
6
CONTINUOUS
10
98.9880599999999902
20
-66.1013420000000025
11
98.9542780000000022
21
-65.9752629999999982
0
LINE
8
BLACK
6
CONTINUOUS
10
98.9542780000000022
20
-65.9752629999999982
11
98.9499999999999886
21
-65.9099999999999966
0
LINE
8
BLACK
6
CONTINUOUS
10
98.9499999999999886
20
-65.9099999999999966
11
98.9499999999999886
21
-65.4957849999999979
0
LINE
8
BLACK
6
CONTINUOUS
10
98.9499999999999886
20
-65.4957849999999979
11
98.3642150000000015
21
-64.9099999999999966
0
LINE
8
BLACK
6
CONTINUOUS
10
98.3642150000000015
20
-64.9099999999999966
11
97.53578499999999
21
-64.9099999999999966
0
LINE
8
BLACK
6
CONTINUOUS
10
97.53578499999999
20
-64.9099999999999966
11
97.3822320000000019
21
-65.0635529999999989
0
LINE
8
BLACK
6
CONTINUOUS
10
97.3822320000000019
20
-65.0635529999999989
11
97.3330749999999938
21
-65.1066610000000026
0
LINE
8
BLACK
6
CONTINUOUS
10
97.3330749999999938
20
-65.1066610000000026
11
97.333059999999989
21
-65.1066769999999906
0
LINE
8
BLACK
6
CONTINUOUS
10
97.333059999999989
20
-65.1066769999999906
11
97.2200210000000027
21
-65.1719399999999922
0
LINE
8
BLACK
6
CONTINUOUS
10
97.2200210000000027
20
-65.1719399999999922
11
97.0939419999999984
21
-65.2057229999999919
0
LINE
8
BLACK
6
CONTINUOUS
10
97.0939419999999984
20
-65.2057229999999919
11
97.0939269999999937
21
-65.2057229999999919
0
LINE
8
BLACK
6
CONTINUOUS
10
97.0939269999999937
20
-65.2057229999999919
11
97.0286789999999968
21
-65.2099999999999937
0
LINE
8
BLACK
6
CONTINUOUS
10
97.0286789999999968
20
-65.2099999999999937
11
96.3313210000000026
21
-65.2099999999999937
0
LINE
8
BLACK
6
CONTINUOUS
10
96.3313210000000026
20
-65.2099999999999937
11
96.2660729999999916
21
-65.2057229999999919
0
LINE
8
BLACK
6
CONTINUOUS
10
96.2660729999999916
20
-65.2057229999999919
11
96.266058000000001
21
-65.2057229999999919
0
LINE
8
BLACK
6
CONTINUOUS
10
96.266058000000001
20
-65.2057229999999919
11
96.1399789999999967
21
-65.1719399999999922
0
LINE
8
BLACK
6
CONTINUOUS
10
96.1399789999999967
20
-65.1719399999999922
11
96.1035559999999975
21
-65.1509109999999936
0
LINE
8
BLACK
6
CONTINUOUS
10
96.1035559999999975
20
-65.1509109999999936
11
96.0269399999999962
21
-65.1066769999999906
0
LINE
8
BLACK
6
CONTINUOUS
10
96.0269399999999962
20
-65.1066769999999906
11
96.0269309999999905
21
-65.1066679999999991
0
LINE
8
BLACK
6
CONTINUOUS
10
96.0269309999999905
20
-65.1066679999999991
11
95.9777679999999975
21
-65.0635529999999989
0
LINE
8
BLACK
6
CONTINUOUS
10
95.9777679999999975
20
-65.0635529999999989
11
95.8242149999999953
21
-64.9099999999999966
0
LINE
8
BLACK
6
CONTINUOUS
10
95.8242149999999953
20
-64.9099999999999966
11
95.1499999999999915
21
-64.9099999999999966
0
LINE
8
BLACK
6
CONTINUOUS
10
95.1499999999999915
20
-64.9099999999999966
11
95.0847519999999946
21
-64.9057229999999947
0
LINE
8
BLACK
6
CONTINUOUS
10
95.0847519999999946
20
-64.9057229999999947
11
95.0847369999999898
21
-64.9057229999999947
0
LINE
8
BLACK
6
CONTINUOUS
10
95.0847369999999898
20
-64.9057229999999947
11
94.9586579999999998
21
-64.8719399999999951
0
LINE
8
BLACK
6
CONTINUOUS
10
94.9586579999999998
20
-64.8719399999999951
11
94.8456189999999992
21
-64.8066769999999934
0
LINE
8
BLACK
6
CONTINUOUS
10
94.8456189999999992
20
-64.8066769999999934
11
94.8456099999999935
21
-64.8066680000000019
0
LINE
8
BLACK
6
CONTINUOUS
10
94.8456099999999935
20
-64.8066680000000019
11
94.7964459999999889
21
-64.7635530000000017
0
LINE
8
BLACK
6
CONTINUOUS
10
94.7964459999999889
20
-64.7635530000000017
11
88.0728939999999909
21
-58.0399999999999991
0
LINE
8
BLACK
6
CONTINUOUS
10
88.0728939999999909
20
-58.0399999999999991
11
85.7300510000000031
21
-58.0399999999999991
0
LINE
8
BLACK
6
CONTINUOUS
10
85.7300510000000031
20
-58.0399999999999991
11
83.0499999999999972
21
-60.7200500000000005
0
LINE
8
BLACK
6
CONTINUOUS
10
83.0499999999999972
20
-60.7200500000000005
11
83.0499999999999972
21
-72.744214999999997
0
LINE
8
BLACK
6
CONTINUOUS
10
83.0499999999999972
20
-72.744214999999997
11
84.8357850000000013
21
-74.5300000000000011
0
LINE
8
BLACK
6
CONTINUOUS
10
84.8357850000000013
20
-74.5300000000000011
11
91.3178979999999996
21
-74.5300000000000011
0
LINE
8
BLACK
6
CONTINUOUS
10
91.3178979999999996
20
-74.5300000000000011
11
91.3831459999999964
21
-74.534277000000003
0
LINE
8
BLACK
6
CONTINUOUS
10
91.3831459999999964
20
-74.534277000000003
11
91.3831610000000012
21
-74.534277000000003
0
LINE
8
BLACK
6
CONTINUOUS
10
91.3831610000000012
20
-74.534277000000003
11
91.5092399999999913
21
-74.5680600000000027
0
LINE
8
BLACK
6
CONTINUOUS
10
91.5092399999999913
20
-74.5680600000000027
11
91.6222789999999918
21
-74.6333229999999901
0
LINE
8
BLACK
6
CONTINUOUS
10
91.6222789999999918
20
-74.6333229999999901
11
91.6222939999999966
21
-74.6333379999999948
0
LINE
8
BLACK
6
CONTINUOUS
10
91.6222939999999966
20
-74.6333379999999948
11
91.6714509999999905
21
-74.676446999999996
0
LINE
8
BLACK
6
CONTINUOUS
10
91.6714509999999905
20
-74.676446999999996
11
92.7640049999999974
21
-75.7689999999999912
0
LINE
8
BLACK
6
CONTINUOUS
10
92.7640049999999974
20
-75.7689999999999912
11
93.539599999999993
21
-75.7689999999999912
0
LINE
8
BLACK
6
CONTINUOUS
10
93.539599999999993
20
-75.7689999999999912
11
93.5979209999999995
21
-75.7806009999999901
0
LINE
8
BLACK
6
CONTINUOUS
10
93.5979209999999995
20
-75.7806009999999901
11
93.6473629999999986
21
-75.8136369999999999
0
LINE
8
BLACK
6
CONTINUOUS
10
93.6473629999999986
20
-75.8136369999999999
11
93.6803989999999942
21
-75.863078999999999
0
LINE
8
BLACK
6
CONTINUOUS
10
93.6803989999999942
20
-75.863078999999999
11
93.6919999999999931
21
-75.9213999999999913
0
LINE
8
BLACK
6
CONTINUOUS
10
93.6919999999999931
20
-75.9213999999999913
11
93.6919999999999931
21
-78.0485999999999933
0
LINE
8
BLACK
6
CONTINUOUS
10
93.6919999999999931
20
-78.0485999999999933
11
93.6803989999999942
21
-78.1069209999999998
0
LINE
8
BLACK
6
CONTINUOUS
10
93.6803989999999942
20
-78.1069209999999998
11
93.6473629999999986
21
-78.1563629999999989
0
LINE
8
BLACK
6
CONTINUOUS
10
93.6473629999999986
20
-78.1563629999999989
11
93.5979209999999995
21
-78.1893989999999945
0
LINE
8
BLACK
6
CONTINUOUS
10
93.5979209999999995
20
-78.1893989999999945
11
93.5947960000000023
21
-78.1900199999999899
0
LINE
8
BLACK
6
CONTINUOUS
10
93.5947960000000023
20
-78.1900199999999899
11
93.5190339999999907
21
-78.3034079999999904
0
LINE
8
BLACK
6
CONTINUOUS
10
93.5190339999999907
20
-78.3034079999999904
11
93.4134079999999898
21
-78.4090339999999912
0
LINE
8
BLACK
6
CONTINUOUS
10
93.4134079999999898
20
-78.4090339999999912
11
93.289203999999998
21
-78.4920240000000007
0
LINE
8
BLACK
6
CONTINUOUS
10
93.289203999999998
20
-78.4920240000000007
11
93.1511969999999963
21
-78.5491889999999984
0
LINE
8
BLACK
6
CONTINUOUS
10
93.1511969999999963
20
-78.5491889999999984
11
93.0046889999999991
21
-78.5783309999999915
0
LINE
8
BLACK
6
CONTINUOUS
10
93.0046889999999991
20
-78.5783309999999915
11
92.8553110000000004
21
-78.5783309999999915
0
LINE
8
BLACK
6
CONTINUOUS
10
92.8553110000000004
20
-78.5783309999999915
11
92.708802999999989
21
-78.5491889999999984
0
LINE
8
BLACK
6
CONTINUOUS
10
92.708802999999989
20
-78.5491889999999984
11
92.5707960000000014
21
-78.4920240000000007
0
LINE
8
BLACK
6
CONTINUOUS
10
92.5707960000000014
20
-78.4920240000000007
11
92.4465919999999954
21
-78.4090339999999912
0
LINE
8
BLACK
6
CONTINUOUS
10
92.4465919999999954
20
-78.4090339999999912
11
92.3409659999999946
21
-78.3034079999999904
0
LINE
8
BLACK
6
CONTINUOUS
10
92.3409659999999946
20
-78.3034079999999904
11
92.2652029999999996
21
-78.1900199999999899
0
LINE
8
BLACK
6
CONTINUOUS
10
92.2652029999999996
20
-78.1900199999999899
11
92.262079
21
-78.1893989999999945
0
LINE
8
BLACK
6
CONTINUOUS
10
92.262079
20
-78.1893989999999945
11
92.2126370000000009
21
-78.1563629999999989
0
LINE
8
BLACK
6
CONTINUOUS
10
92.2126370000000009
20
-78.1563629999999989
11
92.179600999999991
21
-78.1069209999999998
0
LINE
8
BLACK
6
CONTINUOUS
10
92.179600999999991
20
-78.1069209999999998
11
92.1679999999999922
21
-78.0485999999999933
0
LINE
8
BLACK
6
CONTINUOUS
10
92.1679999999999922
20
-78.0485999999999933
11
92.1679999999999922
21
-76.5872079999999897
0
LINE
8
BLACK
6
CONTINUOUS
10
92.1679999999999922
20
-76.5872079999999897
11
91.1107919999999893
21
-75.5300000000000011
0
LINE
8
BLACK
6
CONTINUOUS
10
91.1107919999999893
20
-75.5300000000000011
11
84.6286789999999911
21
-75.5300000000000011
0
LINE
8
BLACK
6
CONTINUOUS
10
84.6286789999999911
20
-75.5300000000000011
11
84.5634309999999942
21
-75.5257229999999993
0
LINE
8
BLACK
6
CONTINUOUS
10
84.5634309999999942
20
-75.5257229999999993
11
84.5634159999999895
21
-75.5257229999999993
0
LINE
8
BLACK
6
CONTINUOUS
10
84.5634159999999895
20
-75.5257229999999993
11
84.4373369999999994
21
-75.4919399999999996
0
LINE
8
BLACK
6
CONTINUOUS
10
84.4373369999999994
20
-75.4919399999999996
11
84.3242979999999989
21
-75.426676999999998
0
LINE
8
BLACK
6
CONTINUOUS
10
84.3242979999999989
20
-75.426676999999998
11
84.3242889999999932
21
-75.4266679999999923
0
LINE
8
BLACK
6
CONTINUOUS
10
84.3242889999999932
20
-75.4266679999999923
11
84.2751260000000002
21
-75.383552999999992
0
LINE
8
BLACK
6
CONTINUOUS
10
84.2751260000000002
20
-75.383552999999992
11
82.196446999999992
21
-73.3048739999999981
0
LINE
8
BLACK
6
CONTINUOUS
10
82.196446999999992
20
-73.3048739999999981
11
82.1533379999999909
21
-73.25571699999999
0
LINE
8
BLACK
6
CONTINUOUS
10
82.1533379999999909
20
-73.25571699999999
11
82.1533230000000003
21
-73.2557019999999994
0
LINE
8
BLACK
6
CONTINUOUS
10
82.1533230000000003
20
-73.2557019999999994
11
82.0880599999999987
21
-73.1426629999999989
0
LINE
8
BLACK
6
CONTINUOUS
10
82.0880599999999987
20
-73.1426629999999989
11
82.0846669999999961
21
-73.1299999999999955
0
LINE
8
BLACK
6
CONTINUOUS
10
82.0846669999999961
20
-73.1299999999999955
11
82.054276999999999
21
-73.0165839999999946
0
LINE
8
BLACK
6
CONTINUOUS
10
82.054276999999999
20
-73.0165839999999946
11
82.054276999999999
21
-73.0165679999999924
0
LINE
8
BLACK
6
CONTINUOUS
10
82.054276999999999
20
-73.0165679999999924
11
82.0499999999999972
21
-72.951320999999993
0
LINE
8
BLACK
6
CONTINUOUS
10
82.0499999999999972
20
-72.951320999999993
11
82.0499999999999972
21
-60.5129439999999974
0
LINE
8
BLACK
6
CONTINUOUS
10
82.0499999999999972
20
-60.5129439999999974
11
82.054276999999999
21
-60.4476960000000005
0
LINE
8
BLACK
6
CONTINUOUS
10
82.054276999999999
20
-60.4476960000000005
11
82.054276999999999
21
-60.4476809999999958
0
LINE
8
BLACK
6
CONTINUOUS
10
82.054276999999999
20
-60.4476809999999958
11
82.0880599999999987
21
-60.3216019999999986
0
LINE
8
BLACK
6
CONTINUOUS
10
82.0880599999999987
20
-60.3216019999999986
11
82.0899009999999976
21
-60.3184139999999971
0
LINE
8
BLACK
6
CONTINUOUS
10
82.0899009999999976
20
-60.3184139999999971
11
82.1533230000000003
21
-60.2085629999999981
0
LINE
8
BLACK
6
CONTINUOUS
10
82.1533230000000003
20
-60.2085629999999981
11
82.1533379999999909
21
-60.2085469999999958
0
LINE
8
BLACK
6
CONTINUOUS
10
82.1533379999999909
20
-60.2085469999999958
11
82.196446999999992
21
-60.1593909999999994
0
LINE
8
BLACK
6
CONTINUOUS
10
82.196446999999992
20
-60.1593909999999994
11
85.1693909999999903
21
-57.1864459999999966
0
LINE
8
BLACK
6
CONTINUOUS
10
85.1693909999999903
20
-57.1864459999999966
11
85.2185470000000009
21
-57.143338
0
LINE
8
BLACK
6
CONTINUOUS
10
85.2185470000000009
20
-57.143338
11
85.2185630000000032
21
-57.1433229999999952
0
LINE
8
BLACK
6
CONTINUOUS
10
85.2185630000000032
20
-57.1433229999999952
11
85.3316019999999895
21
-57.0780600000000007
0
LINE
8
BLACK
6
CONTINUOUS
10
85.3316019999999895
20
-57.0780600000000007
11
85.3582449999999966
21
-57.0709199999999939
0
LINE
8
BLACK
6
CONTINUOUS
10
85.3582449999999966
20
-57.0709199999999939
11
85.4576809999999938
21
-57.0442769999999939
0
LINE
8
BLACK
6
CONTINUOUS
10
85.4576809999999938
20
-57.0442769999999939
11
85.4576959999999985
21
-57.0442769999999939
0
LINE
8
BLACK
6
CONTINUOUS
10
85.4576959999999985
20
-57.0442769999999939
11
85.5229439999999954
21
-57.0399999999999991
0
LINE
8
BLACK
6
CONTINUOUS
10
85.5229439999999954
20
-57.0399999999999991
11
88.2800000000000011
21
-57.0399999999999991
0
LINE
8
BLACK
6
CONTINUOUS
10
88.2800000000000011
20
-57.0399999999999991
11
88.345247999999998
21
-57.0442769999999939
0
LINE
8
BLACK
6
CONTINUOUS
10
98.1822279999999949
20
-72.7644480000000016
11
98.3271170000000012
21
-72.8244629999999944
0
LINE
8
BLACK
6
CONTINUOUS
10
98.3271170000000012
20
-72.8244629999999944
11
98.4575150000000008
21
-72.9115919999999988
0
LINE
8
BLACK
6
CONTINUOUS
10
98.4575150000000008
20
-72.9115919999999988
11
98.5684079999999909
21
-73.0224850000000032
0
LINE
8
BLACK
6
CONTINUOUS
10
98.5684079999999909
20
-73.0224850000000032
11
98.6555369999999954
21
-73.1528830000000028
0
LINE
8
BLACK
6
CONTINUOUS
10
98.6555369999999954
20
-73.1528830000000028
11
98.7155520000000024
21
-73.2977719999999948
0
LINE
8
BLACK
6
CONTINUOUS
10
98.7155520000000024
20
-73.2977719999999948
11
98.7461479999999909
21
-73.4515859999999918
0
LINE
8
BLACK
6
CONTINUOUS
10
98.7461479999999909
20
-73.4515859999999918
11
98.7461479999999909
21
-73.6084139999999962
0
LINE
8
BLACK
6
CONTINUOUS
10
98.7461479999999909
20
-73.6084139999999962
11
98.7155520000000024
21
-73.7622279999999932
0
LINE
8
BLACK
6
CONTINUOUS
10
98.7155520000000024
20
-73.7622279999999932
11
98.6555369999999954
21
-73.9071169999999995
0
LINE
8
BLACK
6
CONTINUOUS
10
98.6555369999999954
20
-73.9071169999999995
11
98.5684079999999909
21
-74.0375149999999991
0
LINE
8
BLACK
6
CONTINUOUS
10
98.5684079999999909
20
-74.0375149999999991
11
98.4575150000000008
21
-74.1484080000000034
0
LINE
8
BLACK
6
CONTINUOUS
10
98.4575150000000008
20
-74.1484080000000034
11
98.3271170000000012
21
-74.2355369999999937
0
LINE
8
BLACK
6
CONTINUOUS
10
98.3271170000000012
20
-74.2355369999999937
11
98.1822279999999949
21
-74.2955520000000007
0
LINE
8
BLACK
6
CONTINUOUS
10
98.1822279999999949
20
-74.2955520000000007
11
98.0284139999999979
21
-74.3261480000000034
0
LINE
8
BLACK
6
CONTINUOUS
10
98.0284139999999979
20
-74.3261480000000034
11
97.8715859999999935
21
-74.3261480000000034
0
LINE
8
BLACK
6
CONTINUOUS
10
97.8715859999999935
20
-74.3261480000000034
11
97.8627219999999909
21
-74.3243839999999949
0
LINE
8
BLACK
6
CONTINUOUS
10
97.8627219999999909
20
-74.3243839999999949
11
96.2319999999999993
21
-75.9551060000000007
0
LINE
8
BLACK
6
CONTINUOUS
10
96.2319999999999993
20
-75.9551060000000007
11
96.2319999999999993
21
-78.0485999999999933
0
LINE
8
BLACK
6
CONTINUOUS
10
96.2319999999999993
20
-78.0485999999999933
11
96.2203990000000005
21
-78.1069209999999998
0
LINE
8
BLACK
6
CONTINUOUS
10
96.2203990000000005
20
-78.1069209999999998
11
96.1873629999999906
21
-78.1563629999999989
0
LINE
8
BLACK
6
CONTINUOUS
10
96.1873629999999906
20
-78.1563629999999989
11
96.1379209999999915
21
-78.1893989999999945
0
LINE
8
BLACK
6
CONTINUOUS
10
96.1379209999999915
20
-78.1893989999999945
11
96.1347959999999944
21
-78.1900199999999899
0
LINE
8
BLACK
6
CONTINUOUS
10
96.1347959999999944
20
-78.1900199999999899
11
96.0590339999999969
21
-78.3034079999999904
0
LINE
8
BLACK
6
CONTINUOUS
10
96.0590339999999969
20
-78.3034079999999904
11
95.953407999999996
21
-78.4090339999999912
0
LINE
8
BLACK
6
CONTINUOUS
10
95.953407999999996
20
-78.4090339999999912
11
95.8292039999999901
21
-78.4920240000000007
0
LINE
8
BLACK
6
CONTINUOUS
10
95.8292039999999901
20
-78.4920240000000007
11
95.6911970000000025
21
-78.5491889999999984
0
LINE
8
BLACK
6
CONTINUOUS
10
95.6911970000000025
20
-78.5491889999999984
11
95.5446889999999911
21
-78.5783309999999915
0
LINE
8
BLACK
6
CONTINUOUS
10
95.5446889999999911
20
-78.5783309999999915
11
95.3953109999999924
21
-78.5783309999999915
0
LINE
8
BLACK
6
CONTINUOUS
10
95.3953109999999924
20
-78.5783309999999915
11
95.2488029999999952
21
-78.5491889999999984
0
LINE
8
BLACK
6
CONTINUOUS
10
95.2488029999999952
20
-78.5491889999999984
11
95.1107959999999935
21
-78.4920240000000007
0
LINE
8
BLACK
6
CONTINUOUS
10
95.1107959999999935
20
-78.4920240000000007
11
94.9865920000000017
21
-78.4090339999999912
0
LINE
8
BLACK
6
CONTINUOUS
10
94.9865920000000017
20
-78.4090339999999912
11
94.8809660000000008
21
-78.3034079999999904
0
LINE
8
BLACK
6
CONTINUOUS
10
94.8809660000000008
20
-78.3034079999999904
11
94.8052029999999917
21
-78.1900199999999899
0
LINE
8
BLACK
6
CONTINUOUS
10
94.8052029999999917
20
-78.1900199999999899
11
94.802078999999992
21
-78.1893989999999945
0
LINE
8
BLACK
6
CONTINUOUS
10
94.802078999999992
20
-78.1893989999999945
11
94.7526369999999929
21
-78.1563629999999989
0
LINE
8
BLACK
6
CONTINUOUS
10
94.7526369999999929
20
-78.1563629999999989
11
94.7196009999999973
21
-78.1069209999999998
0
LINE
8
BLACK
6
CONTINUOUS
10
94.7196009999999973
20
-78.1069209999999998
11
94.7079999999999984
21
-78.0485999999999933
0
LINE
8
BLACK
6
CONTINUOUS
10
94.7079999999999984
20
-78.0485999999999933
11
94.7079999999999984
21
-75.9213999999999913
0
LINE
8
BLACK
6
CONTINUOUS
10
94.7079999999999984
20
-75.9213999999999913
11
94.7196009999999973
21
-75.863078999999999
0
LINE
8
BLACK
6
CONTINUOUS
10
94.7196009999999973
20
-75.863078999999999
11
94.7526369999999929
21
-75.8136369999999999
0
LINE
8
BLACK
6
CONTINUOUS
10
94.7526369999999929
20
-75.8136369999999999
11
94.802078999999992
21
-75.7806009999999901
0
LINE
8
BLACK
6
CONTINUOUS
10
94.802078999999992
20
-75.7806009999999901
11
94.8603999999999985
21
-75.7689999999999912
0
LINE
8
BLACK
6
CONTINUOUS
10
94.8603999999999985
20
-75.7689999999999912
11
95.0367299999999915
21
-75.7689999999999912
0
LINE
8
BLACK
6
CONTINUOUS
10
95.0367299999999915
20
-75.7689999999999912
11
95.073323000000002
21
-75.7056189999999987
0
LINE
8
BLACK
6
CONTINUOUS
10
95.073323000000002
20
-75.7056189999999987
11
95.0733379999999926
21
-75.7056029999999964
0
LINE
8
BLACK
6
CONTINUOUS
10
95.0733379999999926
20
-75.7056029999999964
11
95.1164469999999937
21
-75.656447
0
LINE
8
BLACK
6
CONTINUOUS
10
95.1164469999999937
20
-75.656447
11
97.1556149999999974
21
-73.6172770000000014
0
LINE
8
BLACK
6
CONTINUOUS
10
97.1556149999999974
20
-73.6172770000000014
11
97.1538520000000005
21
-73.6084139999999962
0
LINE
8
BLACK
6
CONTINUOUS
10
97.1538520000000005
20
-73.6084139999999962
11
97.1538520000000005
21
-73.4515859999999918
0
LINE
8
BLACK
6
CONTINUOUS
10
97.1538520000000005
20
-73.4515859999999918
11
97.1844479999999891
21
-73.2977719999999948
0
LINE
8
BLACK
6
CONTINUOUS
10
97.1844479999999891
20
-73.2977719999999948
11
97.2444629999999961
21
-73.1528830000000028
0
LINE
8
BLACK
6
CONTINUOUS
10
97.2444629999999961
20
-73.1528830000000028
11
97.3315920000000006
21
-73.0224850000000032
0
LINE
8
BLACK
6
CONTINUOUS
10
97.3315920000000006
20
-73.0224850000000032
11
97.4424849999999907
21
-72.9115919999999988
0
LINE
8
BLACK
6
CONTINUOUS
10
97.4424849999999907
20
-72.9115919999999988
11
97.5728829999999903
21
-72.8244629999999944
0
LINE
8
BLACK
6
CONTINUOUS
10
97.5728829999999903
20
-72.8244629999999944
11
97.7177719999999965
21
-72.7644480000000016
0
LINE
8
BLACK
6
CONTINUOUS
10
97.7177719999999965
20
-72.7644480000000016
11
97.8715859999999935
21
-72.7338519999999988
0
LINE
8
BLACK
6
CONTINUOUS
10
97.8715859999999935
20
-72.7338519999999988
11
98.0284139999999979
21
-72.7338519999999988
0
LINE
8
BLACK
6
CONTINUOUS
10
98.0284139999999979
20
-72.7338519999999988
11
98.1822279999999949
21
-72.7644480000000016
0
LINE
8
BLACK
6
CONTINUOUS
10
98.6779209999999978
20
-75.7806009999999901
11
98.7273629999999969
21
-75.8136369999999999
0
LINE
8
BLACK
6
CONTINUOUS
10
98.7273629999999969
20
-75.8136369999999999
11
98.7603989999999925
21
-75.863078999999999
0
LINE
8
BLACK
6
CONTINUOUS
10
98.7603989999999925
20
-75.863078999999999
11
98.7719999999999914
21
-75.9213999999999913
0
LINE
8
BLACK
6
CONTINUOUS
10
98.7719999999999914
20
-75.9213999999999913
11
98.7719999999999914
21
-78.0485999999999933
0
LINE
8
BLACK
6
CONTINUOUS
10
98.7719999999999914
20
-78.0485999999999933
11
98.7603989999999925
21
-78.1069209999999998
0
LINE
8
BLACK
6
CONTINUOUS
10
98.7603989999999925
20
-78.1069209999999998
11
98.7273629999999969
21
-78.1563629999999989
0
LINE
8
BLACK
6
CONTINUOUS
10
98.7273629999999969
20
-78.1563629999999989
11
98.6779209999999978
21
-78.1893989999999945
0
LINE
8
BLACK
6
CONTINUOUS
10
98.6779209999999978
20
-78.1893989999999945
11
98.6747960000000006
21
-78.1900199999999899
0
LINE
8
BLACK
6
CONTINUOUS
10
98.6747960000000006
20
-78.1900199999999899
11
98.599033999999989
21
-78.3034079999999904
0
LINE
8
BLACK
6
CONTINUOUS
10
98.599033999999989
20
-78.3034079999999904
11
98.4934080000000023
21
-78.4090339999999912
0
LINE
8
BLACK
6
CONTINUOUS
10
98.4934080000000023
20
-78.4090339999999912
11
98.3692039999999963
21
-78.4920240000000007
0
LINE
8
BLACK
6
CONTINUOUS
10
98.3692039999999963
20
-78.4920240000000007
11
98.2311969999999945
21
-78.5491889999999984
0
LINE
8
BLACK
6
CONTINUOUS
10
98.2311969999999945
20
-78.5491889999999984
11
98.0846889999999973
21
-78.5783309999999915
0
LINE
8
BLACK
6
CONTINUOUS
10
98.0846889999999973
20
-78.5783309999999915
11
97.9353109999999987
21
-78.5783309999999915
0
LINE
8
BLACK
6
CONTINUOUS
10
97.9353109999999987
20
-78.5783309999999915
11
97.7888030000000015
21
-78.5491889999999984
0
LINE
8
BLACK
6
CONTINUOUS
10
97.7888030000000015
20
-78.5491889999999984
11
97.6507959999999997
21
-78.4920240000000007
0
LINE
8
BLACK
6
CONTINUOUS
10
97.6507959999999997
20
-78.4920240000000007
11
97.5265919999999937
21
-78.4090339999999912
0
LINE
8
BLACK
6
CONTINUOUS
10
97.5265919999999937
20
-78.4090339999999912
11
97.4209659999999928
21
-78.3034079999999904
0
LINE
8
BLACK
6
CONTINUOUS
10
97.4209659999999928
20
-78.3034079999999904
11
97.3452029999999979
21
-78.1900199999999899
0
LINE
8
BLACK
6
CONTINUOUS
10
97.3452029999999979
20
-78.1900199999999899
11
97.3420789999999982
21
-78.1893989999999945
0
LINE
8
BLACK
6
CONTINUOUS
10
97.3420789999999982
20
-78.1893989999999945
11
97.2926369999999991
21
-78.1563629999999989
0
LINE
8
BLACK
6
CONTINUOUS
10
97.2926369999999991
20
-78.1563629999999989
11
97.2596009999999893
21
-78.1069209999999998
0
LINE
8
BLACK
6
CONTINUOUS
10
97.2596009999999893
20
-78.1069209999999998
11
97.2479999999999905
21
-78.0485999999999933
0
LINE
8
BLACK
6
CONTINUOUS
10
97.2479999999999905
20
-78.0485999999999933
11
97.2479999999999905
21
-75.9213999999999913
0
LINE
8
BLACK
6
CONTINUOUS
10
97.2479999999999905
20
-75.9213999999999913
11
97.2596009999999893
21
-75.863078999999999
0
LINE
8
BLACK
6
CONTINUOUS
10
97.2596009999999893
20
-75.863078999999999
11
97.2926369999999991
21
-75.8136369999999999
0
LINE
8
BLACK
6
CONTINUOUS
10
97.2926369999999991
20
-75.8136369999999999
11
97.3420789999999982
21
-75.7806009999999901
0
LINE
8
BLACK
6
CONTINUOUS
10
97.3420789999999982
20
-75.7806009999999901
11
97.4003999999999905
21
-75.7689999999999912
0
LINE
8
BLACK
6
CONTINUOUS
10
97.4003999999999905
20
-75.7689999999999912
11
98.6195999999999913
21
-75.7689999999999912
0
LINE
8
BLACK
6
CONTINUOUS
10
98.6195999999999913
20
-75.7689999999999912
11
98.6779209999999978
21
-75.7806009999999901
0
LINE
8
BLACK
6
CONTINUOUS
10
101.2179209999999898
20
-75.7806009999999901
11
101.2673629999999889
21
-75.8136369999999999
0
LINE
8
BLACK
6
CONTINUOUS
10
101.2673629999999889
20
-75.8136369999999999
11
101.3003989999999988
21
-75.863078999999999
0
LINE
8
BLACK
6
CONTINUOUS
10
101.3003989999999988
20
-75.863078999999999
11
101.3119999999999976
21
-75.9213999999999913
0
LINE
8
BLACK
6
CONTINUOUS
10
101.3119999999999976
20
-75.9213999999999913
11
101.3119999999999976
21
-78.0485999999999933
0
LINE
8
BLACK
6
CONTINUOUS
10
101.3119999999999976
20
-78.0485999999999933
11
101.3003989999999988
21
-78.1069209999999998
0
LINE
8
BLACK
6
CONTINUOUS
10
101.3003989999999988
20
-78.1069209999999998
11
101.2673629999999889
21
-78.1563629999999989
0
LINE
8
BLACK
6
CONTINUOUS
10
101.2673629999999889
20
-78.1563629999999989
11
101.2179209999999898
21
-78.1893989999999945
0
LINE
8
BLACK
6
CONTINUOUS
10
101.2179209999999898
20
-78.1893989999999945
11
101.2147959999999927
21
-78.1900199999999899
0
LINE
8
BLACK
6
CONTINUOUS
10
101.2147959999999927
20
-78.1900199999999899
11
101.1390339999999952
21
-78.3034079999999904
0
LINE
8
BLACK
6
CONTINUOUS
10
101.1390339999999952
20
-78.3034079999999904
11
101.0334079999999943
21
-78.4090339999999912
0
LINE
8
BLACK
6
CONTINUOUS
10
101.0334079999999943
20
-78.4090339999999912
11
100.9092039999999884
21
-78.4920240000000007
0
LINE
8
BLACK
6
CONTINUOUS
10
100.9092039999999884
20
-78.4920240000000007
11
100.7711970000000008
21
-78.5491889999999984
0
LINE
8
BLACK
6
CONTINUOUS
10
100.7711970000000008
20
-78.5491889999999984
11
100.6246889999999894
21
-78.5783309999999915
0
LINE
8
BLACK
6
CONTINUOUS
10
100.6246889999999894
20
-78.5783309999999915
11
100.4753109999999907
21
-78.5783309999999915
0
LINE
8
BLACK
6
CONTINUOUS
10
100.4753109999999907
20
-78.5783309999999915
11
100.3288029999999935
21
-78.5491889999999984
0
LINE
8
BLACK
6
CONTINUOUS
10
100.3288029999999935
20
-78.5491889999999984
11
100.1907959999999917
21
-78.4920240000000007
0
LINE
8
BLACK
6
CONTINUOUS
10
100.1907959999999917
20
-78.4920240000000007
11
100.066592
21
-78.4090339999999912
0
LINE
8
BLACK
6
CONTINUOUS
10
100.066592
20
-78.4090339999999912
11
99.9609659999999991
21
-78.3034079999999904
0
LINE
8
BLACK
6
CONTINUOUS
10
99.9609659999999991
20
-78.3034079999999904
11
99.88520299999999
21
-78.1900199999999899
0
LINE
8
BLACK
6
CONTINUOUS
10
99.88520299999999
20
-78.1900199999999899
11
99.8820789999999903
21
-78.1893989999999945
0
LINE
8
BLACK
6
CONTINUOUS
10
99.8820789999999903
20
-78.1893989999999945
11
99.8326369999999912
21
-78.1563629999999989
0
LINE
8
BLACK
6
CONTINUOUS
10
99.8326369999999912
20
-78.1563629999999989
11
99.7996009999999956
21
-78.1069209999999998
0
LINE
8
BLACK
6
CONTINUOUS
10
99.7996009999999956
20
-78.1069209999999998
11
99.7879999999999967
21
-78.0485999999999933
0
LINE
8
BLACK
6
CONTINUOUS
10
99.7879999999999967
20
-78.0485999999999933
11
99.7879999999999967
21
-75.9213999999999913
0
LINE
8
BLACK
6
CONTINUOUS
10
99.7879999999999967
20
-75.9213999999999913
11
99.7996009999999956
21
-75.863078999999999
0
LINE
8
BLACK
6
CONTINUOUS
10
99.7996009999999956
20
-75.863078999999999
11
99.8326369999999912
21
-75.8136369999999999
0
LINE
8
BLACK
6
CONTINUOUS
10
99.8326369999999912
20
-75.8136369999999999
11
99.8820789999999903
21
-75.7806009999999901
0
LINE
8
BLACK
6
CONTINUOUS
10
99.8820789999999903
20
-75.7806009999999901
11
99.9403999999999968
21
-75.7689999999999912
0
LINE
8
BLACK
6
CONTINUOUS
10
99.9403999999999968
20
-75.7689999999999912
11
101.1595999999999975
21
-75.7689999999999912
0
LINE
8
BLACK
6
CONTINUOUS
10
101.1595999999999975
20
-75.7689999999999912
11
101.2179209999999898
21
-75.7806009999999901
0
LINE
8
BLACK
6
CONTINUOUS
10
85.4822279999999921
20
-72.7644480000000016
11
85.6271169999999984
21
-72.8244629999999944
0
LINE
8
BLACK
6
CONTINUOUS
10
85.6271169999999984
20
-72.8244629999999944
11
85.7575149999999979
21
-72.9115919999999988
0
LINE
8
BLACK
6
CONTINUOUS
10
85.7575149999999979
20
-72.9115919999999988
11
85.8684080000000023
21
-73.0224850000000032
0
LINE
8
BLACK
6
CONTINUOUS
10
85.8684080000000023
20
-73.0224850000000032
11
85.9555369999999925
21
-73.1528830000000028
0
LINE
8
BLACK
6
CONTINUOUS
10
85.9555369999999925
20
-73.1528830000000028
11
86.0155519999999996
21
-73.2977719999999948
0
LINE
8
BLACK
6
CONTINUOUS
10
86.0155519999999996
20
-73.2977719999999948
11
86.0461480000000023
21
-73.4515859999999918
0
LINE
8
BLACK
6
CONTINUOUS
10
86.0461480000000023
20
-73.4515859999999918
11
86.0461480000000023
21
-73.6084139999999962
0
LINE
8
BLACK
6
CONTINUOUS
10
86.0461480000000023
20
-73.6084139999999962
11
86.0155519999999996
21
-73.7622279999999932
0
LINE
8
BLACK
6
CONTINUOUS
10
86.0155519999999996
20
-73.7622279999999932
11
85.9555369999999925
21
-73.9071169999999995
0
LINE
8
BLACK
6
CONTINUOUS
10
85.9555369999999925
20
-73.9071169999999995
11
85.8684080000000023
21
-74.0375149999999991
0
LINE
8
BLACK
6
CONTINUOUS
10
85.8684080000000023
20
-74.0375149999999991
11
85.7575149999999979
21
-74.1484080000000034
0
LINE
8
BLACK
6
CONTINUOUS
10
85.7575149999999979
20
-74.1484080000000034
11
85.6271169999999984
21
-74.2355369999999937
0
LINE
8
BLACK
6
CONTINUOUS
10
85.6271169999999984
20
-74.2355369999999937
11
85.4822279999999921
21
-74.2955520000000007
0
LINE
8
BLACK
6
CONTINUOUS
10
85.4822279999999921
20
-74.2955520000000007
11
85.3284139999999951
21
-74.3261480000000034
0
LINE
8
BLACK
6
CONTINUOUS
10
85.3284139999999951
20
-74.3261480000000034
11
85.1715859999999907
21
-74.3261480000000034
0
LINE
8
BLACK
6
CONTINUOUS
10
85.1715859999999907
20
-74.3261480000000034
11
85.0177719999999937
21
-74.2955520000000007
0
LINE
8
BLACK
6
CONTINUOUS
10
85.0177719999999937
20
-74.2955520000000007
11
84.8728830000000016
21
-74.2355369999999937
0
LINE
8
BLACK
6
CONTINUOUS
10
84.8728830000000016
20
-74.2355369999999937
11
84.7424850000000021
21
-74.1484080000000034
0
LINE
8
BLACK
6
CONTINUOUS
10
84.7424850000000021
20
-74.1484080000000034
11
84.6315919999999977
21
-74.0375149999999991
0
LINE
8
BLACK
6
CONTINUOUS
10
84.6315919999999977
20
-74.0375149999999991
11
84.5444629999999933
21
-73.9071169999999995
0
LINE
8
BLACK
6
CONTINUOUS
10
84.5444629999999933
20
-73.9071169999999995
11
84.4844480000000004
21
-73.7622279999999932
0
LINE
8
BLACK
6
CONTINUOUS
10
84.4844480000000004
20
-73.7622279999999932
11
84.4538519999999977
21
-73.6084139999999962
0
LINE
8
BLACK
6
CONTINUOUS
10
84.4538519999999977
20
-73.6084139999999962
11
84.4538519999999977
21
-73.4515859999999918
0
LINE
8
BLACK
6
CONTINUOUS
10
84.4538519999999977
20
-73.4515859999999918
11
84.4844480000000004
21
-73.2977719999999948
0
LINE
8
BLACK
6
CONTINUOUS
10
84.4844480000000004
20
-73.2977719999999948
11
84.5444629999999933
21
-73.1528830000000028
0
LINE
8
BLACK
6
CONTINUOUS
10
84.5444629999999933
20
-73.1528830000000028
11
84.6315919999999977
21
-73.0224850000000032
0
LINE
8
BLACK
6
CONTINUOUS
10
84.6315919999999977
20
-73.0224850000000032
11
84.7424850000000021
21
-72.9115919999999988
0
LINE
8
BLACK
6
CONTINUOUS
10
84.7424850000000021
20
-72.9115919999999988
11
84.8728830000000016
21
-72.8244629999999944
0
LINE
8
BLACK
6
CONTINUOUS
10
84.8728830000000016
20
-72.8244629999999944
11
85.0177719999999937
21
-72.7644480000000016
0
LINE
8
BLACK
6
CONTINUOUS
10
85.0177719999999937
20
-72.7644480000000016
11
85.1715859999999907
21
-72.7338519999999988
0
LINE
8
BLACK
6
CONTINUOUS
10
85.1715859999999907
20
-72.7338519999999988
11
85.3284139999999951
21
-72.7338519999999988
0
LINE
8
BLACK
6
CONTINUOUS
10
85.3284139999999951
20
-72.7338519999999988
11
85.4822279999999921
21
-72.7644480000000016
0
LINE
8
BLACK
6
CONTINUOUS
10
95.2822279999999893
20
-59.3744479999999939
11
95.4271169999999955
21
-59.4344629999999938
0
LINE
8
BLACK
6
CONTINUOUS
10
95.4271169999999955
20
-59.4344629999999938
11
95.5575149999999951
21
-59.5215919999999983
0
LINE
8
BLACK
6
CONTINUOUS
10
95.5575149999999951
20
-59.5215919999999983
11
95.6684079999999994
21
-59.6324849999999955
0
LINE
8
BLACK
6
CONTINUOUS
10
95.6684079999999994
20
-59.6324849999999955
11
95.6734289999999987
21
-59.6400000000000006
0
LINE
8
BLACK
6
CONTINUOUS
10
95.6734289999999987
20
-59.6400000000000006
11
98.8674859999999995
21
-59.6400000000000006
0
LINE
8
BLACK
6
CONTINUOUS
10
98.8674859999999995
20
-59.6400000000000006
11
98.9327339999999964
21
-59.6442769999999953
0
LINE
8
BLACK
6
CONTINUOUS
10
98.9327339999999964
20
-59.6442769999999953
11
98.9327490000000012
21
-59.6442769999999953
0
LINE
8
BLACK
6
CONTINUOUS
10
98.9327490000000012
20
-59.6442769999999953
11
99.0559059999999931
21
-59.6772769999999966
0
LINE
8
BLACK
6
CONTINUOUS
10
99.0559059999999931
20
-59.6772769999999966
11
99.0588279999999912
21
-59.678059999999995
0
LINE
8
BLACK
6
CONTINUOUS
10
99.0588279999999912
20
-59.678059999999995
11
99.1718669999999918
21
-59.7433229999999966
0
LINE
8
BLACK
6
CONTINUOUS
10
99.1718669999999918
20
-59.7433229999999966
11
99.1718819999999965
21
-59.7433379999999943
0
LINE
8
BLACK
6
CONTINUOUS
10
99.1718819999999965
20
-59.7433379999999943
11
99.2210389999999904
21
-59.7864469999999955
0
LINE
8
BLACK
6
CONTINUOUS
10
99.2210389999999904
20
-59.7864469999999955
11
103.5435529999999886
21
-64.1089609999999936
0
LINE
8
BLACK
6
CONTINUOUS
10
103.5435529999999886
20
-64.1089609999999936
11
103.5866609999999923
21
-64.1581169999999901
0
LINE
8
BLACK
6
CONTINUOUS
10
103.5866609999999923
20
-64.1581169999999901
11
103.5866769999999946
21
-64.1581329999999923
0
LINE
8
BLACK
6
CONTINUOUS
10
103.5866769999999946
20
-64.1581329999999923
11
103.6385959999999926
21
-64.2480599999999953
0
LINE
8
BLACK
6
CONTINUOUS
10
103.6385959999999926
20
-64.2480599999999953
11
103.6519399999999962
21
-64.2711719999999929
0
LINE
8
BLACK
6
CONTINUOUS
10
103.6519399999999962
20
-64.2711719999999929
11
103.6857229999999959
21
-64.3972509999999971
0
LINE
8
BLACK
6
CONTINUOUS
10
103.6857229999999959
20
-64.3972509999999971
11
103.6857229999999959
21
-64.3972660000000019
0
LINE
8
BLACK
6
CONTINUOUS
10
103.6857229999999959
20
-64.3972660000000019
11
103.6899999999999977
21
-64.4625139999999988
0
LINE
8
BLACK
6
CONTINUOUS
10
103.6899999999999977
20
-64.4625139999999988
11
103.6899999999999977
21
-67.3574859999999944
0
LINE
8
BLACK
6
CONTINUOUS
10
103.6899999999999977
20
-67.3574859999999944
11
103.6857229999999959
21
-67.4227329999999938
0
LINE
8
BLACK
6
CONTINUOUS
10
103.6857229999999959
20
-67.4227329999999938
11
103.6857229999999959
21
-67.422748999999996
0
LINE
8
BLACK
6
CONTINUOUS
10
103.6857229999999959
20
-67.422748999999996
11
103.6519399999999962
21
-67.5488280000000003
0
LINE
8
BLACK
6
CONTINUOUS
10
103.6519399999999962
20
-67.5488280000000003
11
103.5866769999999946
21
-67.6618670000000009
0
LINE
8
BLACK
6
CONTINUOUS
10
103.5866769999999946
20
-67.6618670000000009
11
103.5866679999999889
21
-67.6618749999999949
0
LINE
8
BLACK
6
CONTINUOUS
10
103.5866679999999889
20
-67.6618749999999949
11
103.5435529999999886
21
-67.711039999999997
0
LINE
8
BLACK
6
CONTINUOUS
10
103.5435529999999886
20
-67.711039999999997
11
102.2910389999999978
21
-68.9635529999999903
0
LINE
8
BLACK
6
CONTINUOUS
10
102.2910389999999978
20
-68.9635529999999903
11
102.2418819999999897
21
-69.006660999999994
0
LINE
8
BLACK
6
CONTINUOUS
10
102.2418819999999897
20
-69.006660999999994
11
102.2418669999999992
21
-69.0066769999999963
0
LINE
8
BLACK
6
CONTINUOUS
10
102.2418669999999992
20
-69.0066769999999963
11
102.1288279999999986
21
-69.0719399999999979
0
LINE
8
BLACK
6
CONTINUOUS
10
102.1288279999999986
20
-69.0719399999999979
11
102.0027489999999943
21
-69.1057229999999976
0
LINE
8
BLACK
6
CONTINUOUS
10
102.0027489999999943
20
-69.1057229999999976
11
102.0027339999999896
21
-69.1057229999999976
0
LINE
8
BLACK
6
CONTINUOUS
10
102.0027339999999896
20
-69.1057229999999976
11
101.9374859999999927
21
-69.1099999999999994
0
LINE
8
BLACK
6
CONTINUOUS
10
101.9374859999999927
20
-69.1099999999999994
11
95.4571069999999935
21
-69.1099999999999994
0
LINE
8
BLACK
6
CONTINUOUS
10
95.4571069999999935
20
-69.1099999999999994
11
91.1243839999999921
21
-73.4427209999999917
0
LINE
8
BLACK
6
CONTINUOUS
10
91.1243839999999921
20
-73.4427209999999917
11
91.1261480000000006
21
-73.4515859999999918
0
LINE
8
BLACK
6
CONTINUOUS
10
91.1261480000000006
20
-73.4515859999999918
11
91.1261480000000006
21
-73.6084139999999962
0
LINE
8
BLACK
6
CONTINUOUS
10
91.1261480000000006
20
-73.6084139999999962
11
91.0955519999999979
21
-73.7622279999999932
0
LINE
8
BLACK
6
CONTINUOUS
10
91.0955519999999979
20
-73.7622279999999932
11
91.0355369999999908
21
-73.9071169999999995
0
LINE
8
BLACK
6
CONTINUOUS
10
91.0355369999999908
20
-73.9071169999999995
11
90.9484080000000006
21
-74.0375149999999991
0
LINE
8
BLACK
6
CONTINUOUS
10
90.9484080000000006
20
-74.0375149999999991
11
90.8375149999999962
21
-74.1484080000000034
0
LINE
8
BLACK
6
CONTINUOUS
10
90.8375149999999962
20
-74.1484080000000034
11
90.7071169999999967
21
-74.2355369999999937
0
LINE
8
BLACK
6
CONTINUOUS
10
90.7071169999999967
20
-74.2355369999999937
11
90.5622279999999904
21
-74.2955520000000007
0
LINE
8
BLACK
6
CONTINUOUS
10
90.5622279999999904
20
-74.2955520000000007
11
90.4084139999999934
21
-74.3261480000000034
0
LINE
8
BLACK
6
CONTINUOUS
10
90.4084139999999934
20
-74.3261480000000034
11
90.251585999999989
21
-74.3261480000000034
0
LINE
8
BLACK
6
CONTINUOUS
10
90.251585999999989
20
-74.3261480000000034
11
90.097771999999992
21
-74.2955520000000007
0
LINE
8
BLACK
6
CONTINUOUS
10
90.097771999999992
20
-74.2955520000000007
11
89.9528829999999999
21
-74.2355369999999937
0
LINE
8
BLACK
6
CONTINUOUS
10
89.9528829999999999
20
-74.2355369999999937
11
89.8224850000000004
21
-74.1484080000000034
0
LINE
8
BLACK
6
CONTINUOUS
10
89.8224850000000004
20
-74.1484080000000034
11
89.711591999999996
21
-74.0375149999999991
0
LINE
8
BLACK
6
CONTINUOUS
10
89.711591999999996
20
-74.0375149999999991
11
89.6244629999999916
21
-73.9071169999999995
0
LINE
8
BLACK
6
CONTINUOUS
10
89.6244629999999916
20
-73.9071169999999995
11
89.5644479999999987
21
-73.7622279999999932
0
LINE
8
BLACK
6
CONTINUOUS
10
89.5644479999999987
20
-73.7622279999999932
11
89.533851999999996
21
-73.6084139999999962
0
LINE
8
BLACK
6
CONTINUOUS
10
89.533851999999996
20
-73.6084139999999962
11
89.533851999999996
21
-73.4515859999999918
0
LINE
8
BLACK
6
CONTINUOUS
10
89.533851999999996
20
-73.4515859999999918
11
89.5644479999999987
21
-73.2977719999999948
0
LINE
8
BLACK
6
CONTINUOUS
10
89.5644479999999987
20
-73.2977719999999948
11
89.6244629999999916
21
-73.1528830000000028
0
LINE
8
BLACK
6
CONTINUOUS
10
89.6244629999999916
20
-73.1528830000000028
11
89.711591999999996
21
-73.0224850000000032
0
LINE
8
BLACK
6
CONTINUOUS
10
89.711591999999996
20
-73.0224850000000032
11
89.8224850000000004
21
-72.9115919999999988
0
LINE
8
BLACK
6
CONTINUOUS
10
89.8224850000000004
20
-72.9115919999999988
11
89.9528829999999999
21
-72.8244629999999944
0
LINE
8
BLACK
6
CONTINUOUS
10
89.9528829999999999
20
-72.8244629999999944
11
90.097771999999992
21
-72.7644480000000016
0
LINE
8
BLACK
6
CONTINUOUS
10
90.097771999999992
20
-72.7644480000000016
11
90.251585999999989
21
-72.7338519999999988
0
LINE
8
BLACK
6
CONTINUOUS
10
90.251585999999989
20
-72.7338519999999988
11
90.4084139999999934
21
-72.7338519999999988
0
LINE
8
BLACK
6
CONTINUOUS
10
90.4084139999999934
20
-72.7338519999999988
11
90.417277999999996
21
-72.7356149999999957
0
LINE
8
BLACK
6
CONTINUOUS
10
90.417277999999996
20
-72.7356149999999957
11
94.8964469999999949
21
-68.2564459999999968
0
LINE
8
BLACK
6
CONTINUOUS
10
94.8964469999999949
20
-68.2564459999999968
11
94.9456029999999913
21
-68.2133379999999931
0
LINE
8
BLACK
6
CONTINUOUS
10
94.9456029999999913
20
-68.2133379999999931
11
94.9456189999999935
21
-68.2133230000000026
0
LINE
8
BLACK
6
CONTINUOUS
10
94.9456189999999935
20
-68.2133230000000026
11
95.0586579999999941
21
-68.148060000000001
0
LINE
8
BLACK
6
CONTINUOUS
10
95.0586579999999941
20
-68.148060000000001
11
95.0853010000000012
21
-68.1409199999999942
0
LINE
8
BLACK
6
CONTINUOUS
10
95.0853010000000012
20
-68.1409199999999942
11
95.1847369999999984
21
-68.1142770000000013
0
LINE
8
BLACK
6
CONTINUOUS
10
95.1847369999999984
20
-68.1142770000000013
11
95.1847519999999889
21
-68.1142770000000013
0
LINE
8
BLACK
6
CONTINUOUS
10
95.1847519999999889
20
-68.1142770000000013
11
95.25
21
-68.1099999999999994
0
LINE
8
BLACK
6
CONTINUOUS
10
95.25
20
-68.1099999999999994
11
101.7303799999999967
21
-68.1099999999999994
0
LINE
8
BLACK
6
CONTINUOUS
10
101.7303799999999967
20
-68.1099999999999994
11
102.6899999999999977
21
-67.1503790000000009
0
LINE
8
BLACK
6
CONTINUOUS
10
102.6899999999999977
20
-67.1503790000000009
11
102.6899999999999977
21
-64.6696199999999948
0
LINE
8
BLACK
6
CONTINUOUS
10
102.6899999999999977
20
-64.6696199999999948
11
98.6603799999999893
21
-60.6400000000000006
0
LINE
8
BLACK
6
CONTINUOUS
10
98.6603799999999893
20
-60.6400000000000006
11
95.6734289999999987
21
-60.6400000000000006
0
LINE
8
BLACK
6
CONTINUOUS
10
95.6734289999999987
20
-60.6400000000000006
11
95.6684079999999994
21
-60.6475149999999985
0
LINE
8
BLACK
6
CONTINUOUS
10
95.6684079999999994
20
-60.6475149999999985
11
95.5575149999999951
21
-60.7584079999999958
0
LINE
8
BLACK
6
CONTINUOUS
10
95.5575149999999951
20
-60.7584079999999958
11
95.4271169999999955
21
-60.8455370000000002
0
LINE
8
BLACK
6
CONTINUOUS
10
95.4271169999999955
20
-60.8455370000000002
11
95.2822279999999893
21
-60.9055520000000001
0
LINE
8
BLACK
6
CONTINUOUS
10
95.2822279999999893
20
-60.9055520000000001
11
95.1284139999999923
21
-60.9361479999999958
0
LINE
8
BLACK
6
CONTINUOUS
10
95.1284139999999923
20
-60.9361479999999958
11
94.9715860000000021
21
-60.9361479999999958
0
LINE
8
BLACK
6
CONTINUOUS
10
94.9715860000000021
20
-60.9361479999999958
11
94.8177719999999908
21
-60.9055520000000001
0
LINE
8
BLACK
6
CONTINUOUS
10
94.8177719999999908
20
-60.9055520000000001
11
94.6728829999999988
21
-60.8455370000000002
0
LINE
8
BLACK
6
CONTINUOUS
10
94.6728829999999988
20
-60.8455370000000002
11
94.5424849999999992
21
-60.7584079999999958
0
LINE
8
BLACK
6
CONTINUOUS
10
94.5424849999999992
20
-60.7584079999999958
11
94.4315919999999949
21
-60.6475149999999985
0
LINE
8
BLACK
6
CONTINUOUS
10
94.4315919999999949
20
-60.6475149999999985
11
94.3444629999999904
21
-60.5171169999999989
0
LINE
8
BLACK
6
CONTINUOUS
10
94.3444629999999904
20
-60.5171169999999989
11
94.2844479999999976
21
-60.3722279999999998
0
LINE
8
BLACK
6
CONTINUOUS
10
94.2844479999999976
20
-60.3722279999999998
11
94.2538519999999949
21
-60.2184139999999957
0
LINE
8
BLACK
6
CONTINUOUS
10
94.2538519999999949
20
-60.2184139999999957
11
94.2538519999999949
21
-60.0615859999999984
0
LINE
8
BLACK
6
CONTINUOUS
10
94.2538519999999949
20
-60.0615859999999984
11
94.2844479999999976
21
-59.9077719999999943
0
LINE
8
BLACK
6
CONTINUOUS
10
94.2844479999999976
20
-59.9077719999999943
11
94.3444629999999904
21
-59.7628829999999951
0
LINE
8
BLACK
6
CONTINUOUS
10
94.3444629999999904
20
-59.7628829999999951
11
94.4315919999999949
21
-59.6324849999999955
0
LINE
8
BLACK
6
CONTINUOUS
10
94.4315919999999949
20
-59.6324849999999955
11
94.5424849999999992
21
-59.5215919999999983
0
LINE
8
BLACK
6
CONTINUOUS
10
94.5424849999999992
20
-59.5215919999999983
11
94.6728829999999988
21
-59.4344629999999938
0
LINE
8
BLACK
6
CONTINUOUS
10
94.6728829999999988
20
-59.4344629999999938
11
94.8177719999999908
21
-59.3744479999999939
0
LINE
8
BLACK
6
CONTINUOUS
10
94.8177719999999908
20
-59.3744479999999939
11
94.9715860000000021
21
-59.3438519999999983
0
LINE
8
BLACK
6
CONTINUOUS
10
94.9715860000000021
20
-59.3438519999999983
11
95.1284139999999923
21
-59.3438519999999983
0
LINE
8
BLACK
6
CONTINUOUS
10
95.1284139999999923
20
-59.3438519999999983
11
95.2822279999999893
21
-59.3744479999999939
0
LINE
8
BLACK
6
CONTINUOUS
10
93.1022279999999967
20
-72.7644480000000016
11
93.2471169999999887
21
-72.8244629999999944
0
LINE
8
BLACK
6
CONTINUOUS
10
93.2471169999999887
20
-72.8244629999999944
11
93.3775150000000025
21
-72.9115919999999988
0
LINE
8
BLACK
6
CONTINUOUS
10
93.3775150000000025
20
-72.9115919999999988
11
93.4884079999999926
21
-73.0224850000000032
0
LINE
8
BLACK
6
CONTINUOUS
10
93.4884079999999926
20
-73.0224850000000032
11
93.4934289999999919
21
-73.0300000000000011
0
LINE
8
BLACK
6
CONTINUOUS
10
93.4934289999999919
20
-73.0300000000000011
11
94.786570999999995
21
-73.0300000000000011
0
LINE
8
BLACK
6
CONTINUOUS
10
94.786570999999995
20
-73.0300000000000011
11
94.7915919999999943
21
-73.0224850000000032
0
LINE
8
BLACK
6
CONTINUOUS
10
94.7915919999999943
20
-73.0224850000000032
11
94.9024849999999986
21
-72.9115919999999988
0
LINE
8
BLACK
6
CONTINUOUS
10
94.9024849999999986
20
-72.9115919999999988
11
95.0328829999999982
21
-72.8244629999999944
0
LINE
8
BLACK
6
CONTINUOUS
10
95.0328829999999982
20
-72.8244629999999944
11
95.1777719999999903
21
-72.7644480000000016
0
LINE
8
BLACK
6
CONTINUOUS
10
95.1777719999999903
20
-72.7644480000000016
11
95.3315860000000015
21
-72.7338519999999988
0
LINE
8
BLACK
6
CONTINUOUS
10
95.3315860000000015
20
-72.7338519999999988
11
95.4884139999999917
21
-72.7338519999999988
0
LINE
8
BLACK
6
CONTINUOUS
10
95.4884139999999917
20
-72.7338519999999988
11
95.6422279999999887
21
-72.7644480000000016
0
LINE
8
BLACK
6
CONTINUOUS
10
95.6422279999999887
20
-72.7644480000000016
11
95.787116999999995
21
-72.8244629999999944
0
LINE
8
BLACK
6
CONTINUOUS
10
95.787116999999995
20
-72.8244629999999944
11
95.9175149999999945
21
-72.9115919999999988
0
LINE
8
BLACK
6
CONTINUOUS
10
95.9175149999999945
20
-72.9115919999999988
11
96.0284079999999989
21
-73.0224850000000032
0
LINE
8
BLACK
6
CONTINUOUS
10
96.0284079999999989
20
-73.0224850000000032
11
96.1155369999999891
21
-73.1528830000000028
0
LINE
8
BLACK
6
CONTINUOUS
10
96.1155369999999891
20
-73.1528830000000028
11
96.1755519999999962
21
-73.2977719999999948
0
LINE
8
BLACK
6
CONTINUOUS
10
96.1755519999999962
20
-73.2977719999999948
11
96.2061479999999989
21
-73.4515859999999918
0
LINE
8
BLACK
6
CONTINUOUS
10
96.2061479999999989
20
-73.4515859999999918
11
96.2061479999999989
21
-73.6084139999999962
0
LINE
8
BLACK
6
CONTINUOUS
10
96.2061479999999989
20
-73.6084139999999962
11
96.1755519999999962
21
-73.7622279999999932
0
LINE
8
BLACK
6
CONTINUOUS
10
96.1755519999999962
20
-73.7622279999999932
11
96.1155369999999891
21
-73.9071169999999995
0
LINE
8
BLACK
6
CONTINUOUS
10
96.1155369999999891
20
-73.9071169999999995
11
96.0284079999999989
21
-74.0375149999999991
0
LINE
8
BLACK
6
CONTINUOUS
10
96.0284079999999989
20
-74.0375149999999991
11
95.9175149999999945
21
-74.1484080000000034
0
LINE
8
BLACK
6
CONTINUOUS
10
95.9175149999999945
20
-74.1484080000000034
11
95.787116999999995
21
-74.2355369999999937
0
LINE
8
BLACK
6
CONTINUOUS
10
95.787116999999995
20
-74.2355369999999937
11
95.6422279999999887
21
-74.2955520000000007
0
LINE
8
BLACK
6
CONTINUOUS
10
95.6422279999999887
20
-74.2955520000000007
11
95.4884139999999917
21
-74.3261480000000034
0
LINE
8
BLACK
6
CONTINUOUS
10
95.4884139999999917
20
-74.3261480000000034
11
95.3315860000000015
21
-74.3261480000000034
0
LINE
8
BLACK
6
CONTINUOUS
10
95.3315860000000015
20
-74.3261480000000034
11
95.1777719999999903
21
-74.2955520000000007
0
LINE
8
BLACK
6
CONTINUOUS
10
95.1777719999999903
20
-74.2955520000000007
11
95.0328829999999982
21
-74.2355369999999937
0
LINE
8
BLACK
6
CONTINUOUS
10
95.0328829999999982
20
-74.2355369999999937
11
94.9024849999999986
21
-74.1484080000000034
0
LINE
8
BLACK
6
CONTINUOUS
10
94.9024849999999986
20
-74.1484080000000034
11
94.7915919999999943
21
-74.0375149999999991
0
LINE
8
BLACK
6
CONTINUOUS
10
94.7915919999999943
20
-74.0375149999999991
11
94.786570999999995
21
-74.0300000000000011
0
LINE
8
BLACK
6
CONTINUOUS
10
94.786570999999995
20
-74.0300000000000011
11
93.4934289999999919
21
-74.0300000000000011
0
LINE
8
BLACK
6
CONTINUOUS
10
93.4934289999999919
20
-74.0300000000000011
11
93.4884079999999926
21
-74.0375149999999991
0
LINE
8
BLACK
6
CONTINUOUS
10
93.4884079999999926
20
-74.0375149999999991
11
93.3775150000000025
21
-74.1484080000000034
0
LINE
8
BLACK
6
CONTINUOUS
10
93.3775150000000025
20
-74.1484080000000034
11
93.2471169999999887
21
-74.2355369999999937
0
LINE
8
BLACK
6
CONTINUOUS
10
93.2471169999999887
20
-74.2355369999999937
11
93.1022279999999967
21
-74.2955520000000007
0
LINE
8
BLACK
6
CONTINUOUS
10
93.1022279999999967
20
-74.2955520000000007
11
92.9484139999999996
21
-74.3261480000000034
0
LINE
8
BLACK
6
CONTINUOUS
10
92.9484139999999996
20
-74.3261480000000034
11
92.7915859999999952
21
-74.3261480000000034
0
LINE
8
BLACK
6
CONTINUOUS
10
92.7915859999999952
20
-74.3261480000000034
11
92.6377719999999982
21
-74.2955520000000007
0
LINE
8
BLACK
6
CONTINUOUS
10
92.6377719999999982
20
-74.2955520000000007
11
92.492882999999992
21
-74.2355369999999937
0
LINE
8
BLACK
6
CONTINUOUS
10
92.492882999999992
20
-74.2355369999999937
11
92.3624849999999924
21
-74.1484080000000034
0
LINE
8
BLACK
6
CONTINUOUS
10
92.3624849999999924
20
-74.1484080000000034
11
92.2515920000000023
21
-74.0375149999999991
0
LINE
8
BLACK
6
CONTINUOUS
10
92.2515920000000023
20
-74.0375149999999991
11
92.1644629999999978
21
-73.9071169999999995
0
LINE
8
BLACK
6
CONTINUOUS
10
92.1644629999999978
20
-73.9071169999999995
11
92.1044479999999908
21
-73.7622279999999932
0
LINE
8
BLACK
6
CONTINUOUS
10
92.1044479999999908
20
-73.7622279999999932
11
92.0738520000000022
21
-73.6084139999999962
0
LINE
8
BLACK
6
CONTINUOUS
10
92.0738520000000022
20
-73.6084139999999962
11
92.0738520000000022
21
-73.4515859999999918
0
LINE
8
BLACK
6
CONTINUOUS
10
92.0738520000000022
20
-73.4515859999999918
11
92.1044479999999908
21
-73.2977719999999948
0
LINE
8
BLACK
6
CONTINUOUS
10
92.1044479999999908
20
-73.2977719999999948
11
92.1644629999999978
21
-73.1528830000000028
0
LINE
8
BLACK
6
CONTINUOUS
10
92.1644629999999978
20
-73.1528830000000028
11
92.2515920000000023
21
-73.0224850000000032
0
LINE
8
BLACK
6
CONTINUOUS
10
92.2515920000000023
20
-73.0224850000000032
11
92.3624849999999924
21
-72.9115919999999988
0
LINE
8
BLACK
6
CONTINUOUS
10
92.3624849999999924
20
-72.9115919999999988
11
92.492882999999992
21
-72.8244629999999944
0
LINE
8
BLACK
6
CONTINUOUS
10
92.492882999999992
20
-72.8244629999999944
11
92.6377719999999982
21
-72.7644480000000016
0
LINE
8
BLACK
6
CONTINUOUS
10
92.6377719999999982
20
-72.7644480000000016
11
92.7915859999999952
21
-72.7338519999999988
0
LINE
8
BLACK
6
CONTINUOUS
10
92.7915859999999952
20
-72.7338519999999988
11
92.9484139999999996
21
-72.7338519999999988
0
LINE
8
BLACK
6
CONTINUOUS
10
92.9484139999999996
20
-72.7338519999999988
11
93.1022279999999967
21
-72.7644480000000016
0
LINE
8
BLACK
6
CONTINUOUS
10
89.0822280000000006
20
-59.4744479999999953
11
89.2271169999999927
21
-59.5344629999999952
0
LINE
8
BLACK
6
CONTINUOUS
10
89.2271169999999927
20
-59.5344629999999952
11
89.3575149999999923
21
-59.6215919999999997
0
LINE
8
BLACK
6
CONTINUOUS
10
89.3575149999999923
20
-59.6215919999999997
11
89.4684079999999966
21
-59.7324849999999969
0
LINE
8
BLACK
6
CONTINUOUS
10
89.4684079999999966
20
-59.7324849999999969
11
89.5555370000000011
21
-59.8628829999999965
0
LINE
8
BLACK
6
CONTINUOUS
10
89.5555370000000011
20
-59.8628829999999965
11
89.6155519999999939
21
-60.0077719999999957
0
LINE
8
BLACK
6
CONTINUOUS
10
89.6155519999999939
20
-60.0077719999999957
11
89.6461479999999966
21
-60.1615859999999998
0
LINE
8
BLACK
6
CONTINUOUS
10
89.6461479999999966
20
-60.1615859999999998
11
89.6461479999999966
21
-60.3184139999999971
0
LINE
8
BLACK
6
CONTINUOUS
10
89.6461479999999966
20
-60.3184139999999971
11
89.6443840000000023
21
-60.3272779999999997
0
LINE
8
BLACK
6
CONTINUOUS
10
89.6443840000000023
20
-60.3272779999999997
11
93.2235539999999929
21
-63.906447
0
LINE
8
BLACK
6
CONTINUOUS
10
93.2235539999999929
20
-63.906447
11
93.2666689999999932
21
-63.9556109999999975
0
LINE
8
BLACK
6
CONTINUOUS
10
93.2666689999999932
20
-63.9556109999999975
11
93.2666770000000014
21
-63.9556189999999987
0
LINE
8
BLACK
6
CONTINUOUS
10
93.2666770000000014
20
-63.9556189999999987
11
93.3319399999999888
21
-64.0686579999999992
0
LINE
8
BLACK
6
CONTINUOUS
10
93.3319399999999888
20
-64.0686579999999992
11
93.3319399999999888
21
-64.0686589999999967
0
LINE
8
BLACK
6
CONTINUOUS
10
93.3319399999999888
20
-64.0686589999999967
11
93.3657230000000027
21
-64.1947370000000035
0
LINE
8
BLACK
6
CONTINUOUS
10
93.3657230000000027
20
-64.1947370000000035
11
93.3657230000000027
21
-64.194751999999994
0
LINE
8
BLACK
6
CONTINUOUS
10
93.3657230000000027
20
-64.194751999999994
11
93.3699999999999903
21
-64.2599999999999909
0
LINE
8
BLACK
6
CONTINUOUS
10
93.3699999999999903
20
-64.2599999999999909
11
93.3699999999999903
21
-65.2865699999999975
0
LINE
8
BLACK
6
CONTINUOUS
10
93.3699999999999903
20
-65.2865699999999975
11
93.3775150000000025
21
-65.2915919999999943
0
LINE
8
BLACK
6
CONTINUOUS
10
93.3775150000000025
20
-65.2915919999999943
11
93.4884079999999926
21
-65.4024849999999986
0
LINE
8
BLACK
6
CONTINUOUS
10
93.4884079999999926
20
-65.4024849999999986
11
93.5755369999999971
21
-65.5328829999999982
0
LINE
8
BLACK
6
CONTINUOUS
10
93.5755369999999971
20
-65.5328829999999982
11
93.6355519999999899
21
-65.6777719999999903
0
LINE
8
BLACK
6
CONTINUOUS
10
93.6355519999999899
20
-65.6777719999999903
11
93.6661479999999926
21
-65.8315860000000015
0
LINE
8
BLACK
6
CONTINUOUS
10
93.6661479999999926
20
-65.8315860000000015
11
93.6661479999999926
21
-65.9884139999999917
0
LINE
8
BLACK
6
CONTINUOUS
10
93.6661479999999926
20
-65.9884139999999917
11
93.6355519999999899
21
-66.1422280000000029
0
LINE
8
BLACK
6
CONTINUOUS
10
93.6355519999999899
20
-66.1422280000000029
11
93.5755369999999971
21
-66.287116999999995
0
LINE
8
BLACK
6
CONTINUOUS
10
93.5755369999999971
20
-66.287116999999995
11
93.4884079999999926
21
-66.4175149999999945
0
LINE
8
BLACK
6
CONTINUOUS
10
93.4884079999999926
20
-66.4175149999999945
11
93.3775150000000025
21
-66.5284079999999989
0
LINE
8
BLACK
6
CONTINUOUS
10
93.3775150000000025
20
-66.5284079999999989
11
93.2471169999999887
21
-66.6155370000000033
0
LINE
8
BLACK
6
CONTINUOUS
10
93.2471169999999887
20
-66.6155370000000033
11
93.1022279999999967
21
-66.6755519999999962
0
LINE
8
BLACK
6
CONTINUOUS
10
93.1022279999999967
20
-66.6755519999999962
11
92.9484139999999996
21
-66.7061479999999989
0
LINE
8
BLACK
6
CONTINUOUS
10
92.9484139999999996
20
-66.7061479999999989
11
92.7915859999999952
21
-66.7061479999999989
0
LINE
8
BLACK
6
CONTINUOUS
10
92.7915859999999952
20
-66.7061479999999989
11
92.6377719999999982
21
-66.6755519999999962
0
LINE
8
BLACK
6
CONTINUOUS
10
92.6377719999999982
20
-66.6755519999999962
11
92.492882999999992
21
-66.6155370000000033
0
LINE
8
BLACK
6
CONTINUOUS
10
92.492882999999992
20
-66.6155370000000033
11
92.3624849999999924
21
-66.5284079999999989
0
LINE
8
BLACK
6
CONTINUOUS
10
92.3624849999999924
20
-66.5284079999999989
11
92.2515920000000023
21
-66.4175149999999945
0
LINE
8
BLACK
6
CONTINUOUS
10
92.2515920000000023
20
-66.4175149999999945
11
92.1644629999999978
21
-66.287116999999995
0
LINE
8
BLACK
6
CONTINUOUS
10
92.1644629999999978
20
-66.287116999999995
11
92.1044479999999908
21
-66.1422280000000029
0
LINE
8
BLACK
6
CONTINUOUS
10
92.1044479999999908
20
-66.1422280000000029
11
92.0738520000000022
21
-65.9884139999999917
0
LINE
8
BLACK
6
CONTINUOUS
10
92.0738520000000022
20
-65.9884139999999917
11
92.0738520000000022
21
-65.8315860000000015
0
LINE
8
BLACK
6
CONTINUOUS
10
92.0738520000000022
20
-65.8315860000000015
11
92.1044479999999908
21
-65.6777719999999903
0
LINE
8
BLACK
6
CONTINUOUS
10
92.1044479999999908
20
-65.6777719999999903
11
92.1644629999999978
21
-65.5328829999999982
0
LINE
8
BLACK
6
CONTINUOUS
10
92.1644629999999978
20
-65.5328829999999982
11
92.2515920000000023
21
-65.4024849999999986
0
LINE
8
BLACK
6
CONTINUOUS
10
92.2515920000000023
20
-65.4024849999999986
11
92.3624849999999924
21
-65.2915919999999943
0
LINE
8
BLACK
6
CONTINUOUS
10
92.3624849999999924
20
-65.2915919999999943
11
92.3699999999999903
21
-65.2865699999999975
0
LINE
8
BLACK
6
CONTINUOUS
10
92.3699999999999903
20
-65.2865699999999975
11
92.3699999999999903
21
-64.4671060000000011
0
LINE
8
BLACK
6
CONTINUOUS
10
92.3699999999999903
20
-64.4671060000000011
11
88.9372779999999921
21
-61.0343839999999958
0
LINE
8
BLACK
6
CONTINUOUS
10
88.9372779999999921
20
-61.0343839999999958
11
88.9284139999999894
21
-61.0361479999999972
0
LINE
8
BLACK
6
CONTINUOUS
10
88.9284139999999894
20
-61.0361479999999972
11
88.7715859999999992
21
-61.0361479999999972
0
LINE
8
BLACK
6
CONTINUOUS
10
88.7715859999999992
20
-61.0361479999999972
11
88.6177720000000022
21
-61.0055519999999945
0
LINE
8
BLACK
6
CONTINUOUS
10
88.6177720000000022
20
-61.0055519999999945
11
88.4728829999999959
21
-60.9455369999999945
0
LINE
8
BLACK
6
CONTINUOUS
10
88.4728829999999959
20
-60.9455369999999945
11
88.3424849999999964
21
-60.8584079999999972
0
LINE
8
BLACK
6
CONTINUOUS
10
88.3424849999999964
20
-60.8584079999999972
11
88.231591999999992
21
-60.7475149999999999
0
LINE
8
BLACK
6
CONTINUOUS
10
88.231591999999992
20
-60.7475149999999999
11
88.1444630000000018
21
-60.6171170000000004
0
LINE
8
BLACK
6
CONTINUOUS
10
88.1444630000000018
20
-60.6171170000000004
11
88.0844479999999947
21
-60.4722279999999941
0
LINE
8
BLACK
6
CONTINUOUS
10
88.0844479999999947
20
-60.4722279999999941
11
88.053851999999992
21
-60.3184139999999971
0
LINE
8
BLACK
6
CONTINUOUS
10
88.053851999999992
20
-60.3184139999999971
11
88.053851999999992
21
-60.1615859999999998
0
LINE
8
BLACK
6
CONTINUOUS
10
88.053851999999992
20
-60.1615859999999998
11
88.0844479999999947
21
-60.0077719999999957
0
LINE
8
BLACK
6
CONTINUOUS
10
88.0844479999999947
20
-60.0077719999999957
11
88.1444630000000018
21
-59.8628829999999965
0
LINE
8
BLACK
6
CONTINUOUS
10
88.1444630000000018
20
-59.8628829999999965
11
88.231591999999992
21
-59.7324849999999969
0
LINE
8
BLACK
6
CONTINUOUS
10
88.231591999999992
20
-59.7324849999999969
11
88.3424849999999964
21
-59.6215919999999997
0
LINE
8
BLACK
6
CONTINUOUS
10
88.3424849999999964
20
-59.6215919999999997
11
88.4728829999999959
21
-59.5344629999999952
0
LINE
8
BLACK
6
CONTINUOUS
10
88.4728829999999959
20
-59.5344629999999952
11
88.6177720000000022
21
-59.4744479999999953
0
LINE
8
BLACK
6
CONTINUOUS
10
88.6177720000000022
20
-59.4744479999999953
11
88.7715859999999992
21
-59.4438519999999997
0
LINE
8
BLACK
6
CONTINUOUS
10
88.7715859999999992
20
-59.4438519999999997
11
88.9284139999999894
21
-59.4438519999999997
0
LINE
8
BLACK
6
CONTINUOUS
10
88.9284139999999894
20
-59.4438519999999997
11
89.0822280000000006
21
-59.4744479999999953
0
LINE
8
BLACK
6
CONTINUOUS
10
95.6422279999999887
20
-65.144447999999997
11
95.787116999999995
21
-65.2044630000000041
0
LINE
8
BLACK
6
CONTINUOUS
10
95.787116999999995
20
-65.2044630000000041
11
95.9175149999999945
21
-65.2915919999999943
0
LINE
8
BLACK
6
CONTINUOUS
10
95.9175149999999945
20
-65.2915919999999943
11
96.0284079999999989
21
-65.4024849999999986
0
LINE
8
BLACK
6
CONTINUOUS
10
96.0284079999999989
20
-65.4024849999999986
11
96.0334289999999982
21
-65.4099999999999966
0
LINE
8
BLACK
6
CONTINUOUS
10
96.0334289999999982
20
-65.4099999999999966
11
97.3265710000000013
21
-65.4099999999999966
0
LINE
8
BLACK
6
CONTINUOUS
10
97.3265710000000013
20
-65.4099999999999966
11
97.3315920000000006
21
-65.4024849999999986
0
LINE
8
BLACK
6
CONTINUOUS
10
97.3315920000000006
20
-65.4024849999999986
11
97.4424849999999907
21
-65.2915919999999943
0
LINE
8
BLACK
6
CONTINUOUS
10
97.4424849999999907
20
-65.2915919999999943
11
97.5728829999999903
21
-65.2044630000000041
0
LINE
8
BLACK
6
CONTINUOUS
10
97.5728829999999903
20
-65.2044630000000041
11
97.7177719999999965
21
-65.144447999999997
0
LINE
8
BLACK
6
CONTINUOUS
10
97.7177719999999965
20
-65.144447999999997
11
97.8715859999999935
21
-65.1138519999999943
0
LINE
8
BLACK
6
CONTINUOUS
10
97.8715859999999935
20
-65.1138519999999943
11
98.0284139999999979
21
-65.1138519999999943
0
LINE
8
BLACK
6
CONTINUOUS
10
98.0284139999999979
20
-65.1138519999999943
11
98.1822279999999949
21
-65.144447999999997
0
LINE
8
BLACK
6
CONTINUOUS
10
98.1822279999999949
20
-65.144447999999997
11
98.3271170000000012
21
-65.2044630000000041
0
LINE
8
BLACK
6
CONTINUOUS
10
98.3271170000000012
20
-65.2044630000000041
11
98.4575150000000008
21
-65.2915919999999943
0
LINE
8
BLACK
6
CONTINUOUS
10
98.4575150000000008
20
-65.2915919999999943
11
98.5684079999999909
21
-65.4024849999999986
0
LINE
8
BLACK
6
CONTINUOUS
10
98.5684079999999909
20
-65.4024849999999986
11
98.6555369999999954
21
-65.5328829999999982
0
LINE
8
BLACK
6
CONTINUOUS
10
98.6555369999999954
20
-65.5328829999999982
11
98.7155520000000024
21
-65.6777719999999903
0
LINE
8
BLACK
6
CONTINUOUS
10
98.7155520000000024
20
-65.6777719999999903
11
98.7461479999999909
21
-65.8315860000000015
0
LINE
8
BLACK
6
CONTINUOUS
10
98.7461479999999909
20
-65.8315860000000015
11
98.7461479999999909
21
-65.9884139999999917
0
LINE
8
BLACK
6
CONTINUOUS
10
98.7461479999999909
20
-65.9884139999999917
11
98.7155520000000024
21
-66.1422280000000029
0
LINE
8
BLACK
6
CONTINUOUS
10
98.7155520000000024
20
-66.1422280000000029
11
98.6555369999999954
21
-66.287116999999995
0
LINE
8
BLACK
6
CONTINUOUS
10
98.6555369999999954
20
-66.287116999999995
11
98.5684079999999909
21
-66.4175149999999945
0
LINE
8
BLACK
6
CONTINUOUS
10
98.5684079999999909
20
-66.4175149999999945
11
98.4575150000000008
21
-66.5284079999999989
0
LINE
8
BLACK
6
CONTINUOUS
10
98.4575150000000008
20
-66.5284079999999989
11
98.3271170000000012
21
-66.6155370000000033
0
LINE
8
BLACK
6
CONTINUOUS
10
98.3271170000000012
20
-66.6155370000000033
11
98.1822279999999949
21
-66.6755519999999962
0
LINE
8
BLACK
6
CONTINUOUS
10
98.1822279999999949
20
-66.6755519999999962
11
98.0284139999999979
21
-66.7061479999999989
0
LINE
8
BLACK
6
CONTINUOUS
10
98.0284139999999979
20
-66.7061479999999989
11
97.8715859999999935
21
-66.7061479999999989
0
LINE
8
BLACK
6
CONTINUOUS
10
97.8715859999999935
20
-66.7061479999999989
11
97.7177719999999965
21
-66.6755519999999962
0
LINE
8
BLACK
6
CONTINUOUS
10
97.7177719999999965
20
-66.6755519999999962
11
97.5728829999999903
21
-66.6155370000000033
0
LINE
8
BLACK
6
CONTINUOUS
10
97.5728829999999903
20
-66.6155370000000033
11
97.4424849999999907
21
-66.5284079999999989
0
LINE
8
BLACK
6
CONTINUOUS
10
97.4424849999999907
20
-66.5284079999999989
11
97.3315920000000006
21
-66.4175149999999945
0
LINE
8
BLACK
6
CONTINUOUS
10
97.3315920000000006
20
-66.4175149999999945
11
97.3265710000000013
21
-66.4099999999999966
0
LINE
8
BLACK
6
CONTINUOUS
10
97.3265710000000013
20
-66.4099999999999966
11
96.0334289999999982
21
-66.4099999999999966
0
LINE
8
BLACK
6
CONTINUOUS
10
96.0334289999999982
20
-66.4099999999999966
11
96.0284079999999989
21
-66.4175149999999945
0
LINE
8
BLACK
6
CONTINUOUS
10
96.0284079999999989
20
-66.4175149999999945
11
95.9175149999999945
21
-66.5284079999999989
0
LINE
8
BLACK
6
CONTINUOUS
10
95.9175149999999945
20
-66.5284079999999989
11
95.787116999999995
21
-66.6155370000000033
0
LINE
8
BLACK
6
CONTINUOUS
10
95.787116999999995
20
-66.6155370000000033
11
95.6422279999999887
21
-66.6755519999999962
0
LINE
8
BLACK
6
CONTINUOUS
10
95.6422279999999887
20
-66.6755519999999962
11
95.4884139999999917
21
-66.7061479999999989
0
LINE
8
BLACK
6
CONTINUOUS
10
95.4884139999999917
20
-66.7061479999999989
11
95.3315860000000015
21
-66.7061479999999989
0
LINE
8
BLACK
6
CONTINUOUS
10
95.3315860000000015
20
-66.7061479999999989
11
95.1777719999999903
21
-66.6755519999999962
0
LINE
8
BLACK
6
CONTINUOUS
10
95.1777719999999903
20
-66.6755519999999962
11
95.0328829999999982
21
-66.6155370000000033
0
LINE
8
BLACK
6
CONTINUOUS
10
95.0328829999999982
20
-66.6155370000000033
11
94.9024849999999986
21
-66.5284079999999989
0
LINE
8
BLACK
6
CONTINUOUS
10
94.9024849999999986
20
-66.5284079999999989
11
94.7915919999999943
21
-66.4175149999999945
0
LINE
8
BLACK
6
CONTINUOUS
10
94.7915919999999943
20
-66.4175149999999945
11
94.7044629999999898
21
-66.287116999999995
0
LINE
8
BLACK
6
CONTINUOUS
10
94.7044629999999898
20
-66.287116999999995
11
94.644447999999997
21
-66.1422280000000029
0
LINE
8
BLACK
6
CONTINUOUS
10
94.644447999999997
20
-66.1422280000000029
11
94.6138519999999943
21
-65.9884139999999917
0
LINE
8
BLACK
6
CONTINUOUS
10
94.6138519999999943
20
-65.9884139999999917
11
94.6138519999999943
21
-65.8315860000000015
0
LINE
8
BLACK
6
CONTINUOUS
10
94.6138519999999943
20
-65.8315860000000015
11
94.644447999999997
21
-65.6777719999999903
0
LINE
8
BLACK
6
CONTINUOUS
10
94.644447999999997
20
-65.6777719999999903
11
94.7044629999999898
21
-65.5328829999999982
0
LINE
8
BLACK
6
CONTINUOUS
10
94.7044629999999898
20
-65.5328829999999982
11
94.7915919999999943
21
-65.4024849999999986
0
LINE
8
BLACK
6
CONTINUOUS
10
94.7915919999999943
20
-65.4024849999999986
11
94.9024849999999986
21
-65.2915919999999943
0
LINE
8
BLACK
6
CONTINUOUS
10
94.9024849999999986
20
-65.2915919999999943
11
95.0328829999999982
21
-65.2044630000000041
0
LINE
8
BLACK
6
CONTINUOUS
10
95.0328829999999982
20
-65.2044630000000041
11
95.1777719999999903
21
-65.144447999999997
0
LINE
8
BLACK
6
CONTINUOUS
10
95.1777719999999903
20
-65.144447999999997
11
95.3315860000000015
21
-65.1138519999999943
0
LINE
8
BLACK
6
CONTINUOUS
10
95.3315860000000015
20
-65.1138519999999943
11
95.4884139999999917
21
-65.1138519999999943
0
LINE
8
BLACK
6
CONTINUOUS
10
95.4884139999999917
20
-65.1138519999999943
11
95.6422279999999887
21
-65.144447999999997
0
LINE
8
BLACK
6
CONTINUOUS
10
89.0822280000000006
20
-51.8544479999999979
11
89.2271169999999927
21
-51.9144629999999978
0
LINE
8
BLACK
6
CONTINUOUS
10
89.2271169999999927
20
-51.9144629999999978
11
89.3575149999999923
21
-52.0015919999999952
0
LINE
8
BLACK
6
CONTINUOUS
10
89.3575149999999923
20
-52.0015919999999952
11
89.4684079999999966
21
-52.1124849999999995
0
LINE
8
BLACK
6
CONTINUOUS
10
89.4684079999999966
20
-52.1124849999999995
11
89.5555370000000011
21
-52.2428829999999991
0
LINE
8
BLACK
6
CONTINUOUS
10
89.5555370000000011
20
-52.2428829999999991
11
89.6155519999999939
21
-52.3877719999999982
0
LINE
8
BLACK
6
CONTINUOUS
10
89.6155519999999939
20
-52.3877719999999982
11
89.6461479999999966
21
-52.5415859999999952
0
LINE
8
BLACK
6
CONTINUOUS
10
89.6461479999999966
20
-52.5415859999999952
11
89.6461479999999966
21
-52.6984139999999996
0
LINE
8
BLACK
6
CONTINUOUS
10
89.6461479999999966
20
-52.6984139999999996
11
89.6155519999999939
21
-52.8522279999999967
0
LINE
8
BLACK
6
CONTINUOUS
10
89.6155519999999939
20
-52.8522279999999967
11
89.5555370000000011
21
-52.9971169999999958
0
LINE
8
BLACK
6
CONTINUOUS
10
89.5555370000000011
20
-52.9971169999999958
11
89.4684079999999966
21
-53.1275149999999954
0
LINE
8
BLACK
6
CONTINUOUS
10
89.4684079999999966
20
-53.1275149999999954
11
89.3575149999999923
21
-53.2384079999999997
0
LINE
8
BLACK
6
CONTINUOUS
10
89.3575149999999923
20
-53.2384079999999997
11
89.2271169999999927
21
-53.3255369999999971
0
LINE
8
BLACK
6
CONTINUOUS
10
89.2271169999999927
20
-53.3255369999999971
11
89.0822280000000006
21
-53.385551999999997
0
LINE
8
BLACK
6
CONTINUOUS
10
89.0822280000000006
20
-53.385551999999997
11
88.9284139999999894
21
-53.4161479999999997
0
LINE
8
BLACK
6
CONTINUOUS
10
88.9284139999999894
20
-53.4161479999999997
11
88.7715859999999992
21
-53.4161479999999997
0
LINE
8
BLACK
6
CONTINUOUS
10
88.7715859999999992
20
-53.4161479999999997
11
88.6177720000000022
21
-53.385551999999997
0
LINE
8
BLACK
6
CONTINUOUS
10
88.6177720000000022
20
-53.385551999999997
11
88.4728829999999959
21
-53.3255369999999971
0
LINE
8
BLACK
6
CONTINUOUS
10
88.4728829999999959
20
-53.3255369999999971
11
88.3424849999999964
21
-53.2384079999999997
0
LINE
8
BLACK
6
CONTINUOUS
10
88.3424849999999964
20
-53.2384079999999997
11
88.231591999999992
21
-53.1275149999999954
0
LINE
8
BLACK
6
CONTINUOUS
10
88.231591999999992
20
-53.1275149999999954
11
88.2265709999999928
21
-53.1199999999999974
0
LINE
8
BLACK
6
CONTINUOUS
10
88.2265709999999928
20
-53.1199999999999974
11
82.5459929999999957
21
-53.1199999999999974
0
LINE
8
BLACK
6
CONTINUOUS
10
82.5459929999999957
20
-53.1199999999999974
11
82.5459929999999957
21
-53.2619970000000009
0
LINE
8
BLACK
6
CONTINUOUS
10
82.5459929999999957
20
-53.2619970000000009
11
82.5140809999999902
21
-53.4634789999999995
0
LINE
8
BLACK
6
CONTINUOUS
10
82.5140809999999902
20
-53.4634789999999995
11
82.4510429999999985
21
-53.6574880000000007
0
LINE
8
BLACK
6
CONTINUOUS
10
82.4510429999999985
20
-53.6574880000000007
11
82.3584319999999934
21
-53.8392479999999978
0
LINE
8
BLACK
6
CONTINUOUS
10
82.3584319999999934
20
-53.8392479999999978
11
82.2385280000000023
21
-54.0042819999999963
0
LINE
8
BLACK
6
CONTINUOUS
10
82.2385280000000023
20
-54.0042819999999963
11
82.0942819999999926
21
-54.1485279999999989
0
LINE
8
BLACK
6
CONTINUOUS
10
82.0942819999999926
20
-54.1485279999999989
11
81.9292480000000012
21
-54.2684319999999971
0
LINE
8
BLACK
6
CONTINUOUS
10
81.9292480000000012
20
-54.2684319999999971
11
81.7474879999999899
21
-54.3610429999999951
0
LINE
8
BLACK
6
CONTINUOUS
10
81.7474879999999899
20
-54.3610429999999951
11
81.5534789999999958
21
-54.424081000000001
0
LINE
8
BLACK
6
CONTINUOUS
10
81.5534789999999958
20
-54.424081000000001
11
81.3519969999999972
21
-54.4559929999999994
0
LINE
8
BLACK
6
CONTINUOUS
10
81.3519969999999972
20
-54.4559929999999994
11
81.1480030000000028
21
-54.4559929999999994
0
LINE
8
BLACK
6
CONTINUOUS
10
81.1480030000000028
20
-54.4559929999999994
11
80.94652099999999
21
-54.424081000000001
0
LINE
8
BLACK
6
CONTINUOUS
10
80.94652099999999
20
-54.424081000000001
11
80.7525119999999959
21
-54.3610429999999951
0
LINE
8
BLACK
6
CONTINUOUS
10
80.7525119999999959
20
-54.3610429999999951
11
80.5707519999999988
21
-54.2684319999999971
0
LINE
8
BLACK
6
CONTINUOUS
10
80.5707519999999988
20
-54.2684319999999971
11
80.4057179999999931
21
-54.1485279999999989
0
LINE
8
BLACK
6
CONTINUOUS
10
80.4057179999999931
20
-54.1485279999999989
11
80.2614719999999977
21
-54.0042819999999963
0
LINE
8
BLACK
6
CONTINUOUS
10
80.2614719999999977
20
-54.0042819999999963
11
80.1415679999999924
21
-53.8392479999999978
0
LINE
8
BLACK
6
CONTINUOUS
10
80.1415679999999924
20
-53.8392479999999978
11
80.0489570000000015
21
-53.6574880000000007
0
LINE
8
BLACK
6
CONTINUOUS
10
80.0489570000000015
20
-53.6574880000000007
11
79.9859189999999955
21
-53.4634789999999995
0
LINE
8
BLACK
6
CONTINUOUS
10
79.9859189999999955
20
-53.4634789999999995
11
79.9540069999999901
21
-53.2619970000000009
0
LINE
8
BLACK
6
CONTINUOUS
10
79.9540069999999901
20
-53.2619970000000009
11
79.9540069999999901
21
-53.0580029999999994
0
LINE
8
BLACK
6
CONTINUOUS
10
79.9540069999999901
20
-53.0580029999999994
11
79.9859189999999955
21
-52.8565210000000008
0
LINE
8
BLACK
6
CONTINUOUS
10
79.9859189999999955
20
-52.8565210000000008
11
80.0489570000000015
21
-52.6625119999999995
0
LINE
8
BLACK
6
CONTINUOUS
10
80.0489570000000015
20
-52.6625119999999995
11
80.1415679999999924
21
-52.4807519999999954
0
LINE
8
BLACK
6
CONTINUOUS
10
80.1415679999999924
20
-52.4807519999999954
11
80.2614719999999977
21
-52.3157179999999968
0
LINE
8
BLACK
6
CONTINUOUS
10
80.2614719999999977
20
-52.3157179999999968
11
80.4057179999999931
21
-52.1714719999999943
0
LINE
8
BLACK
6
CONTINUOUS
10
80.4057179999999931
20
-52.1714719999999943
11
80.5707519999999988
21
-52.0515679999999961
0
LINE
8
BLACK
6
CONTINUOUS
10
80.5707519999999988
20
-52.0515679999999961
11
80.7525119999999959
21
-51.9589569999999981
0
LINE
8
BLACK
6
CONTINUOUS
10
80.7525119999999959
20
-51.9589569999999981
11
80.94652099999999
21
-51.8959189999999992
0
LINE
8
BLACK
6
CONTINUOUS
10
80.94652099999999
20
-51.8959189999999992
11
81.1480030000000028
21
-51.8640070000000009
0
LINE
8
BLACK
6
CONTINUOUS
10
81.1480030000000028
20
-51.8640070000000009
11
81.3519969999999972
21
-51.8640070000000009
0
LINE
8
BLACK
6
CONTINUOUS
10
81.3519969999999972
20
-51.8640070000000009
11
81.5534789999999958
21
-51.8959189999999992
0
LINE
8
BLACK
6
CONTINUOUS
10
81.5534789999999958
20
-51.8959189999999992
11
81.7474879999999899
21
-51.9589569999999981
0
LINE
8
BLACK
6
CONTINUOUS
10
81.7474879999999899
20
-51.9589569999999981
11
81.9292480000000012
21
-52.0515679999999961
0
LINE
8
BLACK
6
CONTINUOUS
10
81.9292480000000012
20
-52.0515679999999961
11
82.0234370000000013
21
-52.1199999999999974
0
LINE
8
BLACK
6
CONTINUOUS
10
82.0234370000000013
20
-52.1199999999999974
11
88.2265709999999928
21
-52.1199999999999974
0
LINE
8
BLACK
6
CONTINUOUS
10
88.2265709999999928
20
-52.1199999999999974
11
88.231591999999992
21
-52.1124849999999995
0
LINE
8
BLACK
6
CONTINUOUS
10
88.231591999999992
20
-52.1124849999999995
11
88.3424849999999964
21
-52.0015919999999952
0
LINE
8
BLACK
6
CONTINUOUS
10
88.3424849999999964
20
-52.0015919999999952
11
88.4728829999999959
21
-51.9144629999999978
0
LINE
8
BLACK
6
CONTINUOUS
10
88.4728829999999959
20
-51.9144629999999978
11
88.6177720000000022
21
-51.8544479999999979
0
LINE
8
BLACK
6
CONTINUOUS
10
88.6177720000000022
20
-51.8544479999999979
11
88.7715859999999992
21
-51.8238519999999951
0
LINE
8
BLACK
6
CONTINUOUS
10
88.7715859999999992
20
-51.8238519999999951
11
88.9284139999999894
21
-51.8238519999999951
0
LINE
8
BLACK
6
CONTINUOUS
10
88.9284139999999894
20
-51.8238519999999951
11
89.0822280000000006
21
-51.8544479999999979
0
LINE
8
BLACK
6
CONTINUOUS
10
95.2822279999999893
20
-51.7544479999999965
11
95.4271169999999955
21
-51.8144629999999964
0
LINE
8
BLACK
6
CONTINUOUS
10
95.4271169999999955
20
-51.8144629999999964
11
95.5575149999999951
21
-51.9015920000000008
0
LINE
8
BLACK
6
CONTINUOUS
10
95.5575149999999951
20
-51.9015920000000008
11
95.6684079999999994
21
-52.0124849999999981
0
LINE
8
BLACK
6
CONTINUOUS
10
95.6684079999999994
20
-52.0124849999999981
11
95.6734289999999987
21
-52.019999999999996
0
LINE
8
BLACK
6
CONTINUOUS
10
95.6734289999999987
20
-52.019999999999996
11
101.9628269999999901
21
-52.019999999999996
0
LINE
8
BLACK
6
CONTINUOUS
10
101.9628269999999901
20
-52.019999999999996
11
102.0432519999999954
21
-51.9615679999999998
0
LINE
8
BLACK
6
CONTINUOUS
10
102.0432519999999954
20
-51.9615679999999998
11
102.2250119999999924
21
-51.8689569999999947
0
LINE
8
BLACK
6
CONTINUOUS
10
102.2250119999999924
20
-51.8689569999999947
11
102.4190210000000008
21
-51.8059189999999958
0
LINE
8
BLACK
6
CONTINUOUS
10
102.4190210000000008
20
-51.8059189999999958
11
102.6205029999999994
21
-51.7740069999999974
0
LINE
8
BLACK
6
CONTINUOUS
10
102.6205029999999994
20
-51.7740069999999974
11
102.8244969999999938
21
-51.7740069999999974
0
LINE
8
BLACK
6
CONTINUOUS
10
102.8244969999999938
20
-51.7740069999999974
11
103.0259789999999924
21
-51.8059189999999958
0
LINE
8
BLACK
6
CONTINUOUS
10
103.0259789999999924
20
-51.8059189999999958
11
103.2199880000000007
21
-51.8689569999999947
0
LINE
8
BLACK
6
CONTINUOUS
10
103.2199880000000007
20
-51.8689569999999947
11
103.4017479999999978
21
-51.9615679999999998
0
LINE
8
BLACK
6
CONTINUOUS
10
103.4017479999999978
20
-51.9615679999999998
11
103.5667819999999892
21
-52.081471999999998
0
LINE
8
BLACK
6
CONTINUOUS
10
103.5667819999999892
20
-52.081471999999998
11
103.7110279999999989
21
-52.2257180000000005
0
LINE
8
BLACK
6
CONTINUOUS
10
103.7110279999999989
20
-52.2257180000000005
11
103.83093199999999
21
-52.3907519999999991
0
LINE
8
BLACK
6
CONTINUOUS
10
103.83093199999999
20
-52.3907519999999991
11
103.9235429999999951
21
-52.5725119999999961
0
LINE
8
BLACK
6
CONTINUOUS
10
103.9235429999999951
20
-52.5725119999999961
11
103.986581000000001
21
-52.7665209999999973
0
LINE
8
BLACK
6
CONTINUOUS
10
103.986581000000001
20
-52.7665209999999973
11
104.0184929999999923
21
-52.968002999999996
0
LINE
8
BLACK
6
CONTINUOUS
10
104.0184929999999923
20
-52.968002999999996
11
104.0184929999999923
21
-53.1719969999999975
0
LINE
8
BLACK
6
CONTINUOUS
10
104.0184929999999923
20
-53.1719969999999975
11
103.986581000000001
21
-53.3734789999999961
0
LINE
8
BLACK
6
CONTINUOUS
10
103.986581000000001
20
-53.3734789999999961
11
103.9235429999999951
21
-53.5674879999999973
0
LINE
8
BLACK
6
CONTINUOUS
10
103.9235429999999951
20
-53.5674879999999973
11
103.83093199999999
21
-53.7492479999999944
0
LINE
8
BLACK
6
CONTINUOUS
10
103.83093199999999
20
-53.7492479999999944
11
103.7110279999999989
21
-53.914282
0
LINE
8
BLACK
6
CONTINUOUS
10
103.7110279999999989
20
-53.914282
11
103.5667819999999892
21
-54.0585279999999955
0
LINE
8
BLACK
6
CONTINUOUS
10
103.5667819999999892
20
-54.0585279999999955
11
103.4017479999999978
21
-54.1784320000000008
0
LINE
8
BLACK
6
CONTINUOUS
10
103.4017479999999978
20
-54.1784320000000008
11
103.2199880000000007
21
-54.2710429999999988
0
LINE
8
BLACK
6
CONTINUOUS
10
103.2199880000000007
20
-54.2710429999999988
11
103.0259789999999924
21
-54.3340809999999976
0
LINE
8
BLACK
6
CONTINUOUS
10
103.0259789999999924
20
-54.3340809999999976
11
102.8244969999999938
21
-54.365992999999996
0
LINE
8
BLACK
6
CONTINUOUS
10
102.8244969999999938
20
-54.365992999999996
11
102.6205029999999994
21
-54.365992999999996
0
LINE
8
BLACK
6
CONTINUOUS
10
102.6205029999999994
20
-54.365992999999996
11
102.4190210000000008
21
-54.3340809999999976
0
LINE
8
BLACK
6
CONTINUOUS
10
102.4190210000000008
20
-54.3340809999999976
11
102.2250119999999924
21
-54.2710429999999988
0
LINE
8
BLACK
6
CONTINUOUS
10
102.2250119999999924
20
-54.2710429999999988
11
102.0432519999999954
21
-54.1784320000000008
0
LINE
8
BLACK
6
CONTINUOUS
10
102.0432519999999954
20
-54.1784320000000008
11
101.8782179999999897
21
-54.0585279999999955
0
LINE
8
BLACK
6
CONTINUOUS
10
101.8782179999999897
20
-54.0585279999999955
11
101.7339719999999943
21
-53.914282
0
LINE
8
BLACK
6
CONTINUOUS
10
101.7339719999999943
20
-53.914282
11
101.614067999999989
21
-53.7492479999999944
0
LINE
8
BLACK
6
CONTINUOUS
10
101.614067999999989
20
-53.7492479999999944
11
101.5214569999999981
21
-53.5674879999999973
0
LINE
8
BLACK
6
CONTINUOUS
10
101.5214569999999981
20
-53.5674879999999973
11
101.4584189999999921
21
-53.3734789999999961
0
LINE
8
BLACK
6
CONTINUOUS
10
101.4584189999999921
20
-53.3734789999999961
11
101.4265070000000009
21
-53.1719969999999975
0
LINE
8
BLACK
6
CONTINUOUS
10
101.4265070000000009
20
-53.1719969999999975
11
101.4265070000000009
21
-53.019999999999996
0
LINE
8
BLACK
6
CONTINUOUS
10
101.4265070000000009
20
-53.019999999999996
11
95.6734289999999987
21
-53.019999999999996
0
LINE
8
BLACK
6
CONTINUOUS
10
95.6734289999999987
20
-53.019999999999996
11
95.6684079999999994
21
-53.0275150000000011
0
LINE
8
BLACK
6
CONTINUOUS
10
95.6684079999999994
20
-53.0275150000000011
11
95.5575149999999951
21
-53.1384079999999983
0
LINE
8
BLACK
6
CONTINUOUS
10
95.5575149999999951
20
-53.1384079999999983
11
95.4271169999999955
21
-53.2255369999999957
0
LINE
8
BLACK
6
CONTINUOUS
10
95.4271169999999955
20
-53.2255369999999957
11
95.2822279999999893
21
-53.2855519999999956
0
LINE
8
BLACK
6
CONTINUOUS
10
95.2822279999999893
20
-53.2855519999999956
11
95.1284139999999923
21
-53.3161479999999983
0
LINE
8
BLACK
6
CONTINUOUS
10
95.1284139999999923
20
-53.3161479999999983
11
94.9715860000000021
21
-53.3161479999999983
0
LINE
8
BLACK
6
CONTINUOUS
10
94.9715860000000021
20
-53.3161479999999983
11
94.8177719999999908
21
-53.2855519999999956
0
LINE
8
BLACK
6
CONTINUOUS
10
94.8177719999999908
20
-53.2855519999999956
11
94.6728829999999988
21
-53.2255369999999957
0
LINE
8
BLACK
6
CONTINUOUS
10
94.6728829999999988
20
-53.2255369999999957
11
94.5424849999999992
21
-53.1384079999999983
0
LINE
8
BLACK
6
CONTINUOUS
10
94.5424849999999992
20
-53.1384079999999983
11
94.4315919999999949
21
-53.0275150000000011
0
LINE
8
BLACK
6
CONTINUOUS
10
94.4315919999999949
20
-53.0275150000000011
11
94.3444629999999904
21
-52.8971169999999944
0
LINE
8
BLACK
6
CONTINUOUS
10
94.3444629999999904
20
-52.8971169999999944
11
94.2844479999999976
21
-52.7522279999999952
0
LINE
8
BLACK
6
CONTINUOUS
10
94.2844479999999976
20
-52.7522279999999952
11
94.2538519999999949
21
-52.5984139999999982
0
LINE
8
BLACK
6
CONTINUOUS
10
94.2538519999999949
20
-52.5984139999999982
11
94.2538519999999949
21
-52.4415860000000009
0
LINE
8
BLACK
6
CONTINUOUS
10
94.2538519999999949
20
-52.4415860000000009
11
94.2844479999999976
21
-52.2877719999999968
0
LINE
8
BLACK
6
CONTINUOUS
10
94.2844479999999976
20
-52.2877719999999968
11
94.3444629999999904
21
-52.1428829999999977
0
LINE
8
BLACK
6
CONTINUOUS
10
94.3444629999999904
20
-52.1428829999999977
11
94.4315919999999949
21
-52.0124849999999981
0
LINE
8
BLACK
6
CONTINUOUS
10
94.4315919999999949
20
-52.0124849999999981
11
94.5424849999999992
21
-51.9015920000000008
0
LINE
8
BLACK
6
CONTINUOUS
10
94.5424849999999992
20
-51.9015920000000008
11
94.6728829999999988
21
-51.8144629999999964
0
LINE
8
BLACK
6
CONTINUOUS
10
94.6728829999999988
20
-51.8144629999999964
11
94.8177719999999908
21
-51.7544479999999965
0
LINE
8
BLACK
6
CONTINUOUS
10
94.8177719999999908
20
-51.7544479999999965
11
94.9715860000000021
21
-51.7238520000000008
0
LINE
8
BLACK
6
CONTINUOUS
10
94.9715860000000021
20
-51.7238520000000008
11
95.1284139999999923
21
-51.7238520000000008
0
LINE
8
BLACK
6
CONTINUOUS
10
95.1284139999999923
20
-51.7238520000000008
11
95.2822279999999893
21
-51.7544479999999965
0
LINE
8
BLACK
6
CONTINUOUS
10
88.0222279999999984
20
-65.144447999999997
11
88.1671169999999904
21
-65.2044630000000041
0
LINE
8
BLACK
6
CONTINUOUS
10
88.1671169999999904
20
-65.2044630000000041
11
88.29751499999999
21
-65.2915919999999943
0
LINE
8
BLACK
6
CONTINUOUS
10
88.29751499999999
20
-65.2915919999999943
11
88.4084079999999943
21
-65.4024849999999986
0
LINE
8
BLACK
6
CONTINUOUS
10
88.4084079999999943
20
-65.4024849999999986
11
88.4955369999999988
21
-65.5328829999999982
0
LINE
8
BLACK
6
CONTINUOUS
10
88.4955369999999988
20
-65.5328829999999982
11
88.5555519999999916
21
-65.6777719999999903
0
LINE
8
BLACK
6
CONTINUOUS
10
88.5555519999999916
20
-65.6777719999999903
11
88.5861479999999943
21
-65.8315860000000015
0
LINE
8
BLACK
6
CONTINUOUS
10
88.5861479999999943
20
-65.8315860000000015
11
88.5861479999999943
21
-65.9884139999999917
0
LINE
8
BLACK
6
CONTINUOUS
10
88.5861479999999943
20
-65.9884139999999917
11
88.5555519999999916
21
-66.1422280000000029
0
LINE
8
BLACK
6
CONTINUOUS
10
88.5555519999999916
20
-66.1422280000000029
11
88.4955369999999988
21
-66.287116999999995
0
LINE
8
BLACK
6
CONTINUOUS
10
88.4955369999999988
20
-66.287116999999995
11
88.4084079999999943
21
-66.4175149999999945
0
LINE
8
BLACK
6
CONTINUOUS
10
88.4084079999999943
20
-66.4175149999999945
11
88.29751499999999
21
-66.5284079999999989
0
LINE
8
BLACK
6
CONTINUOUS
10
88.29751499999999
20
-66.5284079999999989
11
88.1671169999999904
21
-66.6155370000000033
0
LINE
8
BLACK
6
CONTINUOUS
10
88.1671169999999904
20
-66.6155370000000033
11
88.0222279999999984
21
-66.6755519999999962
0
LINE
8
BLACK
6
CONTINUOUS
10
88.0222279999999984
20
-66.6755519999999962
11
87.8684140000000014
21
-66.7061479999999989
0
LINE
8
BLACK
6
CONTINUOUS
10
87.8684140000000014
20
-66.7061479999999989
11
87.7115859999999969
21
-66.7061479999999989
0
LINE
8
BLACK
6
CONTINUOUS
10
87.7115859999999969
20
-66.7061479999999989
11
87.5577719999999999
21
-66.6755519999999962
0
LINE
8
BLACK
6
CONTINUOUS
10
87.5577719999999999
20
-66.6755519999999962
11
87.4128829999999937
21
-66.6155370000000033
0
LINE
8
BLACK
6
CONTINUOUS
10
87.4128829999999937
20
-66.6155370000000033
11
87.2824849999999941
21
-66.5284079999999989
0
LINE
8
BLACK
6
CONTINUOUS
10
87.2824849999999941
20
-66.5284079999999989
11
87.1715919999999898
21
-66.4175149999999945
0
LINE
8
BLACK
6
CONTINUOUS
10
87.1715919999999898
20
-66.4175149999999945
11
87.0844629999999995
21
-66.287116999999995
0
LINE
8
BLACK
6
CONTINUOUS
10
87.0844629999999995
20
-66.287116999999995
11
87.0244479999999925
21
-66.1422280000000029
0
LINE
8
BLACK
6
CONTINUOUS
10
87.0244479999999925
20
-66.1422280000000029
11
86.9938519999999897
21
-65.9884139999999917
0
LINE
8
BLACK
6
CONTINUOUS
10
86.9938519999999897
20
-65.9884139999999917
11
86.9938519999999897
21
-65.8315860000000015
0
LINE
8
BLACK
6
CONTINUOUS
10
86.9938519999999897
20
-65.8315860000000015
11
87.0244479999999925
21
-65.6777719999999903
0
LINE
8
BLACK
6
CONTINUOUS
10
87.0244479999999925
20
-65.6777719999999903
11
87.0844629999999995
21
-65.5328829999999982
0
LINE
8
BLACK
6
CONTINUOUS
10
87.0844629999999995
20
-65.5328829999999982
11
87.1715919999999898
21
-65.4024849999999986
0
LINE
8
BLACK
6
CONTINUOUS
10
87.1715919999999898
20
-65.4024849999999986
11
87.2824849999999941
21
-65.2915919999999943
0
LINE
8
BLACK
6
CONTINUOUS
10
87.2824849999999941
20
-65.2915919999999943
11
87.4128829999999937
21
-65.2044630000000041
0
LINE
8
BLACK
6
CONTINUOUS
10
87.4128829999999937
20
-65.2044630000000041
11
87.5577719999999999
21
-65.144447999999997
0
LINE
8
BLACK
6
CONTINUOUS
10
87.5577719999999999
20
-65.144447999999997
11
87.7115859999999969
21
-65.1138519999999943
0
LINE
8
BLACK
6
CONTINUOUS
10
87.7115859999999969
20
-65.1138519999999943
11
87.8684140000000014
21
-65.1138519999999943
0
LINE
8
BLACK
6
CONTINUOUS
10
87.8684140000000014
20
-65.1138519999999943
11
88.0222279999999984
21
-65.144447999999997
0
LINE
8
BLACK
6
CONTINUOUS
10
117.7537359999999893
20
-22.5107259999999982
11
118.0437960000000004
21
-22.5282710000000002
0
LINE
8
BLACK
6
CONTINUOUS
10
118.0437960000000004
20
-22.5282710000000002
11
118.0586589999999916
21
-22.5300759999999975
0
LINE
8
BLACK
6
CONTINUOUS
10
118.0586589999999916
20
-22.5300759999999975
11
118.3407969999999949
21
-22.5817799999999984
0
LINE
8
BLACK
6
CONTINUOUS
10
118.3407969999999949
20
-22.5817799999999984
11
118.3553339999999992
21
-22.5853629999999974
0
LINE
8
BLACK
6
CONTINUOUS
10
118.3553339999999992
20
-22.5853629999999974
11
118.6291820000000001
21
-22.670697999999998
0
LINE
8
BLACK
6
CONTINUOUS
10
118.6291820000000001
20
-22.670697999999998
11
118.6431630000000013
21
-22.6759999999999984
0
LINE
8
BLACK
6
CONTINUOUS
10
118.6431630000000013
20
-22.6759999999999984
11
118.9047339999999906
21
-22.7937239999999974
0
LINE
8
BLACK
6
CONTINUOUS
10
118.9047339999999906
20
-22.7937239999999974
11
118.9179869999999966
21
-22.8006799999999998
0
LINE
8
BLACK
6
CONTINUOUS
10
118.9179869999999966
20
-22.8006799999999998
11
119.1634579999999914
21
-22.949071
0
LINE
8
BLACK
6
CONTINUOUS
10
119.1634579999999914
20
-22.949071
11
119.175775999999999
21
-22.957573
0
LINE
8
BLACK
6
CONTINUOUS
10
119.175775999999999
20
-22.957573
11
119.4015729999999991
21
-23.1344739999999973
0
LINE
8
BLACK
6
CONTINUOUS
10
119.4015729999999991
20
-23.1344739999999973
11
119.4127809999999954
21
-23.144403999999998
0
LINE
8
BLACK
6
CONTINUOUS
10
119.4127809999999954
20
-23.144403999999998
11
119.615594999999999
21
-23.347217999999998
0
LINE
8
BLACK
6
CONTINUOUS
10
119.615594999999999
20
-23.347217999999998
11
119.6255249999999961
21
-23.3584259999999979
0
LINE
8
BLACK
6
CONTINUOUS
10
119.6255249999999961
20
-23.3584259999999979
11
119.8024219999999929
21
-23.5842169999999989
0
LINE
8
BLACK
6
CONTINUOUS
10
119.8024219999999929
20
-23.5842169999999989
11
119.8109279999999899
21
-23.5965409999999984
0
LINE
8
BLACK
6
CONTINUOUS
10
119.8109279999999899
20
-23.5965409999999984
11
119.9593189999999936
21
-23.8420120000000004
0
LINE
8
BLACK
6
CONTINUOUS
10
119.9593189999999936
20
-23.8420120000000004
11
119.9662769999999909
21
-23.8552689999999998
0
LINE
8
BLACK
6
CONTINUOUS
10
119.9662769999999909
20
-23.8552689999999998
11
120.0839939999999899
21
-24.1168230000000001
0
LINE
8
BLACK
6
CONTINUOUS
10
120.0839939999999899
20
-24.1168230000000001
11
120.0893039999999985
21
-24.130824999999998
0
LINE
8
BLACK
6
CONTINUOUS
10
120.0893039999999985
20
-24.130824999999998
11
120.174634999999995
21
-24.4046640000000004
0
LINE
8
BLACK
6
CONTINUOUS
10
120.174634999999995
20
-24.4046640000000004
11
120.1782189999999986
21
-24.4192019999999985
0
LINE
8
BLACK
6
CONTINUOUS
10
120.1782189999999986
20
-24.4192019999999985
11
120.2299229999999994
21
-24.7013399999999983
0
LINE
8
BLACK
6
CONTINUOUS
10
120.2299229999999994
20
-24.7013399999999983
11
120.2317279999999897
21
-24.7162049999999986
0
LINE
8
BLACK
6
CONTINUOUS
10
120.2317279999999897
20
-24.7162049999999986
11
120.2492739999999998
21
-25.0062630000000006
0
LINE
8
BLACK
6
CONTINUOUS
10
120.2492739999999998
20
-25.0062630000000006
11
120.2494999999999976
21
-25.0137499999999982
0
LINE
8
BLACK
6
CONTINUOUS
10
120.2494999999999976
20
-25.0137499999999982
11
120.2494999999999976
21
-108.0062489999999968
0
LINE
8
BLACK
6
CONTINUOUS
10
120.2494999999999976
20
-108.0062489999999968
11
120.2492739999999998
21
-108.0137359999999944
0
LINE
8
BLACK
6
CONTINUOUS
10
120.2492739999999998
20
-108.0137359999999944
11
120.2317279999999897
21
-108.3037939999999963
0
LINE
8
BLACK
6
CONTINUOUS
10
120.2317279999999897
20
-108.3037939999999963
11
120.2299229999999994
21
-108.3186589999999967
0
LINE
8
BLACK
6
CONTINUOUS
10
120.2299229999999994
20
-108.3186589999999967
11
120.1782189999999986
21
-108.600797
0
LINE
8
BLACK
6
CONTINUOUS
10
120.1782189999999986
20
-108.600797
11
120.174634999999995
21
-108.6153350000000017
0
LINE
8
BLACK
6
CONTINUOUS
10
120.174634999999995
20
-108.6153350000000017
11
120.0893039999999985
21
-108.889173999999997
0
LINE
8
BLACK
6
CONTINUOUS
10
120.0893039999999985
20
-108.889173999999997
11
120.0839939999999899
21
-108.903176000000002
0
LINE
8
BLACK
6
CONTINUOUS
10
120.0839939999999899
20
-108.903176000000002
11
119.9662769999999909
21
-109.1647299999999916
0
LINE
8
BLACK
6
CONTINUOUS
10
119.9662769999999909
20
-109.1647299999999916
11
119.9593189999999936
21
-109.1779870000000017
0
LINE
8
BLACK
6
CONTINUOUS
10
119.9593189999999936
20
-109.1779870000000017
11
119.8109279999999899
21
-109.4234579999999966
0
LINE
8
BLACK
6
CONTINUOUS
10
119.8109279999999899
20
-109.4234579999999966
11
119.8024219999999929
21
-109.435781999999989
0
LINE
8
BLACK
6
CONTINUOUS
10
119.8024219999999929
20
-109.435781999999989
11
119.6255249999999961
21
-109.66157299999999
0
LINE
8
BLACK
6
CONTINUOUS
10
119.6255249999999961
20
-109.66157299999999
11
119.615594999999999
21
-109.6727810000000005
0
LINE
8
BLACK
6
CONTINUOUS
10
119.615594999999999
20
-109.6727810000000005
11
119.4127809999999954
21
-109.8755949999999899
0
LINE
8
BLACK
6
CONTINUOUS
10
119.4127809999999954
20
-109.8755949999999899
11
119.4015729999999991
21
-109.8855250000000012
0
LINE
8
BLACK
6
CONTINUOUS
10
119.4015729999999991
20
-109.8855250000000012
11
119.1757819999999981
21
-110.062421999999998
0
LINE
8
BLACK
6
CONTINUOUS
10
119.1757819999999981
20
-110.062421999999998
11
119.1634579999999914
21
-110.070927999999995
0
LINE
8
BLACK
6
CONTINUOUS
10
119.1634579999999914
20
-110.070927999999995
11
118.9179869999999966
21
-110.2193189999999987
0
LINE
8
BLACK
6
CONTINUOUS
10
118.9179869999999966
20
-110.2193189999999987
11
118.9047300000000007
21
-110.2262769999999961
0
LINE
8
BLACK
6
CONTINUOUS
10
118.9047300000000007
20
-110.2262769999999961
11
118.6431759999999969
21
-110.343993999999995
0
LINE
8
BLACK
6
CONTINUOUS
10
118.6431759999999969
20
-110.343993999999995
11
118.6291739999999919
21
-110.3493039999999894
0
LINE
8
BLACK
6
CONTINUOUS
10
118.6291739999999919
20
-110.3493039999999894
11
118.3553349999999966
21
-110.4346350000000001
0
LINE
8
BLACK
6
CONTINUOUS
10
118.3553349999999966
20
-110.4346350000000001
11
118.3407969999999949
21
-110.4382189999999895
0
LINE
8
BLACK
6
CONTINUOUS
10
118.3407969999999949
20
-110.4382189999999895
11
118.0586589999999916
21
-110.4899229999999903
0
LINE
8
BLACK
6
CONTINUOUS
10
118.0586589999999916
20
-110.4899229999999903
11
118.0437939999999912
21
-110.4917279999999948
0
LINE
8
BLACK
6
CONTINUOUS
10
118.0437939999999912
20
-110.4917279999999948
11
117.7537359999999893
21
-110.5092739999999907
0
LINE
8
BLACK
6
CONTINUOUS
10
117.7537359999999893
20
-110.5092739999999907
11
117.7462489999999917
21
-110.5094999999999885
0
LINE
8
BLACK
6
CONTINUOUS
10
117.7462489999999917
20
-110.5094999999999885
11
65.7537509999999941
21
-110.5094999999999885
0
LINE
8
BLACK
6
CONTINUOUS
10
65.7537509999999941
20
-110.5094999999999885
11
65.7462639999999965
21
-110.5092739999999907
0
LINE
8
BLACK
6
CONTINUOUS
10
65.7462639999999965
20
-110.5092739999999907
11
65.4562049999999971
21
-110.4917279999999948
0
LINE
8
BLACK
6
CONTINUOUS
10
65.4562049999999971
20
-110.4917279999999948
11
65.4413399999999967
21
-110.4899229999999903
0
LINE
8
BLACK
6
CONTINUOUS
10
65.4413399999999967
20
-110.4899229999999903
11
65.1592019999999934
21
-110.4382189999999895
0
LINE
8
BLACK
6
CONTINUOUS
10
65.1592019999999934
20
-110.4382189999999895
11
65.1446639999999917
21
-110.4346350000000001
0
LINE
8
BLACK
6
CONTINUOUS
10
65.1446639999999917
20
-110.4346350000000001
11
64.8708249999999964
21
-110.3493039999999894
0
LINE
8
BLACK
6
CONTINUOUS
10
64.8708249999999964
20
-110.3493039999999894
11
64.8568269999999956
21
-110.3439949999999925
0
LINE
8
BLACK
6
CONTINUOUS
10
64.8568269999999956
20
-110.3439949999999925
11
64.7040959999999927
21
-110.2752559999999988
0
LINE
8
BLACK
6
CONTINUOUS
10
64.7040959999999927
20
-110.2752559999999988
11
64.5952690000000018
21
-110.2262769999999961
0
LINE
8
BLACK
6
CONTINUOUS
10
64.5952690000000018
20
-110.2262769999999961
11
64.5820119999999918
21
-110.2193189999999987
0
LINE
8
BLACK
6
CONTINUOUS
10
64.5820119999999918
20
-110.2193189999999987
11
64.3365409999999969
21
-110.070927999999995
0
LINE
8
BLACK
6
CONTINUOUS
10
64.3365409999999969
20
-110.070927999999995
11
64.3242169999999902
21
-110.062421999999998
0
LINE
8
BLACK
6
CONTINUOUS
10
64.3242169999999902
20
-110.062421999999998
11
64.0984260000000035
21
-109.8855250000000012
0
LINE
8
BLACK
6
CONTINUOUS
10
64.0984260000000035
20
-109.8855250000000012
11
64.0872179999999929
21
-109.8755949999999899
0
LINE
8
BLACK
6
CONTINUOUS
10
64.0872179999999929
20
-109.8755949999999899
11
63.8844039999999964
21
-109.6727810000000005
0
LINE
8
BLACK
6
CONTINUOUS
10
63.8844039999999964
20
-109.6727810000000005
11
63.8744739999999993
21
-109.66157299999999
0
LINE
8
BLACK
6
CONTINUOUS
10
63.8744739999999993
20
-109.66157299999999
11
63.6975729999999984
21
-109.4357759999999899
0
LINE
8
BLACK
6
CONTINUOUS
10
63.6975729999999984
20
-109.4357759999999899
11
63.6890709999999984
21
-109.4234579999999966
0
LINE
8
BLACK
6
CONTINUOUS
10
63.6890709999999984
20
-109.4234579999999966
11
63.5406799999999947
21
-109.1779870000000017
0
LINE
8
BLACK
6
CONTINUOUS
10
63.5406799999999947
20
-109.1779870000000017
11
63.5337219999999974
21
-109.1647299999999916
0
LINE
8
BLACK
6
CONTINUOUS
10
63.5337219999999974
20
-109.1647299999999916
11
63.4159999999999968
21
-108.9031629999999922
0
LINE
8
BLACK
6
CONTINUOUS
10
63.4159999999999968
20
-108.9031629999999922
11
63.4106979999999965
21
-108.889181999999991
0
LINE
8
BLACK
6
CONTINUOUS
10
63.4106979999999965
20
-108.889181999999991
11
63.3253629999999958
21
-108.6153339999999901
0
LINE
8
BLACK
6
CONTINUOUS
10
63.3253629999999958
20
-108.6153339999999901
11
63.3217799999999968
21
-108.600797
0
LINE
8
BLACK
6
CONTINUOUS
10
63.3217799999999968
20
-108.600797
11
63.270075999999996
21
-108.3186589999999967
0
LINE
8
BLACK
6
CONTINUOUS
10
63.270075999999996
20
-108.3186589999999967
11
63.2682709999999986
21
-108.3037939999999963
0
LINE
8
BLACK
6
CONTINUOUS
10
63.2682709999999986
20
-108.3037939999999963
11
63.2507260000000002
21
-108.0137359999999944
0
LINE
8
BLACK
6
CONTINUOUS
10
63.2507260000000002
20
-108.0137359999999944
11
63.2504999999999953
21
-108.0062489999999968
0
LINE
8
BLACK
6
CONTINUOUS
10
63.2504999999999953
20
-108.0062489999999968
11
63.2504999999999953
21
-100.5887109999999893
0
LINE
8
BLACK
6
CONTINUOUS
10
63.2504999999999953
20
-100.5887109999999893
11
63.2504999999999953
21
-82.5099909999999994
0
LINE
8
BLACK
6
CONTINUOUS
10
63.2504999999999953
20
-82.5099909999999994
11
63.2504999999999953
21
-27.6437109999999997
0
LINE
8
BLACK
6
CONTINUOUS
10
63.2504999999999953
20
-27.6437109999999997
11
63.2504999999999953
21
-25.0137499999999982
0
LINE
8
BLACK
6
CONTINUOUS
10
63.2504999999999953
20
-25.0137499999999982
11
63.2507260000000002
21
-25.0062630000000006
0
LINE
8
BLACK
6
CONTINUOUS
10
63.2507260000000002
20
-25.0062630000000006
11
63.2682709999999986
21
-24.7162049999999986
0
LINE
8
BLACK
6
CONTINUOUS
10
63.2682709999999986
20
-24.7162049999999986
11
63.270075999999996
21
-24.7013399999999983
0
LINE
8
BLACK
6
CONTINUOUS
10
63.270075999999996
20
-24.7013399999999983
11
63.3217799999999968
21
-24.4192019999999985
0
LINE
8
BLACK
6
CONTINUOUS
10
63.3217799999999968
20
-24.4192019999999985
11
63.3253640000000004
21
-24.4046640000000004
0
LINE
8
BLACK
6
CONTINUOUS
10
63.3253640000000004
20
-24.4046640000000004
11
63.4106989999999939
21
-24.1308119999999988
0
LINE
8
BLACK
6
CONTINUOUS
10
63.4106989999999939
20
-24.1308119999999988
11
63.4159969999999973
21
-24.1168419999999983
0
LINE
8
BLACK
6
CONTINUOUS
10
63.4159969999999973
20
-24.1168419999999983
11
63.533726999999999
21
-23.8552579999999992
0
LINE
8
BLACK
6
CONTINUOUS
10
63.533726999999999
20
-23.8552579999999992
11
63.5406799999999947
21
-23.8420120000000004
0
LINE
8
BLACK
6
CONTINUOUS
10
63.5406799999999947
20
-23.8420120000000004
11
63.580959
21
-23.7753809999999994
0
LINE
8
BLACK
6
CONTINUOUS
10
63.580959
20
-23.7753809999999994
11
63.6890749999999954
21
-23.5965339999999983
0
LINE
8
BLACK
6
CONTINUOUS
10
63.6890749999999954
20
-23.5965339999999983
11
63.6975669999999994
21
-23.584229999999998
0
LINE
8
BLACK
6
CONTINUOUS
10
63.6975669999999994
20
-23.584229999999998
11
63.8744809999999958
21
-23.3584169999999993
0
LINE
8
BLACK
6
CONTINUOUS
10
63.8744809999999958
20
-23.3584169999999993
11
63.8843959999999953
21
-23.3472259999999991
0
LINE
8
BLACK
6
CONTINUOUS
10
63.8843959999999953
20
-23.3472259999999991
11
64.0872260000000011
21
-23.1443960000000004
0
LINE
8
BLACK
6
CONTINUOUS
10
64.0872260000000011
20
-23.1443960000000004
11
64.0984169999999978
21
-23.1344809999999974
0
LINE
8
BLACK
6
CONTINUOUS
10
64.0984169999999978
20
-23.1344809999999974
11
64.32423
21
-22.9575669999999974
0
LINE
8
BLACK
6
CONTINUOUS
10
64.32423
20
-22.9575669999999974
11
64.3365340000000003
21
-22.9490750000000006
0
LINE
8
BLACK
6
CONTINUOUS
10
64.3365340000000003
20
-22.9490750000000006
11
64.5820119999999918
21
-22.8006799999999998
0
LINE
8
BLACK
6
CONTINUOUS
10
64.5820119999999918
20
-22.8006799999999998
11
64.5952580000000012
21
-22.7937270000000005
0
LINE
8
BLACK
6
CONTINUOUS
10
64.5952580000000012
20
-22.7937270000000005
11
64.8568420000000003
21
-22.6759969999999988
0
LINE
8
BLACK
6
CONTINUOUS
10
64.8568420000000003
20
-22.6759969999999988
11
64.8708120000000008
21
-22.670698999999999
0
LINE
8
BLACK
6
CONTINUOUS
10
64.8708120000000008
20
-22.670698999999999
11
65.1446679999999958
21
-22.5853619999999999
0
LINE
8
BLACK
6
CONTINUOUS
10
65.1446679999999958
20
-22.5853619999999999
11
65.1591980000000035
21
-22.5817799999999984
0
LINE
8
BLACK
6
CONTINUOUS
10
65.1591980000000035
20
-22.5817799999999984
11
65.4413440000000008
21
-22.5300750000000001
0
LINE
8
BLACK
6
CONTINUOUS
10
65.4413440000000008
20
-22.5300750000000001
11
65.456200999999993
21
-22.5282710000000002
0
LINE
8
BLACK
6
CONTINUOUS
10
65.456200999999993
20
-22.5282710000000002
11
65.7462639999999965
21
-22.5107259999999982
0
LINE
8
BLACK
6
CONTINUOUS
10
65.7462639999999965
20
-22.5107259999999982
11
65.7537509999999941
21
-22.5105000000000004
0
LINE
8
BLACK
6
CONTINUOUS
10
65.7537509999999941
20
-22.5105000000000004
11
65.815891999999991
21
-22.5105000000000004
0
LINE
8
BLACK
6
CONTINUOUS
10
65.815891999999991
20
-22.5105000000000004
11
117.6841079999999948
21
-22.5105000000000004
0
LINE
8
BLACK
6
CONTINUOUS
10
117.6841079999999948
20
-22.5105000000000004
11
117.7462489999999917
21
-22.5105000000000004
0
LINE
8
BLACK
6
CONTINUOUS
10
117.7462489999999917
20
-22.5105000000000004
11
117.7537359999999893
21
-22.5107259999999982
0
LINE
8
BLACK
6
CONTINUOUS
10
72.5494999999999948
20
-82.5196729999999974
11
72.5494999999999948
21
-82.5196739999999949
0
LINE
8
BLACK
6
CONTINUOUS
10
72.5494999999999948
20
-82.5196739999999949
11
72.5494999999999948
21
-84.7100009999999912
0
LINE
8
BLACK
6
CONTINUOUS
10
72.5494999999999948
20
-84.7100009999999912
11
72.5495009999999922
21
-84.7100179999999909
0
LINE
8
BLACK
6
CONTINUOUS
10
72.5495009999999922
20
-84.7100179999999909
11
72.5600000000000023
21
-84.8127959999999916
0
LINE
8
BLACK
6
CONTINUOUS
10
72.5600000000000023
20
-84.8127959999999916
11
72.5600009999999997
21
-84.8127989999999983
0
LINE
8
BLACK
6
CONTINUOUS
10
72.5600009999999997
20
-84.8127989999999983
11
72.5984780000000001
21
-84.9289129999999943
0
LINE
8
BLACK
6
CONTINUOUS
10
72.5984780000000001
20
-84.9289129999999943
11
72.6151859999999942
21
-84.9793339999999944
0
LINE
8
BLACK
6
CONTINUOUS
10
72.6151859999999942
20
-84.9793339999999944
11
72.7072879999999913
21
-85.1286559999999923
0
LINE
8
BLACK
6
CONTINUOUS
10
72.7072879999999913
20
-85.1286559999999923
11
72.8313440000000014
21
-85.2527120000000025
0
LINE
8
BLACK
6
CONTINUOUS
10
72.8313440000000014
20
-85.2527120000000025
11
72.9806659999999994
21
-85.3448139999999995
0
LINE
8
BLACK
6
CONTINUOUS
10
72.9806659999999994
20
-85.3448139999999995
11
73.1472029999999904
21
-85.399998999999994
0
LINE
8
BLACK
6
CONTINUOUS
10
73.1472029999999904
20
-85.399998999999994
11
73.2499909999999943
21
-85.410499999999999
0
LINE
8
BLACK
6
CONTINUOUS
10
73.2499909999999943
20
-85.410499999999999
11
73.6235559999999936
21
-85.4104990000000015
0
LINE
8
BLACK
6
CONTINUOUS
10
73.6235559999999936
20
-85.4104990000000015
11
73.6905950000000018
21
-85.4301829999999995
0
LINE
8
BLACK
6
CONTINUOUS
10
73.6905950000000018
20
-85.4301829999999995
11
73.711236999999997
21
-85.4468179999999933
0
LINE
8
BLACK
6
CONTINUOUS
10
73.711236999999997
20
-85.4468179999999933
11
75.0348879999999951
21
-86.7704689999999914
0
LINE
8
BLACK
6
CONTINUOUS
10
75.0348879999999951
20
-86.7704689999999914
11
75.068372999999994
21
-86.831791999999993
0
LINE
8
BLACK
6
CONTINUOUS
10
75.068372999999994
20
-86.831791999999993
11
75.0633890000000008
21
-86.9014839999999964
0
LINE
8
BLACK
6
CONTINUOUS
10
75.0633890000000008
20
-86.9014839999999964
11
75.0215170000000029
21
-86.9574169999999924
0
LINE
8
BLACK
6
CONTINUOUS
10
75.0215170000000029
20
-86.9574169999999924
11
74.9560529999999972
21
-86.9818339999999921
0
LINE
8
BLACK
6
CONTINUOUS
10
74.9560529999999972
20
-86.9818339999999921
11
74.9151140000000026
21
-86.977924999999999
0
LINE
8
BLACK
6
CONTINUOUS
10
74.9151140000000026
20
-86.977924999999999
11
74.7019149999999996
21
-86.9207990000000024
0
LINE
8
BLACK
6
CONTINUOUS
10
74.7019149999999996
20
-86.9207990000000024
11
74.4679849999999988
21
-86.8900000000000006
0
LINE
8
BLACK
6
CONTINUOUS
10
74.4679849999999988
20
-86.8900000000000006
11
74.2320139999999924
21
-86.8900000000000006
0
LINE
8
BLACK
6
CONTINUOUS
10
74.2320139999999924
20
-86.8900000000000006
11
73.9980850000000032
21
-86.9207990000000024
0
LINE
8
BLACK
6
CONTINUOUS
10
73.9980850000000032
20
-86.9207990000000024
11
73.7701619999999991
21
-86.9818700000000007
0
LINE
8
BLACK
6
CONTINUOUS
10
73.7701619999999991
20
-86.9818700000000007
11
73.5521799999999928
21
-87.0721599999999967
0
LINE
8
BLACK
6
CONTINUOUS
10
73.5521799999999928
20
-87.0721599999999967
11
73.5521710000000013
21
-87.0721649999999983
0
LINE
8
BLACK
6
CONTINUOUS
10
73.5521710000000013
20
-87.0721649999999983
11
73.3478279999999927
21
-87.1901439999999894
0
LINE
8
BLACK
6
CONTINUOUS
10
73.3478279999999927
20
-87.1901439999999894
11
73.3478180000000037
21
-87.1901500000000027
0
LINE
8
BLACK
6
CONTINUOUS
10
73.3478180000000037
20
-87.1901500000000027
11
73.2662749999999932
21
-87.2527199999999965
0
LINE
8
BLACK
6
CONTINUOUS
10
73.2662749999999932
20
-87.2527199999999965
11
73.2662749999999932
21
-87.252720999999994
0
LINE
8
BLACK
6
CONTINUOUS
10
73.2662749999999932
20
-87.252720999999994
11
73.6269470000000013
21
-87.6133930000000021
0
LINE
8
BLACK
6
CONTINUOUS
10
73.6269470000000013
20
-87.6133930000000021
11
73.6707519999999931
21
-87.5815679999999901
0
LINE
8
BLACK
6
CONTINUOUS
10
73.6707519999999931
20
-87.5815679999999901
11
73.8525119999999902
21
-87.4889569999999992
0
LINE
8
BLACK
6
CONTINUOUS
10
73.8525119999999902
20
-87.4889569999999992
11
74.0465209999999985
21
-87.4259189999999933
0
LINE
8
BLACK
6
CONTINUOUS
10
74.0465209999999985
20
-87.4259189999999933
11
74.2480029999999971
21
-87.394007000000002
0
LINE
8
BLACK
6
CONTINUOUS
10
74.2480029999999971
20
-87.394007000000002
11
74.4519969999999915
21
-87.394007000000002
0
LINE
8
BLACK
6
CONTINUOUS
10
74.4519969999999915
20
-87.394007000000002
11
74.6534789999999902
21
-87.4259189999999933
0
LINE
8
BLACK
6
CONTINUOUS
10
74.6534789999999902
20
-87.4259189999999933
11
74.8474879999999985
21
-87.4889569999999992
0
LINE
8
BLACK
6
CONTINUOUS
10
74.8474879999999985
20
-87.4889569999999992
11
75.0292479999999955
21
-87.5815679999999901
0
LINE
8
BLACK
6
CONTINUOUS
10
75.0292479999999955
20
-87.5815679999999901
11
75.1942820000000012
21
-87.7014719999999954
0
LINE
8
BLACK
6
CONTINUOUS
10
75.1942820000000012
20
-87.7014719999999954
11
75.3385279999999966
21
-87.8457179999999909
0
LINE
8
BLACK
6
CONTINUOUS
10
75.3385279999999966
20
-87.8457179999999909
11
75.4584320000000019
21
-88.0107519999999965
0
LINE
8
BLACK
6
CONTINUOUS
10
75.4584320000000019
20
-88.0107519999999965
11
75.5510429999999928
21
-88.1925119999999936
0
LINE
8
BLACK
6
CONTINUOUS
10
75.5510429999999928
20
-88.1925119999999936
11
75.6140809999999988
21
-88.3865210000000019
0
LINE
8
BLACK
6
CONTINUOUS
10
75.6140809999999988
20
-88.3865210000000019
11
75.64599299999999
21
-88.5880030000000005
0
LINE
8
BLACK
6
CONTINUOUS
10
75.64599299999999
20
-88.5880030000000005
11
75.64599299999999
21
-88.791996999999995
0
LINE
8
BLACK
6
CONTINUOUS
10
75.64599299999999
20
-88.791996999999995
11
75.6140809999999988
21
-88.9934789999999936
0
LINE
8
BLACK
6
CONTINUOUS
10
75.6140809999999988
20
-88.9934789999999936
11
75.5510429999999928
21
-89.1874880000000019
0
LINE
8
BLACK
6
CONTINUOUS
10
75.5510429999999928
20
-89.1874880000000019
11
75.4584320000000019
21
-89.3692479999999989
0
LINE
8
BLACK
6
CONTINUOUS
10
75.4584320000000019
20
-89.3692479999999989
11
75.426604999999995
21
-89.4130519999999933
0
LINE
8
BLACK
6
CONTINUOUS
10
75.426604999999995
20
-89.4130519999999933
11
75.7872759999999914
21
-89.7737229999999897
0
LINE
8
BLACK
6
CONTINUOUS
10
75.7872759999999914
20
-89.7737229999999897
11
75.7872789999999981
21
-89.7737229999999897
0
LINE
8
BLACK
6
CONTINUOUS
10
75.7872789999999981
20
-89.7737229999999897
11
75.8498500000000035
21
-89.6921809999999908
0
LINE
8
BLACK
6
CONTINUOUS
10
75.8498500000000035
20
-89.6921809999999908
11
75.9678339999999963
21
-89.4878279999999933
0
LINE
8
BLACK
6
CONTINUOUS
10
75.9678339999999963
20
-89.4878279999999933
11
75.9678389999999979
21
-89.4878190000000018
0
LINE
8
BLACK
6
CONTINUOUS
10
75.9678389999999979
20
-89.4878190000000018
11
76.0581289999999939
21
-89.2698369999999954
0
LINE
8
BLACK
6
CONTINUOUS
10
76.0581289999999939
20
-89.2698369999999954
11
76.1191999999999922
21
-89.0419139999999913
0
LINE
8
BLACK
6
CONTINUOUS
10
76.1191999999999922
20
-89.0419139999999913
11
76.149998999999994
21
-88.8079850000000022
0
LINE
8
BLACK
6
CONTINUOUS
10
76.149998999999994
20
-88.8079850000000022
11
76.1499999999999915
21
-88.8079709999999949
0
LINE
8
BLACK
6
CONTINUOUS
10
76.1499999999999915
20
-88.8079709999999949
11
76.1499999999999915
21
-88.5720280000000031
0
LINE
8
BLACK
6
CONTINUOUS
10
76.1499999999999915
20
-88.5720280000000031
11
76.149998999999994
21
-88.5720139999999958
0
LINE
8
BLACK
6
CONTINUOUS
10
76.149998999999994
20
-88.5720139999999958
11
76.1191999999999922
21
-88.3380849999999924
0
LINE
8
BLACK
6
CONTINUOUS
10
76.1191999999999922
20
-88.3380849999999924
11
76.0620739999999955
21
-88.1248839999999944
0
LINE
8
BLACK
6
CONTINUOUS
10
76.0620739999999955
20
-88.1248839999999944
11
76.0637370000000033
21
-88.0550349999999895
0
LINE
8
BLACK
6
CONTINUOUS
10
76.0637370000000033
20
-88.0550349999999895
11
76.1028989999999936
21
-87.997171999999992
0
LINE
8
BLACK
6
CONTINUOUS
10
76.1028989999999936
20
-87.997171999999992
11
76.1671279999999911
21
-87.9696679999999986
0
LINE
8
BLACK
6
CONTINUOUS
10
76.1671279999999911
20
-87.9696679999999986
11
76.2360299999999995
21
-87.9812539999999927
0
LINE
8
BLACK
6
CONTINUOUS
10
76.2360299999999995
20
-87.9812539999999927
11
76.269527999999994
21
-88.0051079999999928
0
LINE
8
BLACK
6
CONTINUOUS
10
76.269527999999994
20
-88.0051079999999928
11
76.5400690000000026
21
-88.2756490000000014
0
LINE
8
BLACK
6
CONTINUOUS
10
76.5400690000000026
20
-88.2756490000000014
11
79.3631809999999973
21
-91.0987609999999961
0
LINE
8
BLACK
6
CONTINUOUS
10
79.3631809999999973
20
-91.0987609999999961
11
79.3966659999999962
21
-91.1600839999999977
0
LINE
8
BLACK
6
CONTINUOUS
10
79.3966659999999962
20
-91.1600839999999977
11
79.3995000000000033
21
-91.1864419999999996
0
LINE
8
BLACK
6
CONTINUOUS
10
79.3995000000000033
20
-91.1864419999999996
11
79.3995000000000033
21
-94.4247340000000008
0
LINE
8
BLACK
6
CONTINUOUS
10
79.3995000000000033
20
-94.4247340000000008
11
79.4149740000000008
21
-94.5422659999999979
0
LINE
8
BLACK
6
CONTINUOUS
10
79.4149740000000008
20
-94.5422659999999979
11
79.4149740000000008
21
-94.5422669999999954
0
LINE
8
BLACK
6
CONTINUOUS
10
79.4149740000000008
20
-94.5422669999999954
11
79.429397999999992
21
-94.6518359999999888
0
LINE
8
BLACK
6
CONTINUOUS
10
79.429397999999992
20
-94.6518359999999888
11
79.4294129999999967
21
-94.6519459999999953
0
LINE
8
BLACK
6
CONTINUOUS
10
79.4294129999999967
20
-94.6519459999999953
11
79.4294519999999977
21
-94.652237999999997
0
LINE
8
BLACK
6
CONTINUOUS
10
79.4294519999999977
20
-94.652237999999997
11
79.4826209999999946
21
-94.8506699999999938
0
LINE
8
BLACK
6
CONTINUOUS
10
79.4826209999999946
20
-94.8506699999999938
11
79.4888419999999911
21
-94.8738869999999963
0
LINE
8
BLACK
6
CONTINUOUS
10
79.4888419999999911
20
-94.8738869999999963
11
79.5766500000000008
21
-95.085875999999999
0
LINE
8
BLACK
6
CONTINUOUS
10
79.5766500000000008
20
-95.085875999999999
11
79.5766569999999973
21
-95.0858909999999895
0
LINE
8
BLACK
6
CONTINUOUS
10
79.5766569999999973
20
-95.0858909999999895
11
79.6913890000000009
21
-95.2846119999999956
0
LINE
8
BLACK
6
CONTINUOUS
10
79.6913890000000009
20
-95.2846119999999956
11
79.7090539999999947
21
-95.3076339999999931
0
LINE
8
BLACK
6
CONTINUOUS
10
79.7090539999999947
20
-95.3076339999999931
11
79.7090589999999963
21
-95.3076389999999947
0
LINE
8
BLACK
6
CONTINUOUS
10
79.7090589999999963
20
-95.3076389999999947
11
79.8310779999999909
21
-95.4666589999999928
0
LINE
8
BLACK
6
CONTINUOUS
10
79.8310779999999909
20
-95.4666589999999928
11
79.8310839999999899
21
-95.4666659999999894
0
LINE
8
BLACK
6
CONTINUOUS
10
79.8310839999999899
20
-95.4666659999999894
11
80.6797389999999979
21
-96.3153190000000023
0
LINE
8
BLACK
6
CONTINUOUS
10
80.6797389999999979
20
-96.3153190000000023
11
80.7132239999999967
21
-96.3766419999999897
0
LINE
8
BLACK
6
CONTINUOUS
10
80.7132239999999967
20
-96.3766419999999897
11
80.7160579999999896
21
-96.4029999999999916
0
LINE
8
BLACK
6
CONTINUOUS
10
80.7160579999999896
20
-96.4029999999999916
11
80.7160579999999896
21
-96.7412989999999979
0
LINE
8
BLACK
6
CONTINUOUS
10
80.7160579999999896
20
-96.7412989999999979
11
80.7410039999999896
21
-96.9307730000000021
0
LINE
8
BLACK
6
CONTINUOUS
10
80.7410039999999896
20
-96.9307730000000021
11
80.7460099999999983
21
-96.9687959999999975
0
LINE
8
BLACK
6
CONTINUOUS
10
80.7460099999999983
20
-96.9687959999999975
11
80.7460109999999958
21
-96.9687979999999925
0
LINE
8
BLACK
6
CONTINUOUS
10
80.7460109999999958
20
-96.9687979999999925
11
80.8053999999999917
21
-97.1904449999999969
0
LINE
8
BLACK
6
CONTINUOUS
10
80.8053999999999917
20
-97.1904449999999969
11
80.8932080000000013
21
-97.4024339999999995
0
LINE
8
BLACK
6
CONTINUOUS
10
80.8932080000000013
20
-97.4024339999999995
11
80.8932149999999979
21
-97.4024489999999901
0
LINE
8
BLACK
6
CONTINUOUS
10
80.8932149999999979
20
-97.4024489999999901
11
81.0079449999999923
21
-97.6011669999999896
0
LINE
8
BLACK
6
CONTINUOUS
10
81.0079449999999923
20
-97.6011669999999896
11
81.0079470000000015
21
-97.6011699999999962
0
LINE
8
BLACK
6
CONTINUOUS
10
81.0079470000000015
20
-97.6011699999999962
11
81.0296719999999908
21
-97.6294819999999959
0
LINE
8
BLACK
6
CONTINUOUS
10
81.0296719999999908
20
-97.6294819999999959
11
81.1476359999999914
21
-97.7832169999999934
0
LINE
8
BLACK
6
CONTINUOUS
10
81.1476359999999914
20
-97.7832169999999934
11
81.1476419999999905
21
-97.7832239999999899
0
LINE
8
BLACK
6
CONTINUOUS
10
81.1476419999999905
20
-97.7832239999999899
11
86.2433329999999927
21
-102.8789149999999921
0
LINE
8
BLACK
6
CONTINUOUS
10
86.2433329999999927
20
-102.8789149999999921
11
86.2433389999999918
21
-102.8789199999999937
0
LINE
8
BLACK
6
CONTINUOUS
10
86.2433389999999918
20
-102.8789199999999937
11
86.3343629999999962
21
-102.9487649999999945
0
LINE
8
BLACK
6
CONTINUOUS
10
86.3343629999999962
20
-102.9487649999999945
11
86.4253879999999981
21
-103.0186109999999928
0
LINE
8
BLACK
6
CONTINUOUS
10
86.4253879999999981
20
-103.0186109999999928
11
86.5650739999999956
21
-103.0992579999999919
0
LINE
8
BLACK
6
CONTINUOUS
10
86.5650739999999956
20
-103.0992579999999919
11
86.6241129999999941
21
-103.1333449999999914
0
LINE
8
BLACK
6
CONTINUOUS
10
86.6241129999999941
20
-103.1333449999999914
11
86.7483000000000004
21
-103.1847839999999934
0
LINE
8
BLACK
6
CONTINUOUS
10
86.7483000000000004
20
-103.1847839999999934
11
86.8361129999999974
21
-103.2211579999999884
0
LINE
8
BLACK
6
CONTINUOUS
10
86.8361129999999974
20
-103.2211579999999884
11
86.8747809999999987
21
-103.2315189999999916
0
LINE
8
BLACK
6
CONTINUOUS
10
86.8747809999999987
20
-103.2315189999999916
11
87.0577609999999993
21
-103.2805489999999935
0
LINE
8
BLACK
6
CONTINUOUS
10
87.0577609999999993
20
-103.2805489999999935
11
87.2615529999999922
21
-103.3073769999999882
0
LINE
8
BLACK
6
CONTINUOUS
10
87.2615529999999922
20
-103.3073769999999882
11
87.2615550000000013
21
-103.3073779999999999
0
LINE
8
BLACK
6
CONTINUOUS
10
87.2615550000000013
20
-103.3073779999999999
11
87.2615559999999988
21
-103.3073779999999999
0
LINE
8
BLACK
6
CONTINUOUS
10
87.2615559999999988
20
-103.3073779999999999
11
87.2681510000000031
21
-103.3082459999999969
0
LINE
8
BLACK
6
CONTINUOUS
10
87.2681510000000031
20
-103.3082459999999969
11
87.2852659999999929
21
-103.3104999999999905
0
LINE
8
BLACK
6
CONTINUOUS
10
87.2852659999999929
20
-103.3104999999999905
11
87.2852669999999904
21
-103.3104999999999905
0
LINE
8
BLACK
6
CONTINUOUS
10
87.2852669999999904
20
-103.3104999999999905
11
87.285269999999997
21
-103.3104999999999905
0
LINE
8
BLACK
6
CONTINUOUS
10
87.285269999999997
20
-103.3104999999999905
11
99.2467079999999982
21
-103.3104999999999905
0
LINE
8
BLACK
6
CONTINUOUS
10
99.2467079999999982
20
-103.3104999999999905
11
99.2467149999999947
21
-103.3104999999999905
0
LINE
8
BLACK
6
CONTINUOUS
10
99.2467149999999947
20
-103.3104999999999905
11
99.4477519999999942
21
-103.2840319999999963
0
LINE
8
BLACK
6
CONTINUOUS
10
99.4477519999999942
20
-103.2840319999999963
11
99.4477529999999916
21
-103.2840319999999963
0
LINE
8
BLACK
6
CONTINUOUS
10
99.4477529999999916
20
-103.2840319999999963
11
99.4742099999999994
21
-103.280549999999991
0
LINE
8
BLACK
6
CONTINUOUS
10
99.4742099999999994
20
-103.280549999999991
11
99.4742150000000009
21
-103.280547999999996
0
LINE
8
BLACK
6
CONTINUOUS
10
99.4742150000000009
20
-103.280547999999996
11
99.4742200000000025
21
-103.280547999999996
0
LINE
8
BLACK
6
CONTINUOUS
10
99.4742200000000025
20
-103.280547999999996
11
99.6958679999999902
21
-103.2211579999999884
0
LINE
8
BLACK
6
CONTINUOUS
10
99.6958679999999902
20
-103.2211579999999884
11
99.9078689999999909
21
-103.1333439999999939
0
LINE
8
BLACK
6
CONTINUOUS
10
99.9078689999999909
20
-103.1333439999999939
11
100.1065929999999895
21
-103.0186109999999928
0
LINE
8
BLACK
6
CONTINUOUS
10
100.1065929999999895
20
-103.0186109999999928
11
100.1976169999999939
21
-102.9487649999999945
0
LINE
8
BLACK
6
CONTINUOUS
10
100.1976169999999939
20
-102.9487649999999945
11
100.2886419999999958
21
-102.8789199999999937
0
LINE
8
BLACK
6
CONTINUOUS
10
100.2886419999999958
20
-102.8789199999999937
11
102.5788510000000002
21
-100.5887109999999893
0
LINE
8
BLACK
6
CONTINUOUS
10
102.5788510000000002
20
-100.5887109999999893
11
102.6309189999999916
21
-100.536642999999998
0
LINE
8
BLACK
6
CONTINUOUS
10
102.6309189999999916
20
-100.536642999999998
11
102.7381079999999969
21
-100.3969510000000014
0
LINE
8
BLACK
6
CONTINUOUS
10
102.7381079999999969
20
-100.3969510000000014
11
102.7706110000000024
21
-100.3545929999999942
0
LINE
8
BLACK
6
CONTINUOUS
10
102.7706110000000024
20
-100.3545929999999942
11
102.8853439999999893
21
-100.1558689999999956
0
LINE
8
BLACK
6
CONTINUOUS
10
102.8853439999999893
20
-100.1558689999999956
11
102.973157999999998
21
-99.9438679999999948
0
LINE
8
BLACK
6
CONTINUOUS
10
102.973157999999998
20
-99.9438679999999948
11
103.0011359999999883
21
-99.8394519999999943
0
LINE
8
BLACK
6
CONTINUOUS
10
103.0011359999999883
20
-99.8394519999999943
11
103.0325479999999914
21
-99.722219999999993
0
LINE
8
BLACK
6
CONTINUOUS
10
103.0325479999999914
20
-99.722219999999993
11
103.0381439999999884
21
-99.6797109999999975
0
LINE
8
BLACK
6
CONTINUOUS
10
103.0381439999999884
20
-99.6797109999999975
11
103.0625
21
-99.4947149999999993
0
LINE
8
BLACK
6
CONTINUOUS
10
103.0625
20
-99.4947149999999993
11
103.0625
21
-94.5422659999999979
0
LINE
8
BLACK
6
CONTINUOUS
10
103.0625
20
-94.5422659999999979
11
103.0325489999999888
21
-94.3147609999999901
0
LINE
8
BLACK
6
CONTINUOUS
10
103.0325489999999888
20
-94.3147609999999901
11
102.973157999999998
21
-94.0931139999999999
0
LINE
8
BLACK
6
CONTINUOUS
10
102.973157999999998
20
-94.0931139999999999
11
102.9731549999999913
21
-94.0931059999999917
0
LINE
8
BLACK
6
CONTINUOUS
10
102.9731549999999913
20
-94.0931059999999917
11
102.8853489999999908
21
-93.8811199999999957
0
LINE
8
BLACK
6
CONTINUOUS
10
102.8853489999999908
20
-93.8811199999999957
11
102.8853439999999893
21
-93.88111099999999
0
LINE
8
BLACK
6
CONTINUOUS
10
102.8853439999999893
20
-93.88111099999999
11
102.8271209999999911
21
-93.7802659999999975
0
LINE
8
BLACK
6
CONTINUOUS
10
102.8271209999999911
20
-93.7802659999999975
11
102.7706110000000024
21
-93.6823879999999889
0
LINE
8
BLACK
6
CONTINUOUS
10
102.7706110000000024
20
-93.6823879999999889
11
102.7236889999999931
21
-93.6212379999999911
0
LINE
8
BLACK
6
CONTINUOUS
10
102.7236889999999931
20
-93.6212379999999911
11
102.6711459999999931
21
-93.5527620000000013
0
LINE
8
BLACK
6
CONTINUOUS
10
102.6711459999999931
20
-93.5527620000000013
11
102.671141999999989
21
-93.5527589999999947
0
LINE
8
BLACK
6
CONTINUOUS
10
102.671141999999989
20
-93.5527589999999947
11
102.656407999999999
21
-93.5335570000000018
0
LINE
8
BLACK
6
CONTINUOUS
10
102.656407999999999
20
-93.5335570000000018
11
102.630919999999989
21
-93.5003389999999968
0
LINE
8
BLACK
6
CONTINUOUS
10
102.630919999999989
20
-93.5003389999999968
11
102.6309179999999941
21
-93.5003370000000018
0
LINE
8
BLACK
6
CONTINUOUS
10
102.6309179999999941
20
-93.5003370000000018
11
102.6309150000000017
21
-93.5003329999999977
0
LINE
8
BLACK
6
CONTINUOUS
10
102.6309150000000017
20
-93.5003329999999977
11
102.6309129999999925
21
-93.5003310000000027
0
LINE
8
BLACK
6
CONTINUOUS
10
102.6309129999999925
20
-93.5003310000000027
11
101.8118509999999901
21
-92.6812699999999978
0
LINE
8
BLACK
6
CONTINUOUS
10
101.8118509999999901
20
-92.6812699999999978
11
101.7804560000000009
21
-92.6281839999999903
0
LINE
8
BLACK
6
CONTINUOUS
10
101.7804560000000009
20
-92.6281839999999903
11
101.7635640000000024
21
-92.5700409999999891
0
LINE
8
BLACK
6
CONTINUOUS
10
101.7635640000000024
20
-92.5700409999999891
11
101.7094799999999992
21
-92.4785909999999944
0
LINE
8
BLACK
6
CONTINUOUS
10
101.7094799999999992
20
-92.4785909999999944
11
101.6795939999999945
21
-92.428055999999998
0
LINE
8
BLACK
6
CONTINUOUS
10
101.6795939999999945
20
-92.428055999999998
11
101.6795899999999904
21
-92.4280509999999964
0
LINE
8
BLACK
6
CONTINUOUS
10
101.6795899999999904
20
-92.4280509999999964
11
101.6795849999999888
21
-92.4280459999999948
0
LINE
8
BLACK
6
CONTINUOUS
10
101.6795849999999888
20
-92.4280459999999948
11
101.5833899999999943
21
-92.3318510000000003
0
LINE
8
BLACK
6
CONTINUOUS
10
101.5833899999999943
20
-92.3318510000000003
11
101.5707579999999979
21
-92.3170599999999979
0
LINE
8
BLACK
6
CONTINUOUS
10
101.5707579999999979
20
-92.3170599999999979
11
101.5129839999999888
21
-92.2375389999999982
0
LINE
8
BLACK
6
CONTINUOUS
10
101.5129839999999888
20
-92.2375389999999982
11
101.3724659999999886
21
-92.097020999999998
0
LINE
8
BLACK
6
CONTINUOUS
10
101.3724659999999886
20
-92.097020999999998
11
101.3724639999999937
21
-92.0970189999999889
0
LINE
8
BLACK
6
CONTINUOUS
10
101.3724639999999937
20
-92.0970189999999889
11
101.2116939999999943
21
-91.980212999999992
0
LINE
8
BLACK
6
CONTINUOUS
10
101.2116939999999943
20
-91.980212999999992
11
101.034632000000002
21
-91.8899940000000015
0
LINE
8
BLACK
6
CONTINUOUS
10
101.034632000000002
20
-91.8899940000000015
11
101.0346289999999954
21
-91.8899929999999898
0
LINE
8
BLACK
6
CONTINUOUS
10
101.0346289999999954
20
-91.8899929999999898
11
100.8456369999999964
21
-91.8285869999999989
0
LINE
8
BLACK
6
CONTINUOUS
10
100.8456369999999964
20
-91.8285869999999989
11
100.7474979999999931
21
-91.8130429999999933
0
LINE
8
BLACK
6
CONTINUOUS
10
100.7474979999999931
20
-91.8130429999999933
11
100.649360999999999
21
-91.7974999999999994
0
LINE
8
BLACK
6
CONTINUOUS
10
100.649360999999999
20
-91.7974999999999994
11
100.4506389999999953
21
-91.7974999999999994
0
LINE
8
BLACK
6
CONTINUOUS
10
100.4506389999999953
20
-91.7974999999999994
11
100.3852139999999906
21
-91.8078620000000001
0
LINE
8
BLACK
6
CONTINUOUS
10
100.3852139999999906
20
-91.8078620000000001
11
100.2543620000000004
21
-91.8285869999999989
0
LINE
8
BLACK
6
CONTINUOUS
10
100.2543620000000004
20
-91.8285869999999989
11
100.0653700000000015
21
-91.8899929999999898
0
LINE
8
BLACK
6
CONTINUOUS
10
100.0653700000000015
20
-91.8899929999999898
11
100.0653669999999948
21
-91.8899940000000015
0
LINE
8
BLACK
6
CONTINUOUS
10
100.0653669999999948
20
-91.8899940000000015
11
99.8883050000000026
21
-91.980212999999992
0
LINE
8
BLACK
6
CONTINUOUS
10
99.8883050000000026
20
-91.980212999999992
11
99.727532999999994
21
-92.097020999999998
0
LINE
8
BLACK
6
CONTINUOUS
10
99.727532999999994
20
-92.097020999999998
11
99.5870180000000005
21
-92.2375359999999915
0
LINE
8
BLACK
6
CONTINUOUS
10
99.5870180000000005
20
-92.2375359999999915
11
99.5292389999999898
21
-92.3170609999999954
0
LINE
8
BLACK
6
CONTINUOUS
10
99.5292389999999898
20
-92.3170609999999954
11
99.5239919999999927
21
-92.3237839999999892
0
LINE
8
BLACK
6
CONTINUOUS
10
99.5239919999999927
20
-92.3237839999999892
11
99.5204689999999914
21
-92.3279899999999998
0
LINE
8
BLACK
6
CONTINUOUS
10
99.5204689999999914
20
-92.3279899999999998
11
99.4204079999999948
21
-92.4280529999999914
0
LINE
8
BLACK
6
CONTINUOUS
10
99.4204079999999948
20
-92.4280529999999914
11
99.3812849999999912
21
-92.4942039999999963
0
LINE
8
BLACK
6
CONTINUOUS
10
99.3812849999999912
20
-92.4942039999999963
11
99.3747789999999895
21
-92.5019750000000016
0
LINE
8
BLACK
6
CONTINUOUS
10
99.3747789999999895
20
-92.5019750000000016
11
99.3537979999999976
21
-92.5159639999999968
0
LINE
8
BLACK
6
CONTINUOUS
10
99.3537979999999976
20
-92.5159639999999968
11
99.335370999999995
21
-92.5331699999999984
0
LINE
8
BLACK
6
CONTINUOUS
10
99.335370999999995
20
-92.5331699999999984
11
99.3252269999999982
21
-92.5350150000000014
0
LINE
8
BLACK
6
CONTINUOUS
10
99.3252269999999982
20
-92.5350150000000014
11
99.316646999999989
21
-92.5407359999999954
0
LINE
8
BLACK
6
CONTINUOUS
10
99.316646999999989
20
-92.5407359999999954
11
99.2914329999999978
21
-92.5411610000000024
0
LINE
8
BLACK
6
CONTINUOUS
10
99.2914329999999978
20
-92.5411610000000024
11
99.2666289999999947
21
-92.5456729999999936
0
LINE
8
BLACK
6
CONTINUOUS
10
99.2666289999999947
20
-92.5456729999999936
11
99.2570970000000017
21
-92.5417399999999901
0
LINE
8
BLACK
6
CONTINUOUS
10
99.2570970000000017
20
-92.5417399999999901
11
99.2467869999999976
21
-92.5419149999999888
0
LINE
8
BLACK
6
CONTINUOUS
10
99.2467869999999976
20
-92.5419149999999888
11
99.2253469999999993
21
-92.5286419999999907
0
LINE
8
BLACK
6
CONTINUOUS
10
99.2253469999999993
20
-92.5286419999999907
11
99.2020399999999967
21
-92.5190269999999941
0
LINE
8
BLACK
6
CONTINUOUS
10
99.2020399999999967
20
-92.5190269999999941
11
99.1930429999999888
21
-92.5086429999999922
0
LINE
8
BLACK
6
CONTINUOUS
10
99.1930429999999888
20
-92.5086429999999922
11
99.1873799999999903
21
-92.5051380000000023
0
LINE
8
BLACK
6
CONTINUOUS
10
99.1873799999999903
20
-92.5051380000000023
11
99.1841609999999889
21
-92.498392999999993
0
LINE
8
BLACK
6
CONTINUOUS
10
99.1841609999999889
20
-92.498392999999993
11
99.1729769999999888
21
-92.4854859999999945
0
LINE
8
BLACK
6
CONTINUOUS
10
99.1729769999999888
20
-92.4854859999999945
11
99.1391950000000008
21
-92.428364000000002
0
LINE
8
BLACK
6
CONTINUOUS
10
99.1391950000000008
20
-92.428364000000002
11
99.1391919999999942
21
-92.4283599999999979
0
LINE
8
BLACK
6
CONTINUOUS
10
99.1391919999999942
20
-92.4283599999999979
11
99.067190999999994
21
-92.3563599999999951
0
LINE
8
BLACK
6
CONTINUOUS
10
99.067190999999994
20
-92.3563599999999951
11
98.7109079999999892
21
-92.7126420000000024
0
LINE
8
BLACK
6
CONTINUOUS
10
98.7109079999999892
20
-92.7126420000000024
11
98.7273629999999969
21
-92.7236369999999965
0
LINE
8
BLACK
6
CONTINUOUS
10
98.7273629999999969
20
-92.7236369999999965
11
98.7603989999999925
21
-92.7730789999999956
0
LINE
8
BLACK
6
CONTINUOUS
10
98.7603989999999925
20
-92.7730789999999956
11
98.7719999999999914
21
-92.8314000000000021
0
LINE
8
BLACK
6
CONTINUOUS
10
98.7719999999999914
20
-92.8314000000000021
11
98.7719999999999914
21
-94.9585999999999899
0
LINE
8
BLACK
6
CONTINUOUS
10
98.7719999999999914
20
-94.9585999999999899
11
98.7603989999999925
21
-95.0169209999999964
0
LINE
8
BLACK
6
CONTINUOUS
10
98.7603989999999925
20
-95.0169209999999964
11
98.7273629999999969
21
-95.0663629999999955
0
LINE
8
BLACK
6
CONTINUOUS
10
98.7273629999999969
20
-95.0663629999999955
11
98.6779209999999978
21
-95.0993989999999911
0
LINE
8
BLACK
6
CONTINUOUS
10
98.6779209999999978
20
-95.0993989999999911
11
98.6195999999999913
21
-95.11099999999999
0
LINE
8
BLACK
6
CONTINUOUS
10
98.6195999999999913
20
-95.11099999999999
11
98.5099999999999909
21
-95.11099999999999
0
LINE
8
BLACK
6
CONTINUOUS
10
98.5099999999999909
20
-95.11099999999999
11
98.5099999999999909
21
-95.6109989999999925
0
LINE
8
BLACK
6
CONTINUOUS
10
98.5099999999999909
20
-95.6109989999999925
11
98.6854689999999977
21
-95.6109989999999925
0
LINE
8
BLACK
6
CONTINUOUS
10
98.6854689999999977
20
-95.6109989999999925
11
98.685490999999999
21
-95.610997999999995
0
LINE
8
BLACK
6
CONTINUOUS
10
98.685490999999999
20
-95.610997999999995
11
98.7224659999999972
21
-95.6080889999999926
0
LINE
8
BLACK
6
CONTINUOUS
10
98.7224659999999972
20
-95.6080889999999926
11
98.8807569999999885
21
-95.5621019999999959
0
LINE
8
BLACK
6
CONTINUOUS
10
98.8807569999999885
20
-95.5621019999999959
11
99.0226339999999965
21
-95.478195999999997
0
LINE
8
BLACK
6
CONTINUOUS
10
99.0226339999999965
20
-95.478195999999997
11
99.0226430000000022
21
-95.4781890000000004
0
LINE
8
BLACK
6
CONTINUOUS
10
99.0226430000000022
20
-95.4781890000000004
11
99.1391890000000018
21
-95.3616430000000008
0
LINE
8
BLACK
6
CONTINUOUS
10
99.1391890000000018
20
-95.3616430000000008
11
99.1391929999999917
21
-95.3616370000000018
0
LINE
8
BLACK
6
CONTINUOUS
10
99.1391929999999917
20
-95.3616370000000018
11
99.1729759999999914
21
-95.3045139999999975
0
LINE
8
BLACK
6
CONTINUOUS
10
99.1729759999999914
20
-95.3045139999999975
11
99.1944569999999999
21
-95.2844559999999916
0
LINE
8
BLACK
6
CONTINUOUS
10
99.1944569999999999
20
-95.2844559999999916
11
99.2139789999999948
21
-95.2624890000000022
0
LINE
8
BLACK
6
CONTINUOUS
10
99.2139789999999948
20
-95.2624890000000022
11
99.2196999999999889
21
-95.2608859999999993
0
LINE
8
BLACK
6
CONTINUOUS
10
99.2196999999999889
20
-95.2608859999999993
11
99.2240449999999896
21
-95.2568299999999937
0
LINE
8
BLACK
6
CONTINUOUS
10
99.2240449999999896
20
-95.2568299999999937
11
99.2529600000000016
21
-95.251570000000001
0
LINE
8
BLACK
6
CONTINUOUS
10
99.2529600000000016
20
-95.251570000000001
11
99.2812589999999915
21
-95.2436439999999891
0
LINE
8
BLACK
6
CONTINUOUS
10
99.2812589999999915
20
-95.2436439999999891
11
99.2869400000000013
21
-95.2453889999999888
0
LINE
8
BLACK
6
CONTINUOUS
10
99.2869400000000013
20
-95.2453889999999888
11
99.2927869999999899
21
-95.2443260000000009
0
LINE
8
BLACK
6
CONTINUOUS
10
99.2927869999999899
20
-95.2443260000000009
11
99.3199539999999956
21
-95.2555329999999998
0
LINE
8
BLACK
6
CONTINUOUS
10
99.3199539999999956
20
-95.2555329999999998
11
99.348046999999994
21
-95.2641649999999913
0
LINE
8
BLACK
6
CONTINUOUS
10
99.348046999999994
20
-95.2641649999999913
11
99.354258999999999
21
-95.2696849999999955
0
LINE
8
BLACK
6
CONTINUOUS
10
99.354258999999999
20
-95.2696849999999955
11
99.3573760000000021
21
-95.2709709999999887
0
LINE
8
BLACK
6
CONTINUOUS
10
99.3573760000000021
20
-95.2709709999999887
11
99.3629660000000001
21
-95.2774220000000014
0
LINE
8
BLACK
6
CONTINUOUS
10
99.3629660000000001
20
-95.2774220000000014
11
99.3744299999999896
21
-95.2876089999999891
0
LINE
8
BLACK
6
CONTINUOUS
10
99.3744299999999896
20
-95.2876089999999891
11
99.3811439999999919
21
-95.2955559999999906
0
LINE
8
BLACK
6
CONTINUOUS
10
99.3811439999999919
20
-95.2955559999999906
11
99.4204079999999948
21
-95.3619470000000007
0
LINE
8
BLACK
6
CONTINUOUS
10
99.4204079999999948
20
-95.3619470000000007
11
99.528860999999992
21
-95.4703999999999979
0
LINE
8
BLACK
6
CONTINUOUS
10
99.528860999999992
20
-95.4703999999999979
11
99.5322209999999927
21
-95.4743769999999898
0
LINE
8
BLACK
6
CONTINUOUS
10
99.5322209999999927
20
-95.4743769999999898
11
99.5443190000000016
21
-95.5017699999999934
0
LINE
8
BLACK
6
CONTINUOUS
10
99.5443190000000016
20
-95.5017699999999934
11
99.5586660000000023
21
-95.5280439999999942
0
LINE
8
BLACK
6
CONTINUOUS
10
99.5586660000000023
20
-95.5280439999999942
11
99.5582829999999888
21
-95.5333880000000022
0
LINE
8
BLACK
6
CONTINUOUS
10
99.5582829999999888
20
-95.5333880000000022
11
99.5604489999999913
21
-95.538291000000001
0
LINE
8
BLACK
6
CONTINUOUS
10
99.5604489999999913
20
-95.538291000000001
11
99.5614999999999952
21
-95.5544019999999961
0
LINE
8
BLACK
6
CONTINUOUS
10
99.5614999999999952
20
-95.5544019999999961
11
99.5614999999999952
21
-98.2506889999999942
0
LINE
8
BLACK
6
CONTINUOUS
10
99.5614999999999952
20
-98.2506889999999942
11
99.5418149999999997
21
-98.3177280000000025
0
LINE
8
BLACK
6
CONTINUOUS
10
99.5418149999999997
20
-98.3177280000000025
11
99.5251809999999892
21
-98.3383699999999976
0
LINE
8
BLACK
6
CONTINUOUS
10
99.5251809999999892
20
-98.3383699999999976
11
99.162897000000001
21
-98.7006530000000026
0
LINE
8
BLACK
6
CONTINUOUS
10
99.162897000000001
20
-98.7006530000000026
11
99.2155520000000024
21
-98.827771999999996
0
LINE
8
BLACK
6
CONTINUOUS
10
99.2155520000000024
20
-98.827771999999996
11
99.2461479999999909
21
-98.981585999999993
0
LINE
8
BLACK
6
CONTINUOUS
10
99.2461479999999909
20
-98.981585999999993
11
99.2461479999999909
21
-99.1384139999999974
0
LINE
8
BLACK
6
CONTINUOUS
10
99.2461479999999909
20
-99.1384139999999974
11
99.2155520000000024
21
-99.2922279999999944
0
LINE
8
BLACK
6
CONTINUOUS
10
99.2155520000000024
20
-99.2922279999999944
11
99.1555369999999954
21
-99.4371170000000006
0
LINE
8
BLACK
6
CONTINUOUS
10
99.1555369999999954
20
-99.4371170000000006
11
99.0684079999999909
21
-99.5675150000000002
0
LINE
8
BLACK
6
CONTINUOUS
10
99.0684079999999909
20
-99.5675150000000002
11
98.9575150000000008
21
-99.6784079999999904
0
LINE
8
BLACK
6
CONTINUOUS
10
98.9575150000000008
20
-99.6784079999999904
11
98.8271170000000012
21
-99.7655369999999948
0
LINE
8
BLACK
6
CONTINUOUS
10
98.8271170000000012
20
-99.7655369999999948
11
98.6822279999999949
21
-99.8255520000000018
0
LINE
8
BLACK
6
CONTINUOUS
10
98.6822279999999949
20
-99.8255520000000018
11
98.5284139999999979
21
-99.8561479999999904
0
LINE
8
BLACK
6
CONTINUOUS
10
98.5284139999999979
20
-99.8561479999999904
11
98.3715859999999935
21
-99.8561479999999904
0
LINE
8
BLACK
6
CONTINUOUS
10
98.3715859999999935
20
-99.8561479999999904
11
98.2177719999999965
21
-99.8255520000000018
0
LINE
8
BLACK
6
CONTINUOUS
10
98.2177719999999965
20
-99.8255520000000018
11
98.0728829999999903
21
-99.7655369999999948
0
LINE
8
BLACK
6
CONTINUOUS
10
98.0728829999999903
20
-99.7655369999999948
11
97.9424849999999907
21
-99.6784079999999904
0
LINE
8
BLACK
6
CONTINUOUS
10
97.9424849999999907
20
-99.6784079999999904
11
97.8315920000000006
21
-99.5675150000000002
0
LINE
8
BLACK
6
CONTINUOUS
10
97.8315920000000006
20
-99.5675150000000002
11
97.8265710000000013
21
-99.5600000000000023
0
LINE
8
BLACK
6
CONTINUOUS
10
97.8265710000000013
20
-99.5600000000000023
11
97.2457369999999912
21
-99.5600000000000023
0
LINE
8
BLACK
6
CONTINUOUS
10
97.2457369999999912
20
-99.5600000000000023
11
97.2809999999999917
21
-99.6292059999999964
0
LINE
8
BLACK
6
CONTINUOUS
10
97.2809999999999917
20
-99.6292059999999964
11
97.2938959999999895
21
-99.6978749999999962
0
LINE
8
BLACK
6
CONTINUOUS
10
97.2938959999999895
20
-99.6978749999999962
11
97.2676189999999963
21
-99.7626149999999967
0
LINE
8
BLACK
6
CONTINUOUS
10
97.2676189999999963
20
-99.7626149999999967
11
97.2105129999999917
21
-99.8028719999999936
0
LINE
8
BLACK
6
CONTINUOUS
10
97.2105129999999917
20
-99.8028719999999936
11
97.1705149999999946
21
-99.8094999999999999
0
LINE
8
BLACK
6
CONTINUOUS
10
97.1705149999999946
20
-99.8094999999999999
11
94.029484999999994
21
-99.8094999999999999
0
LINE
8
BLACK
6
CONTINUOUS
10
94.029484999999994
20
-99.8094999999999999
11
93.9624459999999999
21
-99.7898149999999902
0
LINE
8
BLACK
6
CONTINUOUS
10
93.9624459999999999
20
-99.7898149999999902
11
93.9166910000000001
21
-99.7370109999999954
0
LINE
8
BLACK
6
CONTINUOUS
10
93.9166910000000001
20
-99.7370109999999954
11
93.9067469999999958
21
-99.6678529999999938
0
LINE
8
BLACK
6
CONTINUOUS
10
93.9067469999999958
20
-99.6678529999999938
11
93.9189999999999969
21
-99.6292059999999964
0
LINE
8
BLACK
6
CONTINUOUS
10
93.9189999999999969
20
-99.6292059999999964
11
93.9542619999999999
21
-99.5600000000000023
0
LINE
8
BLACK
6
CONTINUOUS
10
93.9542619999999999
20
-99.5600000000000023
11
93.3734290000000016
21
-99.5600000000000023
0
LINE
8
BLACK
6
CONTINUOUS
10
93.3734290000000016
20
-99.5600000000000023
11
93.3684080000000023
21
-99.5675150000000002
0
LINE
8
BLACK
6
CONTINUOUS
10
93.3684080000000023
20
-99.5675150000000002
11
93.2575149999999979
21
-99.6784079999999904
0
LINE
8
BLACK
6
CONTINUOUS
10
93.2575149999999979
20
-99.6784079999999904
11
93.1271169999999984
21
-99.7655369999999948
0
LINE
8
BLACK
6
CONTINUOUS
10
93.1271169999999984
20
-99.7655369999999948
11
92.9822279999999921
21
-99.8255520000000018
0
LINE
8
BLACK
6
CONTINUOUS
10
92.9822279999999921
20
-99.8255520000000018
11
92.8284139999999951
21
-99.8561479999999904
0
LINE
8
BLACK
6
CONTINUOUS
10
92.8284139999999951
20
-99.8561479999999904
11
92.6715859999999907
21
-99.8561479999999904
0
LINE
8
BLACK
6
CONTINUOUS
10
92.6715859999999907
20
-99.8561479999999904
11
92.5177719999999937
21
-99.8255520000000018
0
LINE
8
BLACK
6
CONTINUOUS
10
92.5177719999999937
20
-99.8255520000000018
11
92.3728830000000016
21
-99.7655369999999948
0
LINE
8
BLACK
6
CONTINUOUS
10
92.3728830000000016
20
-99.7655369999999948
11
92.2424850000000021
21
-99.6784079999999904
0
LINE
8
BLACK
6
CONTINUOUS
10
92.2424850000000021
20
-99.6784079999999904
11
92.1315919999999977
21
-99.5675150000000002
0
LINE
8
BLACK
6
CONTINUOUS
10
92.1315919999999977
20
-99.5675150000000002
11
92.0444629999999933
21
-99.4371170000000006
0
LINE
8
BLACK
6
CONTINUOUS
10
92.0444629999999933
20
-99.4371170000000006
11
91.9844480000000004
21
-99.2922279999999944
0
LINE
8
BLACK
6
CONTINUOUS
10
91.9844480000000004
20
-99.2922279999999944
11
91.9538519999999977
21
-99.1384139999999974
0
LINE
8
BLACK
6
CONTINUOUS
10
91.9538519999999977
20
-99.1384139999999974
11
91.9538519999999977
21
-98.981585999999993
0
LINE
8
BLACK
6
CONTINUOUS
10
91.9538519999999977
20
-98.981585999999993
11
91.9844480000000004
21
-98.827771999999996
0
LINE
8
BLACK
6
CONTINUOUS
10
91.9844480000000004
20
-98.827771999999996
11
92.0371009999999927
21
-98.7006540000000001
0
LINE
8
BLACK
6
CONTINUOUS
10
92.0371009999999927
20
-98.7006540000000001
11
91.6705240000000003
21
-98.3340769999999935
0
LINE
8
BLACK
6
CONTINUOUS
10
91.6705240000000003
20
-98.3340769999999935
11
91.6705230000000029
21
-98.3340769999999935
0
LINE
8
BLACK
6
CONTINUOUS
10
91.6705230000000029
20
-98.3340769999999935
11
91.6381429999999995
21
-98.3786439999999942
0
LINE
8
BLACK
6
CONTINUOUS
10
91.6381429999999995
20
-98.3786439999999942
11
91.5452439999999967
21
-98.5609680000000026
0
LINE
8
BLACK
6
CONTINUOUS
10
91.5452439999999967
20
-98.5609680000000026
11
91.4820089999999908
21
-98.7555819999999898
0
LINE
8
BLACK
6
CONTINUOUS
10
91.4820089999999908
20
-98.7555819999999898
11
91.4500000000000028
21
-98.9576819999999913
0
LINE
8
BLACK
6
CONTINUOUS
10
91.4500000000000028
20
-98.9576819999999913
11
91.4500000000000028
21
-99.1623170000000016
0
LINE
8
BLACK
6
CONTINUOUS
10
91.4500000000000028
20
-99.1623170000000016
11
91.4820089999999908
21
-99.3644169999999889
0
LINE
8
BLACK
6
CONTINUOUS
10
91.4820089999999908
20
-99.3644169999999889
11
91.5452449999999942
21
-99.5590339999999969
0
LINE
8
BLACK
6
CONTINUOUS
10
91.5452449999999942
20
-99.5590339999999969
11
91.5809999999999889
21
-99.6292059999999964
0
LINE
8
BLACK
6
CONTINUOUS
10
91.5809999999999889
20
-99.6292059999999964
11
91.5938960000000009
21
-99.6978749999999962
0
LINE
8
BLACK
6
CONTINUOUS
10
91.5938960000000009
20
-99.6978749999999962
11
91.5676189999999934
21
-99.7626149999999967
0
LINE
8
BLACK
6
CONTINUOUS
10
91.5676189999999934
20
-99.7626149999999967
11
91.5105129999999889
21
-99.8028719999999936
0
LINE
8
BLACK
6
CONTINUOUS
10
91.5105129999999889
20
-99.8028719999999936
11
91.4705149999999918
21
-99.8094999999999999
0
LINE
8
BLACK
6
CONTINUOUS
10
91.4705149999999918
20
-99.8094999999999999
11
88.1764429999999919
21
-99.8094999999999999
0
LINE
8
BLACK
6
CONTINUOUS
10
88.1764429999999919
20
-99.8094999999999999
11
88.1094039999999978
21
-99.7898149999999902
0
LINE
8
BLACK
6
CONTINUOUS
10
88.1094039999999978
20
-99.7898149999999902
11
88.0887620000000027
21
-99.7731809999999939
0
LINE
8
BLACK
6
CONTINUOUS
10
88.0887620000000027
20
-99.7731809999999939
11
84.2533770000000004
21
-95.9377959999999916
0
LINE
8
BLACK
6
CONTINUOUS
10
84.2533770000000004
20
-95.9377959999999916
11
84.2386729999999915
21
-95.9108679999999936
0
LINE
8
BLACK
6
CONTINUOUS
10
84.2386729999999915
20
-95.9108679999999936
11
84.2220810000000029
21
-95.8850499999999926
0
LINE
8
BLACK
6
CONTINUOUS
10
84.2220810000000029
20
-95.8850499999999926
11
84.2211889999999954
21
-95.8788490000000024
0
LINE
8
BLACK
6
CONTINUOUS
10
84.2211889999999954
20
-95.8788490000000024
11
84.2198920000000015
21
-95.8764729999999901
0
LINE
8
BLACK
6
CONTINUOUS
10
84.2198920000000015
20
-95.8764729999999901
11
84.2170579999999944
21
-95.8501150000000024
0
LINE
8
BLACK
6
CONTINUOUS
10
84.2170579999999944
20
-95.8501150000000024
11
84.2170579999999944
21
-95.6486779999999897
0
LINE
8
BLACK
6
CONTINUOUS
10
84.2170579999999944
20
-95.6486779999999897
11
84.2367429999999899
21
-95.5816389999999956
0
LINE
8
BLACK
6
CONTINUOUS
10
84.2367429999999899
20
-95.5816389999999956
11
84.2895469999999989
21
-95.5358839999999958
0
LINE
8
BLACK
6
CONTINUOUS
10
84.2895469999999989
20
-95.5358839999999958
11
84.3587050000000005
21
-95.5259399999999914
0
LINE
8
BLACK
6
CONTINUOUS
10
84.3587050000000005
20
-95.5259399999999914
11
84.4041749999999951
21
-95.5419440000000009
0
LINE
8
BLACK
6
CONTINUOUS
10
84.4041749999999951
20
-95.5419440000000009
11
84.4390410000000031
21
-95.5625639999999947
0
LINE
8
BLACK
6
CONTINUOUS
10
84.4390410000000031
20
-95.5625639999999947
11
84.4390439999999955
21
-95.5625639999999947
0
LINE
8
BLACK
6
CONTINUOUS
10
84.4390439999999955
20
-95.5625639999999947
11
84.4390459999999905
21
-95.5625659999999897
0
LINE
8
BLACK
6
CONTINUOUS
10
84.4390459999999905
20
-95.5625659999999897
11
84.5974470000000025
21
-95.6085860000000025
0
LINE
8
BLACK
6
CONTINUOUS
10
84.5974470000000025
20
-95.6085860000000025
11
84.5974499999999949
21
-95.6085860000000025
0
LINE
8
BLACK
6
CONTINUOUS
10
84.5974499999999949
20
-95.6085860000000025
11
84.5974519999999899
21
-95.608587
0
LINE
8
BLACK
6
CONTINUOUS
10
84.5974519999999899
20
-95.608587
11
84.6344659999999891
21
-95.6114999999999924
0
LINE
8
BLACK
6
CONTINUOUS
10
84.6344659999999891
20
-95.6114999999999924
11
84.6344739999999973
21
-95.6114999999999924
0
LINE
8
BLACK
6
CONTINUOUS
10
84.6344739999999973
20
-95.6114999999999924
11
85.985525999999993
21
-95.6114999999999924
0
LINE
8
BLACK
6
CONTINUOUS
10
85.985525999999993
20
-95.6114999999999924
11
85.9855340000000012
21
-95.6114999999999924
0
LINE
8
BLACK
6
CONTINUOUS
10
85.9855340000000012
20
-95.6114999999999924
11
86.0225480000000005
21
-95.608587
0
LINE
8
BLACK
6
CONTINUOUS
10
86.0225480000000005
20
-95.608587
11
86.0225499999999954
21
-95.6085860000000025
0
LINE
8
BLACK
6
CONTINUOUS
10
86.0225499999999954
20
-95.6085860000000025
11
86.0225519999999904
21
-95.6085860000000025
0
LINE
8
BLACK
6
CONTINUOUS
10
86.0225519999999904
20
-95.6085860000000025
11
86.0643230000000017
21
-95.5964489999999927
0
LINE
8
BLACK
6
CONTINUOUS
10
86.0643230000000017
20
-95.5964489999999927
11
86.1809590000000014
21
-95.5625639999999947
0
LINE
8
BLACK
6
CONTINUOUS
10
86.1809590000000014
20
-95.5625639999999947
11
86.3229469999999992
21
-95.4785919999999919
0
LINE
8
BLACK
6
CONTINUOUS
10
86.3229469999999992
20
-95.4785919999999919
11
86.4395919999999904
21
-95.3619470000000007
0
LINE
8
BLACK
6
CONTINUOUS
10
86.4395919999999904
20
-95.3619470000000007
11
86.4732679999999903
21
-95.3050029999999992
0
LINE
8
BLACK
6
CONTINUOUS
10
86.4732679999999903
20
-95.3050029999999992
11
86.5243370000000027
21
-95.2573209999999904
0
LINE
8
BLACK
6
CONTINUOUS
10
86.5243370000000027
20
-95.2573209999999904
11
86.593079000000003
21
-95.2448169999999976
0
LINE
8
BLACK
6
CONTINUOUS
10
86.593079000000003
20
-95.2448169999999976
11
86.657668000000001
21
-95.2714619999999996
0
LINE
8
BLACK
6
CONTINUOUS
10
86.657668000000001
20
-95.2714619999999996
11
86.6867319999999921
21
-95.3050039999999967
0
LINE
8
BLACK
6
CONTINUOUS
10
86.6867319999999921
20
-95.3050039999999967
11
86.720405999999997
21
-95.361943999999994
0
LINE
8
BLACK
6
CONTINUOUS
10
86.720405999999997
20
-95.361943999999994
11
86.7204119999999961
21
-95.3619520000000023
0
LINE
8
BLACK
6
CONTINUOUS
10
86.7204119999999961
20
-95.3619520000000023
11
86.8370469999999983
21
-95.4785869999999903
0
LINE
8
BLACK
6
CONTINUOUS
10
86.8370469999999983
20
-95.4785869999999903
11
86.8370510000000024
21
-95.478589999999997
0
LINE
8
BLACK
6
CONTINUOUS
10
86.8370510000000024
20
-95.478589999999997
11
86.8370529999999974
21
-95.4785919999999919
0
LINE
8
BLACK
6
CONTINUOUS
10
86.8370529999999974
20
-95.4785919999999919
11
86.9790409999999952
21
-95.5625639999999947
0
LINE
8
BLACK
6
CONTINUOUS
10
86.9790409999999952
20
-95.5625639999999947
11
86.9790479999999917
21
-95.5625659999999897
0
LINE
8
BLACK
6
CONTINUOUS
10
86.9790479999999917
20
-95.5625659999999897
11
87.1374469999999945
21
-95.6085860000000025
0
LINE
8
BLACK
6
CONTINUOUS
10
87.1374469999999945
20
-95.6085860000000025
11
87.1374500000000012
21
-95.6085860000000025
0
LINE
8
BLACK
6
CONTINUOUS
10
87.1374500000000012
20
-95.6085860000000025
11
87.1374519999999961
21
-95.608587
0
LINE
8
BLACK
6
CONTINUOUS
10
87.1374519999999961
20
-95.608587
11
87.1744659999999953
21
-95.6114999999999924
0
LINE
8
BLACK
6
CONTINUOUS
10
87.1744659999999953
20
-95.6114999999999924
11
87.1744739999999894
21
-95.6114999999999924
0
LINE
8
BLACK
6
CONTINUOUS
10
87.1744739999999894
20
-95.6114999999999924
11
88.5255259999999993
21
-95.6114999999999924
0
LINE
8
BLACK
6
CONTINUOUS
10
88.5255259999999993
20
-95.6114999999999924
11
88.5255339999999933
21
-95.6114999999999924
0
LINE
8
BLACK
6
CONTINUOUS
10
88.5255339999999933
20
-95.6114999999999924
11
88.5625479999999925
21
-95.608587
0
LINE
8
BLACK
6
CONTINUOUS
10
88.5625479999999925
20
-95.608587
11
88.5625500000000017
21
-95.6085860000000025
0
LINE
8
BLACK
6
CONTINUOUS
10
88.5625500000000017
20
-95.6085860000000025
11
88.5625519999999966
21
-95.6085860000000025
0
LINE
8
BLACK
6
CONTINUOUS
10
88.5625519999999966
20
-95.6085860000000025
11
88.6043229999999937
21
-95.5964489999999927
0
LINE
8
BLACK
6
CONTINUOUS
10
88.6043229999999937
20
-95.5964489999999927
11
88.7209589999999935
21
-95.5625639999999947
0
LINE
8
BLACK
6
CONTINUOUS
10
88.7209589999999935
20
-95.5625639999999947
11
88.8629469999999912
21
-95.4785919999999919
0
LINE
8
BLACK
6
CONTINUOUS
10
88.8629469999999912
20
-95.4785919999999919
11
88.9795919999999967
21
-95.3619470000000007
0
LINE
8
BLACK
6
CONTINUOUS
10
88.9795919999999967
20
-95.3619470000000007
11
89.0132679999999965
21
-95.3050029999999992
0
LINE
8
BLACK
6
CONTINUOUS
10
89.0132679999999965
20
-95.3050029999999992
11
89.0643369999999948
21
-95.2573209999999904
0
LINE
8
BLACK
6
CONTINUOUS
10
89.0643369999999948
20
-95.2573209999999904
11
89.1330789999999951
21
-95.2448169999999976
0
LINE
8
BLACK
6
CONTINUOUS
10
89.1330789999999951
20
-95.2448169999999976
11
89.1976679999999931
21
-95.2714619999999996
0
LINE
8
BLACK
6
CONTINUOUS
10
89.1976679999999931
20
-95.2714619999999996
11
89.2267319999999984
21
-95.3050039999999967
0
LINE
8
BLACK
6
CONTINUOUS
10
89.2267319999999984
20
-95.3050039999999967
11
89.260405999999989
21
-95.361943999999994
0
LINE
8
BLACK
6
CONTINUOUS
10
89.260405999999989
20
-95.361943999999994
11
89.2604120000000023
21
-95.3619520000000023
0
LINE
8
BLACK
6
CONTINUOUS
10
89.2604120000000023
20
-95.3619520000000023
11
89.3770469999999904
21
-95.4785869999999903
0
LINE
8
BLACK
6
CONTINUOUS
10
89.3770469999999904
20
-95.4785869999999903
11
89.3770509999999945
21
-95.478589999999997
0
LINE
8
BLACK
6
CONTINUOUS
10
89.3770509999999945
20
-95.478589999999997
11
89.3770529999999894
21
-95.4785919999999919
0
LINE
8
BLACK
6
CONTINUOUS
10
89.3770529999999894
20
-95.4785919999999919
11
89.5190410000000014
21
-95.5625639999999947
0
LINE
8
BLACK
6
CONTINUOUS
10
89.5190410000000014
20
-95.5625639999999947
11
89.519047999999998
21
-95.5625659999999897
0
LINE
8
BLACK
6
CONTINUOUS
10
89.519047999999998
20
-95.5625659999999897
11
89.6774470000000008
21
-95.6085860000000025
0
LINE
8
BLACK
6
CONTINUOUS
10
89.6774470000000008
20
-95.6085860000000025
11
89.6774499999999932
21
-95.6085860000000025
0
LINE
8
BLACK
6
CONTINUOUS
10
89.6774499999999932
20
-95.6085860000000025
11
89.6774520000000024
21
-95.608587
0
LINE
8
BLACK
6
CONTINUOUS
10
89.6774520000000024
20
-95.608587
11
89.7144660000000016
21
-95.6114999999999924
0
LINE
8
BLACK
6
CONTINUOUS
10
89.7144660000000016
20
-95.6114999999999924
11
89.7144739999999956
21
-95.6114999999999924
0
LINE
8
BLACK
6
CONTINUOUS
10
89.7144739999999956
20
-95.6114999999999924
11
91.0655259999999913
21
-95.6114999999999924
0
LINE
8
BLACK
6
CONTINUOUS
10
91.0655259999999913
20
-95.6114999999999924
11
91.0655339999999995
21
-95.6114999999999924
0
LINE
8
BLACK
6
CONTINUOUS
10
91.0655339999999995
20
-95.6114999999999924
11
91.1025479999999988
21
-95.608587
0
LINE
8
BLACK
6
CONTINUOUS
10
91.1025479999999988
20
-95.608587
11
91.1025499999999937
21
-95.6085860000000025
0
LINE
8
BLACK
6
CONTINUOUS
10
91.1025499999999937
20
-95.6085860000000025
11
91.1025520000000029
21
-95.6085860000000025
0
LINE
8
BLACK
6
CONTINUOUS
10
91.1025520000000029
20
-95.6085860000000025
11
91.144323
21
-95.5964489999999927
0
LINE
8
BLACK
6
CONTINUOUS
10
91.144323
20
-95.5964489999999927
11
91.2609589999999997
21
-95.5625639999999947
0
LINE
8
BLACK
6
CONTINUOUS
10
91.2609589999999997
20
-95.5625639999999947
11
91.4029469999999975
21
-95.4785919999999919
0
LINE
8
BLACK
6
CONTINUOUS
10
91.4029469999999975
20
-95.4785919999999919
11
91.5195920000000029
21
-95.3619470000000007
0
LINE
8
BLACK
6
CONTINUOUS
10
91.5195920000000029
20
-95.3619470000000007
11
91.5532680000000028
21
-95.3050029999999992
0
LINE
8
BLACK
6
CONTINUOUS
10
91.5532680000000028
20
-95.3050029999999992
11
91.604337000000001
21
-95.2573209999999904
0
LINE
8
BLACK
6
CONTINUOUS
10
91.604337000000001
20
-95.2573209999999904
11
91.6730790000000013
21
-95.2448169999999976
0
LINE
8
BLACK
6
CONTINUOUS
10
91.6730790000000013
20
-95.2448169999999976
11
91.7376679999999993
21
-95.2714619999999996
0
LINE
8
BLACK
6
CONTINUOUS
10
91.7376679999999993
20
-95.2714619999999996
11
91.7667319999999904
21
-95.3050039999999967
0
LINE
8
BLACK
6
CONTINUOUS
10
91.7667319999999904
20
-95.3050039999999967
11
91.8004059999999953
21
-95.361943999999994
0
LINE
8
BLACK
6
CONTINUOUS
10
91.8004059999999953
20
-95.361943999999994
11
91.8004119999999944
21
-95.3619520000000023
0
LINE
8
BLACK
6
CONTINUOUS
10
91.8004119999999944
20
-95.3619520000000023
11
91.9170469999999966
21
-95.4785869999999903
0
LINE
8
BLACK
6
CONTINUOUS
10
91.9170469999999966
20
-95.4785869999999903
11
91.9170510000000007
21
-95.478589999999997
0
LINE
8
BLACK
6
CONTINUOUS
10
91.9170510000000007
20
-95.478589999999997
11
91.9170529999999957
21
-95.4785919999999919
0
LINE
8
BLACK
6
CONTINUOUS
10
91.9170529999999957
20
-95.4785919999999919
11
92.0590409999999935
21
-95.5625639999999947
0
LINE
8
BLACK
6
CONTINUOUS
10
92.0590409999999935
20
-95.5625639999999947
11
92.05904799999999
21
-95.5625659999999897
0
LINE
8
BLACK
6
CONTINUOUS
10
92.05904799999999
20
-95.5625659999999897
11
92.2174469999999928
21
-95.6085860000000025
0
LINE
8
BLACK
6
CONTINUOUS
10
92.2174469999999928
20
-95.6085860000000025
11
92.2174499999999995
21
-95.6085860000000025
0
LINE
8
BLACK
6
CONTINUOUS
10
92.2174499999999995
20
-95.6085860000000025
11
92.2174519999999944
21
-95.608587
0
LINE
8
BLACK
6
CONTINUOUS
10
92.2174519999999944
20
-95.608587
11
92.2544659999999936
21
-95.6114999999999924
0
LINE
8
BLACK
6
CONTINUOUS
10
92.2544659999999936
20
-95.6114999999999924
11
92.2544740000000019
21
-95.6114999999999924
0
LINE
8
BLACK
6
CONTINUOUS
10
92.2544740000000019
20
-95.6114999999999924
11
93.6055259999999976
21
-95.6114999999999924
0
LINE
8
BLACK
6
CONTINUOUS
10
93.6055259999999976
20
-95.6114999999999924
11
93.6055339999999916
21
-95.6114999999999924
0
LINE
8
BLACK
6
CONTINUOUS
10
93.6055339999999916
20
-95.6114999999999924
11
93.6425479999999908
21
-95.608587
0
LINE
8
BLACK
6
CONTINUOUS
10
93.6425479999999908
20
-95.608587
11
93.64255
21
-95.6085860000000025
0
LINE
8
BLACK
6
CONTINUOUS
10
93.64255
20
-95.6085860000000025
11
93.6425519999999949
21
-95.6085860000000025
0
LINE
8
BLACK
6
CONTINUOUS
10
93.6425519999999949
20
-95.6085860000000025
11
93.684322999999992
21
-95.5964489999999927
0
LINE
8
BLACK
6
CONTINUOUS
10
93.684322999999992
20
-95.5964489999999927
11
93.8009589999999918
21
-95.5625639999999947
0
LINE
8
BLACK
6
CONTINUOUS
10
93.8009589999999918
20
-95.5625639999999947
11
93.9429469999999895
21
-95.4785919999999919
0
LINE
8
BLACK
6
CONTINUOUS
10
93.9429469999999895
20
-95.4785919999999919
11
94.059591999999995
21
-95.3619470000000007
0
LINE
8
BLACK
6
CONTINUOUS
10
94.059591999999995
20
-95.3619470000000007
11
94.0932679999999948
21
-95.3050029999999992
0
LINE
8
BLACK
6
CONTINUOUS
10
94.0932679999999948
20
-95.3050029999999992
11
94.1443369999999931
21
-95.2573209999999904
0
LINE
8
BLACK
6
CONTINUOUS
10
94.1443369999999931
20
-95.2573209999999904
11
94.2130789999999934
21
-95.2448169999999976
0
LINE
8
BLACK
6
CONTINUOUS
10
94.2130789999999934
20
-95.2448169999999976
11
94.2776679999999914
21
-95.2714619999999996
0
LINE
8
BLACK
6
CONTINUOUS
10
94.2776679999999914
20
-95.2714619999999996
11
94.3067319999999967
21
-95.3050039999999967
0
LINE
8
BLACK
6
CONTINUOUS
10
94.3067319999999967
20
-95.3050039999999967
11
94.3404060000000015
21
-95.361943999999994
0
LINE
8
BLACK
6
CONTINUOUS
10
94.3404060000000015
20
-95.361943999999994
11
94.3404120000000006
21
-95.3619520000000023
0
LINE
8
BLACK
6
CONTINUOUS
10
94.3404120000000006
20
-95.3619520000000023
11
94.4570469999999887
21
-95.4785869999999903
0
LINE
8
BLACK
6
CONTINUOUS
10
94.4570469999999887
20
-95.4785869999999903
11
94.4570509999999928
21
-95.478589999999997
0
LINE
8
BLACK
6
CONTINUOUS
10
94.4570509999999928
20
-95.478589999999997
11
94.4570530000000019
21
-95.4785919999999919
0
LINE
8
BLACK
6
CONTINUOUS
10
94.4570530000000019
20
-95.4785919999999919
11
94.5990409999999997
21
-95.5625639999999947
0
LINE
8
BLACK
6
CONTINUOUS
10
94.5990409999999997
20
-95.5625639999999947
11
94.5990479999999963
21
-95.5625659999999897
0
LINE
8
BLACK
6
CONTINUOUS
10
94.5990479999999963
20
-95.5625659999999897
11
94.7574469999999991
21
-95.6085860000000025
0
LINE
8
BLACK
6
CONTINUOUS
10
94.7574469999999991
20
-95.6085860000000025
11
94.7574499999999915
21
-95.6085860000000025
0
LINE
8
BLACK
6
CONTINUOUS
10
94.7574499999999915
20
-95.6085860000000025
11
94.7574520000000007
21
-95.608587
0
LINE
8
BLACK
6
CONTINUOUS
10
94.7574520000000007
20
-95.608587
11
94.7944659999999999
21
-95.6114999999999924
0
LINE
8
BLACK
6
CONTINUOUS
10
94.7944659999999999
20
-95.6114999999999924
11
94.7944739999999939
21
-95.6114999999999924
0
LINE
8
BLACK
6
CONTINUOUS
10
94.7944739999999939
20
-95.6114999999999924
11
96.1455259999999896
21
-95.6114999999999924
0
LINE
8
BLACK
6
CONTINUOUS
10
96.1455259999999896
20
-95.6114999999999924
11
96.1455339999999978
21
-95.6114999999999924
0
LINE
8
BLACK
6
CONTINUOUS
10
96.1455339999999978
20
-95.6114999999999924
11
96.182547999999997
21
-95.608587
0
LINE
8
BLACK
6
CONTINUOUS
10
96.182547999999997
20
-95.608587
11
96.182549999999992
21
-95.6085860000000025
0
LINE
8
BLACK
6
CONTINUOUS
10
96.182549999999992
20
-95.6085860000000025
11
96.1825520000000012
21
-95.6085860000000025
0
LINE
8
BLACK
6
CONTINUOUS
10
96.1825520000000012
20
-95.6085860000000025
11
96.2243229999999983
21
-95.5964489999999927
0
LINE
8
BLACK
6
CONTINUOUS
10
96.2243229999999983
20
-95.5964489999999927
11
96.340958999999998
21
-95.5625639999999947
0
LINE
8
BLACK
6
CONTINUOUS
10
96.340958999999998
20
-95.5625639999999947
11
96.4829469999999958
21
-95.4785919999999919
0
LINE
8
BLACK
6
CONTINUOUS
10
96.4829469999999958
20
-95.4785919999999919
11
96.5995920000000012
21
-95.3619470000000007
0
LINE
8
BLACK
6
CONTINUOUS
10
96.5995920000000012
20
-95.3619470000000007
11
96.5997759999999914
21
-95.3616370000000018
0
LINE
8
BLACK
6
CONTINUOUS
10
96.5997759999999914
20
-95.3616370000000018
11
96.6335579999999936
21
-95.3045139999999975
0
LINE
8
BLACK
6
CONTINUOUS
10
96.6335579999999936
20
-95.3045139999999975
11
96.6846259999999944
21
-95.2568299999999937
0
LINE
8
BLACK
6
CONTINUOUS
10
96.6846259999999944
20
-95.2568299999999937
11
96.7533679999999947
21
-95.2443260000000009
0
LINE
8
BLACK
6
CONTINUOUS
10
96.7533679999999947
20
-95.2443260000000009
11
96.8179579999999902
21
-95.2709709999999887
0
LINE
8
BLACK
6
CONTINUOUS
10
96.8179579999999902
20
-95.2709709999999887
11
96.8470219999999955
21
-95.304513
0
LINE
8
BLACK
6
CONTINUOUS
10
96.8470219999999955
20
-95.304513
11
96.8808030000000002
21
-95.3616339999999951
0
LINE
8
BLACK
6
CONTINUOUS
10
96.8808030000000002
20
-95.3616339999999951
11
96.8808099999999968
21
-95.3616430000000008
0
LINE
8
BLACK
6
CONTINUOUS
10
96.8808099999999968
20
-95.3616430000000008
11
96.9160299999999921
21
-95.3968629999999962
0
LINE
8
BLACK
6
CONTINUOUS
10
96.9160299999999921
20
-95.3968629999999962
11
97.2741690000000006
21
-95.038724000000002
0
LINE
8
BLACK
6
CONTINUOUS
10
97.2741690000000006
20
-95.038724000000002
11
97.2596009999999893
21
-95.0169209999999964
0
LINE
8
BLACK
6
CONTINUOUS
10
97.2596009999999893
20
-95.0169209999999964
11
97.2479999999999905
21
-94.9585999999999899
0
LINE
8
BLACK
6
CONTINUOUS
10
97.2479999999999905
20
-94.9585999999999899
11
97.2479999999999905
21
-92.8314000000000021
0
LINE
8
BLACK
6
CONTINUOUS
10
97.2479999999999905
20
-92.8314000000000021
11
97.2596009999999893
21
-92.7730789999999956
0
LINE
8
BLACK
6
CONTINUOUS
10
97.2596009999999893
20
-92.7730789999999956
11
97.2926369999999991
21
-92.7236369999999965
0
LINE
8
BLACK
6
CONTINUOUS
10
97.2926369999999991
20
-92.7236369999999965
11
97.3090899999999976
21
-92.7126429999999999
0
LINE
8
BLACK
6
CONTINUOUS
10
97.3090899999999976
20
-92.7126429999999999
11
96.9528069999999929
21
-92.3563599999999951
0
LINE
8
BLACK
6
CONTINUOUS
10
96.9528069999999929
20
-92.3563599999999951
11
96.8808099999999968
21
-92.4283569999999912
0
LINE
8
BLACK
6
CONTINUOUS
10
96.8808099999999968
20
-92.4283569999999912
11
96.8807999999999936
21
-92.428370000000001
0
LINE
8
BLACK
6
CONTINUOUS
10
96.8807999999999936
20
-92.428370000000001
11
96.847020999999998
21
-92.485486999999992
0
LINE
8
BLACK
6
CONTINUOUS
10
96.847020999999998
20
-92.485486999999992
11
96.7959519999999998
21
-92.5331699999999984
0
LINE
8
BLACK
6
CONTINUOUS
10
96.7959519999999998
20
-92.5331699999999984
11
96.7272099999999995
21
-92.5456729999999936
0
LINE
8
BLACK
6
CONTINUOUS
10
96.7272099999999995
20
-92.5456729999999936
11
96.6626210000000015
21
-92.5190269999999941
0
LINE
8
BLACK
6
CONTINUOUS
10
96.6626210000000015
20
-92.5190269999999941
11
96.6452199999999948
21
-92.5019750000000016
0
LINE
8
BLACK
6
CONTINUOUS
10
96.6452199999999948
20
-92.5019750000000016
11
96.6387160000000023
21
-92.4942080000000004
0
LINE
8
BLACK
6
CONTINUOUS
10
96.6387160000000023
20
-92.4942080000000004
11
96.5995920000000012
21
-92.4280529999999914
0
LINE
8
BLACK
6
CONTINUOUS
10
96.5995920000000012
20
-92.4280529999999914
11
96.4995179999999948
21
-92.3279789999999991
0
LINE
8
BLACK
6
CONTINUOUS
10
96.4995179999999948
20
-92.3279789999999991
11
96.4960069999999916
21
-92.3237859999999984
0
LINE
8
BLACK
6
CONTINUOUS
10
96.4960069999999916
20
-92.3237859999999984
11
96.4954889999999921
21
-92.3225999999999942
0
LINE
8
BLACK
6
CONTINUOUS
10
96.4954889999999921
20
-92.3225999999999942
11
96.4907579999999996
21
-92.3170599999999979
0
LINE
8
BLACK
6
CONTINUOUS
10
96.4907579999999996
20
-92.3170599999999979
11
96.4329839999999905
21
-92.2375389999999982
0
LINE
8
BLACK
6
CONTINUOUS
10
96.4329839999999905
20
-92.2375389999999982
11
96.2924659999999903
21
-92.097020999999998
0
LINE
8
BLACK
6
CONTINUOUS
10
96.2924659999999903
20
-92.097020999999998
11
96.2924639999999954
21
-92.0970189999999889
0
LINE
8
BLACK
6
CONTINUOUS
10
96.2924639999999954
20
-92.0970189999999889
11
96.131693999999996
21
-91.980212999999992
0
LINE
8
BLACK
6
CONTINUOUS
10
96.131693999999996
20
-91.980212999999992
11
95.9546319999999895
21
-91.8899940000000015
0
LINE
8
BLACK
6
CONTINUOUS
10
95.9546319999999895
20
-91.8899940000000015
11
95.9546289999999971
21
-91.8899929999999898
0
LINE
8
BLACK
6
CONTINUOUS
10
95.9546289999999971
20
-91.8899929999999898
11
95.7656369999999981
21
-91.8285869999999989
0
LINE
8
BLACK
6
CONTINUOUS
10
95.7656369999999981
20
-91.8285869999999989
11
95.6674979999999948
21
-91.8130429999999933
0
LINE
8
BLACK
6
CONTINUOUS
10
95.6674979999999948
20
-91.8130429999999933
11
95.5693610000000007
21
-91.7974999999999994
0
LINE
8
BLACK
6
CONTINUOUS
10
95.5693610000000007
20
-91.7974999999999994
11
95.3706389999999971
21
-91.7974999999999994
0
LINE
8
BLACK
6
CONTINUOUS
10
95.3706389999999971
20
-91.7974999999999994
11
95.3052139999999923
21
-91.8078620000000001
0
LINE
8
BLACK
6
CONTINUOUS
10
95.3052139999999923
20
-91.8078620000000001
11
95.1743620000000021
21
-91.8285869999999989
0
LINE
8
BLACK
6
CONTINUOUS
10
95.1743620000000021
20
-91.8285869999999989
11
94.985369999999989
21
-91.8899929999999898
0
LINE
8
BLACK
6
CONTINUOUS
10
94.985369999999989
20
-91.8899929999999898
11
94.9853669999999966
21
-91.8899940000000015
0
LINE
8
BLACK
6
CONTINUOUS
10
94.9853669999999966
20
-91.8899940000000015
11
94.8083049999999901
21
-91.980212999999992
0
LINE
8
BLACK
6
CONTINUOUS
10
94.8083049999999901
20
-91.980212999999992
11
94.6475329999999957
21
-92.097020999999998
0
LINE
8
BLACK
6
CONTINUOUS
10
94.6475329999999957
20
-92.097020999999998
11
94.5070180000000022
21
-92.2375359999999915
0
LINE
8
BLACK
6
CONTINUOUS
10
94.5070180000000022
20
-92.2375359999999915
11
94.4492389999999915
21
-92.3170609999999954
0
LINE
8
BLACK
6
CONTINUOUS
10
94.4492389999999915
20
-92.3170609999999954
11
94.4439599999999899
21
-92.3238209999999953
0
LINE
8
BLACK
6
CONTINUOUS
10
94.4439599999999899
20
-92.3238209999999953
11
94.4404459999999943
21
-92.3280129999999986
0
LINE
8
BLACK
6
CONTINUOUS
10
94.4404459999999943
20
-92.3280129999999986
11
94.3404079999999965
21
-92.4280529999999914
0
LINE
8
BLACK
6
CONTINUOUS
10
94.3404079999999965
20
-92.4280529999999914
11
94.3015639999999991
21
-92.4937329999999918
0
LINE
8
BLACK
6
CONTINUOUS
10
94.3015639999999991
20
-92.4937329999999918
11
94.295037999999991
21
-92.5015209999999968
0
LINE
8
BLACK
6
CONTINUOUS
10
94.295037999999991
20
-92.5015209999999968
11
94.2740759999999938
21
-92.5154849999999982
0
LINE
8
BLACK
6
CONTINUOUS
10
94.2740759999999938
20
-92.5154849999999982
11
94.2556620000000009
21
-92.5326790000000017
0
LINE
8
BLACK
6
CONTINUOUS
10
94.2556620000000009
20
-92.5326790000000017
11
94.2454919999999987
21
-92.5345279999999946
0
LINE
8
BLACK
6
CONTINUOUS
10
94.2454919999999987
20
-92.5345279999999946
11
94.236891
21
-92.5402589999999918
0
LINE
8
BLACK
6
CONTINUOUS
10
94.236891
20
-92.5402589999999918
11
94.211703
21
-92.5406739999999957
0
LINE
8
BLACK
6
CONTINUOUS
10
94.211703
20
-92.5406739999999957
11
94.1869209999999981
21
-92.5451819999999969
0
LINE
8
BLACK
6
CONTINUOUS
10
94.1869209999999981
20
-92.5451819999999969
11
94.1773659999999921
21
-92.5412400000000019
0
LINE
8
BLACK
6
CONTINUOUS
10
94.1773659999999921
20
-92.5412400000000019
11
94.1670309999999944
21
-92.5414109999999965
0
LINE
8
BLACK
6
CONTINUOUS
10
94.1670309999999944
20
-92.5414109999999965
11
94.1456159999999898
21
-92.5281420000000026
0
LINE
8
BLACK
6
CONTINUOUS
10
94.1456159999999898
20
-92.5281420000000026
11
94.1223310000000026
21
-92.5185359999999974
0
LINE
8
BLACK
6
CONTINUOUS
10
94.1223310000000026
20
-92.5185359999999974
11
94.1133079999999893
21
-92.5081229999999977
0
LINE
8
BLACK
6
CONTINUOUS
10
94.1133079999999893
20
-92.5081229999999977
11
94.1076379999999943
21
-92.5046099999999996
0
LINE
8
BLACK
6
CONTINUOUS
10
94.1076379999999943
20
-92.5046099999999996
11
94.1044259999999895
21
-92.4978729999999985
0
LINE
8
BLACK
6
CONTINUOUS
10
94.1044259999999895
20
-92.4978729999999985
11
94.0932679999999948
21
-92.4849959999999953
0
LINE
8
BLACK
6
CONTINUOUS
10
94.0932679999999948
20
-92.4849959999999953
11
94.059591999999995
21
-92.4280529999999914
0
LINE
8
BLACK
6
CONTINUOUS
10
94.059591999999995
20
-92.4280529999999914
11
93.9633899999999898
21
-92.3318510000000003
0
LINE
8
BLACK
6
CONTINUOUS
10
93.9633899999999898
20
-92.3318510000000003
11
93.9507579999999933
21
-92.3170599999999979
0
LINE
8
BLACK
6
CONTINUOUS
10
93.9507579999999933
20
-92.3170599999999979
11
93.8929839999999984
21
-92.2375389999999982
0
LINE
8
BLACK
6
CONTINUOUS
10
93.8929839999999984
20
-92.2375389999999982
11
93.7524659999999983
21
-92.097020999999998
0
LINE
8
BLACK
6
CONTINUOUS
10
93.7524659999999983
20
-92.097020999999998
11
93.7524639999999891
21
-92.0970189999999889
0
LINE
8
BLACK
6
CONTINUOUS
10
93.7524639999999891
20
-92.0970189999999889
11
93.5916939999999897
21
-91.980212999999992
0
LINE
8
BLACK
6
CONTINUOUS
10
93.5916939999999897
20
-91.980212999999992
11
93.4146319999999974
21
-91.8899940000000015
0
LINE
8
BLACK
6
CONTINUOUS
10
93.4146319999999974
20
-91.8899940000000015
11
93.4146289999999908
21
-91.8899929999999898
0
LINE
8
BLACK
6
CONTINUOUS
10
93.4146289999999908
20
-91.8899929999999898
11
93.2256369999999919
21
-91.8285869999999989
0
LINE
8
BLACK
6
CONTINUOUS
10
93.2256369999999919
20
-91.8285869999999989
11
93.1274980000000028
21
-91.8130429999999933
0
LINE
8
BLACK
6
CONTINUOUS
10
93.1274980000000028
20
-91.8130429999999933
11
93.0293609999999944
21
-91.7974999999999994
0
LINE
8
BLACK
6
CONTINUOUS
10
93.0293609999999944
20
-91.7974999999999994
11
92.8306389999999908
21
-91.7974999999999994
0
LINE
8
BLACK
6
CONTINUOUS
10
92.8306389999999908
20
-91.7974999999999994
11
92.7652140000000003
21
-91.8078620000000001
0
LINE
8
BLACK
6
CONTINUOUS
10
92.7652140000000003
20
-91.8078620000000001
11
92.6343619999999959
21
-91.8285869999999989
0
LINE
8
BLACK
6
CONTINUOUS
10
92.6343619999999959
20
-91.8285869999999989
11
92.4453699999999969
21
-91.8899929999999898
0
LINE
8
BLACK
6
CONTINUOUS
10
92.4453699999999969
20
-91.8899929999999898
11
92.4453669999999903
21
-91.8899940000000015
0
LINE
8
BLACK
6
CONTINUOUS
10
92.4453669999999903
20
-91.8899940000000015
11
92.268304999999998
21
-91.980212999999992
0
LINE
8
BLACK
6
CONTINUOUS
10
92.268304999999998
20
-91.980212999999992
11
92.1075329999999894
21
-92.097020999999998
0
LINE
8
BLACK
6
CONTINUOUS
10
92.1075329999999894
20
-92.097020999999998
11
91.9670179999999959
21
-92.2375359999999915
0
LINE
8
BLACK
6
CONTINUOUS
10
91.9670179999999959
20
-92.2375359999999915
11
91.9092389999999995
21
-92.3170609999999954
0
LINE
8
BLACK
6
CONTINUOUS
10
91.9092389999999995
20
-92.3170609999999954
11
91.9039599999999979
21
-92.3238209999999953
0
LINE
8
BLACK
6
CONTINUOUS
10
91.9039599999999979
20
-92.3238209999999953
11
91.9004460000000023
21
-92.3280129999999986
0
LINE
8
BLACK
6
CONTINUOUS
10
91.9004460000000023
20
-92.3280129999999986
11
91.8004079999999902
21
-92.4280529999999914
0
LINE
8
BLACK
6
CONTINUOUS
10
91.8004079999999902
20
-92.4280529999999914
11
91.7615639999999928
21
-92.4937329999999918
0
LINE
8
BLACK
6
CONTINUOUS
10
91.7615639999999928
20
-92.4937329999999918
11
91.755037999999999
21
-92.5015209999999968
0
LINE
8
BLACK
6
CONTINUOUS
10
91.755037999999999
20
-92.5015209999999968
11
91.7340760000000017
21
-92.5154849999999982
0
LINE
8
BLACK
6
CONTINUOUS
10
91.7340760000000017
20
-92.5154849999999982
11
91.7156619999999947
21
-92.5326790000000017
0
LINE
8
BLACK
6
CONTINUOUS
10
91.7156619999999947
20
-92.5326790000000017
11
91.7054919999999925
21
-92.5345279999999946
0
LINE
8
BLACK
6
CONTINUOUS
10
91.7054919999999925
20
-92.5345279999999946
11
91.6968909999999937
21
-92.5402589999999918
0
LINE
8
BLACK
6
CONTINUOUS
10
91.6968909999999937
20
-92.5402589999999918
11
91.6717029999999937
21
-92.5406739999999957
0
LINE
8
BLACK
6
CONTINUOUS
10
91.6717029999999937
20
-92.5406739999999957
11
91.6469209999999919
21
-92.5451819999999969
0
LINE
8
BLACK
6
CONTINUOUS
10
91.6469209999999919
20
-92.5451819999999969
11
91.6373660000000001
21
-92.5412400000000019
0
LINE
8
BLACK
6
CONTINUOUS
10
91.6373660000000001
20
-92.5412400000000019
11
91.6270310000000023
21
-92.5414109999999965
0
LINE
8
BLACK
6
CONTINUOUS
10
91.6270310000000023
20
-92.5414109999999965
11
91.6056159999999977
21
-92.5281420000000026
0
LINE
8
BLACK
6
CONTINUOUS
10
91.6056159999999977
20
-92.5281420000000026
11
91.5823309999999964
21
-92.5185359999999974
0
LINE
8
BLACK
6
CONTINUOUS
10
91.5823309999999964
20
-92.5185359999999974
11
91.5733079999999973
21
-92.5081229999999977
0
LINE
8
BLACK
6
CONTINUOUS
10
91.5733079999999973
20
-92.5081229999999977
11
91.5676380000000023
21
-92.5046099999999996
0
LINE
8
BLACK
6
CONTINUOUS
10
91.5676380000000023
20
-92.5046099999999996
11
91.5644259999999974
21
-92.4978729999999985
0
LINE
8
BLACK
6
CONTINUOUS
10
91.5644259999999974
20
-92.4978729999999985
11
91.5532680000000028
21
-92.4849959999999953
0
LINE
8
BLACK
6
CONTINUOUS
10
91.5532680000000028
20
-92.4849959999999953
11
91.5195920000000029
21
-92.4280529999999914
0
LINE
8
BLACK
6
CONTINUOUS
10
91.5195920000000029
20
-92.4280529999999914
11
91.4233899999999977
21
-92.3318510000000003
0
LINE
8
BLACK
6
CONTINUOUS
10
91.4233899999999977
20
-92.3318510000000003
11
91.4107580000000013
21
-92.3170599999999979
0
LINE
8
BLACK
6
CONTINUOUS
10
91.4107580000000013
20
-92.3170599999999979
11
91.3529839999999922
21
-92.2375389999999982
0
LINE
8
BLACK
6
CONTINUOUS
10
91.3529839999999922
20
-92.2375389999999982
11
91.2124659999999921
21
-92.097020999999998
0
LINE
8
BLACK
6
CONTINUOUS
10
91.2124659999999921
20
-92.097020999999998
11
91.2124639999999971
21
-92.0970189999999889
0
LINE
8
BLACK
6
CONTINUOUS
10
91.2124639999999971
20
-92.0970189999999889
11
91.0516939999999977
21
-91.980212999999992
0
LINE
8
BLACK
6
CONTINUOUS
10
91.0516939999999977
20
-91.980212999999992
11
90.8746319999999912
21
-91.8899940000000015
0
LINE
8
BLACK
6
CONTINUOUS
10
90.8746319999999912
20
-91.8899940000000015
11
90.8746289999999988
21
-91.8899929999999898
0
LINE
8
BLACK
6
CONTINUOUS
10
90.8746289999999988
20
-91.8899929999999898
11
90.6856369999999998
21
-91.8285869999999989
0
LINE
8
BLACK
6
CONTINUOUS
10
90.6856369999999998
20
-91.8285869999999989
11
90.5874979999999965
21
-91.8130429999999933
0
LINE
8
BLACK
6
CONTINUOUS
10
90.5874979999999965
20
-91.8130429999999933
11
90.4893610000000024
21
-91.7974999999999994
0
LINE
8
BLACK
6
CONTINUOUS
10
90.4893610000000024
20
-91.7974999999999994
11
90.2906389999999988
21
-91.7974999999999994
0
LINE
8
BLACK
6
CONTINUOUS
10
90.2906389999999988
20
-91.7974999999999994
11
90.225213999999994
21
-91.8078620000000001
0
LINE
8
BLACK
6
CONTINUOUS
10
90.225213999999994
20
-91.8078620000000001
11
90.0943619999999896
21
-91.8285869999999989
0
LINE
8
BLACK
6
CONTINUOUS
10
90.0943619999999896
20
-91.8285869999999989
11
89.9053699999999907
21
-91.8899929999999898
0
LINE
8
BLACK
6
CONTINUOUS
10
89.9053699999999907
20
-91.8899929999999898
11
89.9053669999999983
21
-91.8899940000000015
0
LINE
8
BLACK
6
CONTINUOUS
10
89.9053669999999983
20
-91.8899940000000015
11
89.7283049999999918
21
-91.980212999999992
0
LINE
8
BLACK
6
CONTINUOUS
10
89.7283049999999918
20
-91.980212999999992
11
89.5675329999999974
21
-92.097020999999998
0
LINE
8
BLACK
6
CONTINUOUS
10
89.5675329999999974
20
-92.097020999999998
11
89.4270179999999897
21
-92.2375359999999915
0
LINE
8
BLACK
6
CONTINUOUS
10
89.4270179999999897
20
-92.2375359999999915
11
89.3692389999999932
21
-92.3170609999999954
0
LINE
8
BLACK
6
CONTINUOUS
10
89.3692389999999932
20
-92.3170609999999954
11
89.3639599999999916
21
-92.3238209999999953
0
LINE
8
BLACK
6
CONTINUOUS
10
89.3639599999999916
20
-92.3238209999999953
11
89.360445999999996
21
-92.3280129999999986
0
LINE
8
BLACK
6
CONTINUOUS
10
89.360445999999996
20
-92.3280129999999986
11
89.2604079999999982
21
-92.4280529999999914
0
LINE
8
BLACK
6
CONTINUOUS
10
89.2604079999999982
20
-92.4280529999999914
11
89.2215640000000008
21
-92.4937329999999918
0
LINE
8
BLACK
6
CONTINUOUS
10
89.2215640000000008
20
-92.4937329999999918
11
89.2150379999999927
21
-92.5015209999999968
0
LINE
8
BLACK
6
CONTINUOUS
10
89.2150379999999927
20
-92.5015209999999968
11
89.1940759999999955
21
-92.5154849999999982
0
LINE
8
BLACK
6
CONTINUOUS
10
89.1940759999999955
20
-92.5154849999999982
11
89.1756620000000026
21
-92.5326790000000017
0
LINE
8
BLACK
6
CONTINUOUS
10
89.1756620000000026
20
-92.5326790000000017
11
89.1654920000000004
21
-92.5345279999999946
0
LINE
8
BLACK
6
CONTINUOUS
10
89.1654920000000004
20
-92.5345279999999946
11
89.1568910000000017
21
-92.5402589999999918
0
LINE
8
BLACK
6
CONTINUOUS
10
89.1568910000000017
20
-92.5402589999999918
11
89.1317030000000017
21
-92.5406739999999957
0
LINE
8
BLACK
6
CONTINUOUS
10
89.1317030000000017
20
-92.5406739999999957
11
89.1069209999999998
21
-92.5451819999999969
0
LINE
8
BLACK
6
CONTINUOUS
10
89.1069209999999998
20
-92.5451819999999969
11
89.0973659999999938
21
-92.5412400000000019
0
LINE
8
BLACK
6
CONTINUOUS
10
89.0973659999999938
20
-92.5412400000000019
11
89.0870309999999961
21
-92.5414109999999965
0
LINE
8
BLACK
6
CONTINUOUS
10
89.0870309999999961
20
-92.5414109999999965
11
89.0656159999999915
21
-92.5281420000000026
0
LINE
8
BLACK
6
CONTINUOUS
10
89.0656159999999915
20
-92.5281420000000026
11
89.0423309999999901
21
-92.5185359999999974
0
LINE
8
BLACK
6
CONTINUOUS
10
89.0423309999999901
20
-92.5185359999999974
11
89.033307999999991
21
-92.5081229999999977
0
LINE
8
BLACK
6
CONTINUOUS
10
89.033307999999991
20
-92.5081229999999977
11
89.0276379999999961
21
-92.5046099999999996
0
LINE
8
BLACK
6
CONTINUOUS
10
89.0276379999999961
20
-92.5046099999999996
11
89.0244259999999912
21
-92.4978729999999985
0
LINE
8
BLACK
6
CONTINUOUS
10
89.0244259999999912
20
-92.4978729999999985
11
89.0132679999999965
21
-92.4849959999999953
0
LINE
8
BLACK
6
CONTINUOUS
10
89.0132679999999965
20
-92.4849959999999953
11
88.9795919999999967
21
-92.4280529999999914
0
LINE
8
BLACK
6
CONTINUOUS
10
88.9795919999999967
20
-92.4280529999999914
11
88.8833899999999915
21
-92.3318510000000003
0
LINE
8
BLACK
6
CONTINUOUS
10
88.8833899999999915
20
-92.3318510000000003
11
88.870757999999995
21
-92.3170599999999979
0
LINE
8
BLACK
6
CONTINUOUS
10
88.870757999999995
20
-92.3170599999999979
11
88.8129840000000002
21
-92.2375389999999982
0
LINE
8
BLACK
6
CONTINUOUS
10
88.8129840000000002
20
-92.2375389999999982
11
88.672466
21
-92.097020999999998
0
LINE
8
BLACK
6
CONTINUOUS
10
88.672466
20
-92.097020999999998
11
88.6724639999999908
21
-92.0970189999999889
0
LINE
8
BLACK
6
CONTINUOUS
10
88.6724639999999908
20
-92.0970189999999889
11
88.5116939999999914
21
-91.980212999999992
0
LINE
8
BLACK
6
CONTINUOUS
10
88.5116939999999914
20
-91.980212999999992
11
88.3346319999999992
21
-91.8899940000000015
0
LINE
8
BLACK
6
CONTINUOUS
10
88.3346319999999992
20
-91.8899940000000015
11
88.3346289999999925
21
-91.8899929999999898
0
LINE
8
BLACK
6
CONTINUOUS
10
88.3346289999999925
20
-91.8899929999999898
11
88.1456369999999936
21
-91.8285869999999989
0
LINE
8
BLACK
6
CONTINUOUS
10
88.1456369999999936
20
-91.8285869999999989
11
88.0474979999999903
21
-91.8130429999999933
0
LINE
8
BLACK
6
CONTINUOUS
10
88.0474979999999903
20
-91.8130429999999933
11
87.9493609999999961
21
-91.7974999999999994
0
LINE
8
BLACK
6
CONTINUOUS
10
87.9493609999999961
20
-91.7974999999999994
11
87.7506389999999925
21
-91.7974999999999994
0
LINE
8
BLACK
6
CONTINUOUS
10
87.7506389999999925
20
-91.7974999999999994
11
87.685214000000002
21
-91.8078620000000001
0
LINE
8
BLACK
6
CONTINUOUS
10
87.685214000000002
20
-91.8078620000000001
11
87.5543619999999976
21
-91.8285869999999989
0
LINE
8
BLACK
6
CONTINUOUS
10
87.5543619999999976
20
-91.8285869999999989
11
87.3653699999999986
21
-91.8899929999999898
0
LINE
8
BLACK
6
CONTINUOUS
10
87.3653699999999986
20
-91.8899929999999898
11
87.365366999999992
21
-91.8899940000000015
0
LINE
8
BLACK
6
CONTINUOUS
10
87.365366999999992
20
-91.8899940000000015
11
87.1883049999999997
21
-91.980212999999992
0
LINE
8
BLACK
6
CONTINUOUS
10
87.1883049999999997
20
-91.980212999999992
11
87.0275329999999911
21
-92.097020999999998
0
LINE
8
BLACK
6
CONTINUOUS
10
87.0275329999999911
20
-92.097020999999998
11
86.8870179999999976
21
-92.2375359999999915
0
LINE
8
BLACK
6
CONTINUOUS
10
86.8870179999999976
20
-92.2375359999999915
11
86.8292390000000012
21
-92.3170609999999954
0
LINE
8
BLACK
6
CONTINUOUS
10
86.8292390000000012
20
-92.3170609999999954
11
86.8239599999999996
21
-92.3238209999999953
0
LINE
8
BLACK
6
CONTINUOUS
10
86.8239599999999996
20
-92.3238209999999953
11
86.8204459999999898
21
-92.3280129999999986
0
LINE
8
BLACK
6
CONTINUOUS
10
86.8204459999999898
20
-92.3280129999999986
11
86.7204079999999919
21
-92.4280529999999914
0
LINE
8
BLACK
6
CONTINUOUS
10
86.7204079999999919
20
-92.4280529999999914
11
86.6815639999999945
21
-92.4937329999999918
0
LINE
8
BLACK
6
CONTINUOUS
10
86.6815639999999945
20
-92.4937329999999918
11
86.6750380000000007
21
-92.5015209999999968
0
LINE
8
BLACK
6
CONTINUOUS
10
86.6750380000000007
20
-92.5015209999999968
11
86.6540759999999892
21
-92.5154849999999982
0
LINE
8
BLACK
6
CONTINUOUS
10
86.6540759999999892
20
-92.5154849999999982
11
86.6356619999999964
21
-92.5326790000000017
0
LINE
8
BLACK
6
CONTINUOUS
10
86.6356619999999964
20
-92.5326790000000017
11
86.6254919999999942
21
-92.5345279999999946
0
LINE
8
BLACK
6
CONTINUOUS
10
86.6254919999999942
20
-92.5345279999999946
11
86.6168909999999954
21
-92.5402589999999918
0
LINE
8
BLACK
6
CONTINUOUS
10
86.6168909999999954
20
-92.5402589999999918
11
86.5917029999999954
21
-92.5406739999999957
0
LINE
8
BLACK
6
CONTINUOUS
10
86.5917029999999954
20
-92.5406739999999957
11
86.5669209999999936
21
-92.5451819999999969
0
LINE
8
BLACK
6
CONTINUOUS
10
86.5669209999999936
20
-92.5451819999999969
11
86.5573660000000018
21
-92.5412400000000019
0
LINE
8
BLACK
6
CONTINUOUS
10
86.5573660000000018
20
-92.5412400000000019
11
86.5470309999999898
21
-92.5414109999999965
0
LINE
8
BLACK
6
CONTINUOUS
10
86.5470309999999898
20
-92.5414109999999965
11
86.5256159999999994
21
-92.5281420000000026
0
LINE
8
BLACK
6
CONTINUOUS
10
86.5256159999999994
20
-92.5281420000000026
11
86.5023309999999981
21
-92.5185359999999974
0
LINE
8
BLACK
6
CONTINUOUS
10
86.5023309999999981
20
-92.5185359999999974
11
86.493307999999999
21
-92.5081229999999977
0
LINE
8
BLACK
6
CONTINUOUS
10
86.493307999999999
20
-92.5081229999999977
11
86.4876379999999898
21
-92.5046099999999996
0
LINE
8
BLACK
6
CONTINUOUS
10
86.4876379999999898
20
-92.5046099999999996
11
86.4844259999999991
21
-92.4978729999999985
0
LINE
8
BLACK
6
CONTINUOUS
10
86.4844259999999991
20
-92.4978729999999985
11
86.4732679999999903
21
-92.4849959999999953
0
LINE
8
BLACK
6
CONTINUOUS
10
86.4732679999999903
20
-92.4849959999999953
11
86.4395919999999904
21
-92.4280529999999914
0
LINE
8
BLACK
6
CONTINUOUS
10
86.4395919999999904
20
-92.4280529999999914
11
86.3433899999999994
21
-92.3318510000000003
0
LINE
8
BLACK
6
CONTINUOUS
10
86.3433899999999994
20
-92.3318510000000003
11
86.330758000000003
21
-92.3170599999999979
0
LINE
8
BLACK
6
CONTINUOUS
10
86.330758000000003
20
-92.3170599999999979
11
86.2729839999999939
21
-92.2375389999999982
0
LINE
8
BLACK
6
CONTINUOUS
10
86.2729839999999939
20
-92.2375389999999982
11
86.1324659999999938
21
-92.097020999999998
0
LINE
8
BLACK
6
CONTINUOUS
10
86.1324659999999938
20
-92.097020999999998
11
86.1324639999999988
21
-92.0970189999999889
0
LINE
8
BLACK
6
CONTINUOUS
10
86.1324639999999988
20
-92.0970189999999889
11
85.9716939999999994
21
-91.980212999999992
0
LINE
8
BLACK
6
CONTINUOUS
10
85.9716939999999994
20
-91.980212999999992
11
85.7946319999999929
21
-91.8899940000000015
0
LINE
8
BLACK
6
CONTINUOUS
10
85.7946319999999929
20
-91.8899940000000015
11
85.7946290000000005
21
-91.8899929999999898
0
LINE
8
BLACK
6
CONTINUOUS
10
85.7946290000000005
20
-91.8899929999999898
11
85.6056370000000015
21
-91.8285869999999989
0
LINE
8
BLACK
6
CONTINUOUS
10
85.6056370000000015
20
-91.8285869999999989
11
85.5074979999999982
21
-91.8130429999999933
0
LINE
8
BLACK
6
CONTINUOUS
10
85.5074979999999982
20
-91.8130429999999933
11
85.4093609999999899
21
-91.7974999999999994
0
LINE
8
BLACK
6
CONTINUOUS
10
85.4093609999999899
20
-91.7974999999999994
11
85.2106390000000005
21
-91.7974999999999994
0
LINE
8
BLACK
6
CONTINUOUS
10
85.2106390000000005
20
-91.7974999999999994
11
85.1452139999999957
21
-91.8078620000000001
0
LINE
8
BLACK
6
CONTINUOUS
10
85.1452139999999957
20
-91.8078620000000001
11
85.0143619999999913
21
-91.8285869999999989
0
LINE
8
BLACK
6
CONTINUOUS
10
85.0143619999999913
20
-91.8285869999999989
11
84.8253699999999924
21
-91.8899929999999898
0
LINE
8
BLACK
6
CONTINUOUS
10
84.8253699999999924
20
-91.8899929999999898
11
84.825367
21
-91.8899940000000015
0
LINE
8
BLACK
6
CONTINUOUS
10
84.825367
20
-91.8899940000000015
11
84.6483049999999935
21
-91.980212999999992
0
LINE
8
BLACK
6
CONTINUOUS
10
84.6483049999999935
20
-91.980212999999992
11
84.4875329999999991
21
-92.097020999999998
0
LINE
8
BLACK
6
CONTINUOUS
10
84.4875329999999991
20
-92.097020999999998
11
84.3470179999999914
21
-92.2375359999999915
0
LINE
8
BLACK
6
CONTINUOUS
10
84.3470179999999914
20
-92.2375359999999915
11
84.2892389999999949
21
-92.3170609999999954
0
LINE
8
BLACK
6
CONTINUOUS
10
84.2892389999999949
20
-92.3170609999999954
11
84.2766039999999919
21
-92.3318539999999928
0
LINE
8
BLACK
6
CONTINUOUS
10
84.2766039999999919
20
-92.3318539999999928
11
84.1804130000000015
21
-92.4280459999999948
0
LINE
8
BLACK
6
CONTINUOUS
10
84.1804130000000015
20
-92.4280459999999948
11
84.1804049999999933
21
-92.428055999999998
0
LINE
8
BLACK
6
CONTINUOUS
10
84.1804049999999933
20
-92.428055999999998
11
84.0964349999999996
21
-92.5700420000000008
0
LINE
8
BLACK
6
CONTINUOUS
10
84.0964349999999996
20
-92.5700420000000008
11
84.0964340000000021
21
-92.5700449999999933
0
LINE
8
BLACK
6
CONTINUOUS
10
84.0964340000000021
20
-92.5700449999999933
11
84.0504129999999918
21
-92.7284470000000027
0
LINE
8
BLACK
6
CONTINUOUS
10
84.0504129999999918
20
-92.7284470000000027
11
84.0504119999999944
21
-92.7284530000000018
0
LINE
8
BLACK
6
CONTINUOUS
10
84.0504119999999944
20
-92.7284530000000018
11
84.0474999999999994
21
-92.7654579999999953
0
LINE
8
BLACK
6
CONTINUOUS
10
84.0474999999999994
20
-92.7654579999999953
11
84.0474999999999994
21
-94.4460789999999974
0
LINE
8
BLACK
6
CONTINUOUS
10
84.0474999999999994
20
-94.4460789999999974
11
84.0278149999999897
21
-94.5131179999999915
0
LINE
8
BLACK
6
CONTINUOUS
10
84.0278149999999897
20
-94.5131179999999915
11
83.975010999999995
21
-94.5588729999999913
0
LINE
8
BLACK
6
CONTINUOUS
10
83.975010999999995
20
-94.5588729999999913
11
83.9058529999999934
21
-94.5688169999999957
0
LINE
8
BLACK
6
CONTINUOUS
10
83.9058529999999934
20
-94.5688169999999957
11
83.8422970000000021
21
-94.5397919999999914
0
LINE
8
BLACK
6
CONTINUOUS
10
83.8422970000000021
20
-94.5397919999999914
11
83.8251249999999999
21
-94.5215669999999903
0
LINE
8
BLACK
6
CONTINUOUS
10
83.8251249999999999
20
-94.5215669999999903
11
83.818641999999997
21
-94.5131179999999915
0
LINE
8
BLACK
6
CONTINUOUS
10
83.818641999999997
20
-94.5131179999999915
11
83.7854770000000002
21
-94.4698969999999889
0
LINE
8
BLACK
6
CONTINUOUS
10
83.7854770000000002
20
-94.4698969999999889
11
83.6232189999999918
21
-94.3076389999999947
0
LINE
8
BLACK
6
CONTINUOUS
10
83.6232189999999918
20
-94.3076389999999947
11
82.9368189999999998
21
-93.6212379999999911
0
LINE
8
BLACK
6
CONTINUOUS
10
82.9368189999999998
20
-93.6212379999999911
11
82.903334000000001
21
-93.5599149999999895
0
LINE
8
BLACK
6
CONTINUOUS
10
82.903334000000001
20
-93.5599149999999895
11
82.9004999999999939
21
-93.5335570000000018
0
LINE
8
BLACK
6
CONTINUOUS
10
82.9004999999999939
20
-93.5335570000000018
11
82.9004999999999939
21
-90.2952719999999971
0
LINE
8
BLACK
6
CONTINUOUS
10
82.9004999999999939
20
-90.2952719999999971
11
82.9004989999999964
21
-90.2952579999999898
0
LINE
8
BLACK
6
CONTINUOUS
10
82.9004989999999964
20
-90.2952579999999898
11
82.886620999999991
21
-90.1898499999999927
0
LINE
8
BLACK
6
CONTINUOUS
10
82.886620999999991
20
-90.1898499999999927
11
82.8705479999999994
21
-90.0677620000000019
0
LINE
8
BLACK
6
CONTINUOUS
10
82.8705479999999994
20
-90.0677620000000019
11
82.8111579999999918
21
-89.8461130000000026
0
LINE
8
BLACK
6
CONTINUOUS
10
82.8111579999999918
20
-89.8461130000000026
11
82.7233439999999973
21
-89.6341120000000018
0
LINE
8
BLACK
6
CONTINUOUS
10
82.7233439999999973
20
-89.6341120000000018
11
82.6086109999999962
21
-89.435387999999989
0
LINE
8
BLACK
6
CONTINUOUS
10
82.6086109999999962
20
-89.435387999999989
11
82.6086079999999896
21
-89.4353849999999966
0
LINE
8
BLACK
6
CONTINUOUS
10
82.6086079999999896
20
-89.4353849999999966
11
82.6086069999999921
21
-89.4353819999999899
0
LINE
8
BLACK
6
CONTINUOUS
10
82.6086069999999921
20
-89.4353819999999899
11
82.4689180000000022
21
-89.2533379999999994
0
LINE
8
BLACK
6
CONTINUOUS
10
82.4689180000000022
20
-89.2533379999999994
11
82.4104679999999945
21
-89.1948879999999917
0
LINE
8
BLACK
6
CONTINUOUS
10
82.4104679999999945
20
-89.1948879999999917
11
82.3066609999999912
21
-89.0910810000000026
0
LINE
8
BLACK
6
CONTINUOUS
10
82.3066609999999912
20
-89.0910810000000026
11
80.8218549999999993
21
-87.6062749999999966
0
LINE
8
BLACK
6
CONTINUOUS
10
80.8218549999999993
20
-87.6062749999999966
11
78.7877620000000007
21
-85.5721810000000005
0
LINE
8
BLACK
6
CONTINUOUS
10
78.7877620000000007
20
-85.5721810000000005
11
78.7542770000000019
21
-85.5108579999999989
0
LINE
8
BLACK
6
CONTINUOUS
10
78.7542770000000019
20
-85.5108579999999989
11
78.7592609999999951
21
-85.4411659999999955
0
LINE
8
BLACK
6
CONTINUOUS
10
78.7592609999999951
20
-85.4411659999999955
11
78.801132999999993
21
-85.3852329999999995
0
LINE
8
BLACK
6
CONTINUOUS
10
78.801132999999993
20
-85.3852329999999995
11
78.8665969999999987
21
-85.3608159999999998
0
LINE
8
BLACK
6
CONTINUOUS
10
78.8665969999999987
20
-85.3608159999999998
11
78.87544299999999
21
-85.3605000000000018
0
LINE
8
BLACK
6
CONTINUOUS
10
78.87544299999999
20
-85.3605000000000018
11
98.0029679999999956
21
-85.3605000000000018
0
LINE
8
BLACK
6
CONTINUOUS
10
98.0029679999999956
20
-85.3605000000000018
11
98.0029749999999922
21
-85.3605000000000018
0
LINE
8
BLACK
6
CONTINUOUS
10
98.0029749999999922
20
-85.3605000000000018
11
98.2040119999999916
21
-85.3340319999999934
0
LINE
8
BLACK
6
CONTINUOUS
10
98.2040119999999916
20
-85.3340319999999934
11
98.2040129999999891
21
-85.3340319999999934
0
LINE
8
BLACK
6
CONTINUOUS
10
98.2040129999999891
20
-85.3340319999999934
11
98.2304699999999968
21
-85.3305500000000023
0
LINE
8
BLACK
6
CONTINUOUS
10
98.2304699999999968
20
-85.3305500000000023
11
98.2304749999999984
21
-85.3305479999999932
0
LINE
8
BLACK
6
CONTINUOUS
10
98.2304749999999984
20
-85.3305479999999932
11
98.23048
21
-85.3305479999999932
0
LINE
8
BLACK
6
CONTINUOUS
10
98.23048
20
-85.3305479999999932
11
98.4521280000000019
21
-85.2711579999999998
0
LINE
8
BLACK
6
CONTINUOUS
10
98.4521280000000019
20
-85.2711579999999998
11
98.6641290000000026
21
-85.1833439999999911
0
LINE
8
BLACK
6
CONTINUOUS
10
98.6641290000000026
20
-85.1833439999999911
11
98.8628530000000012
21
-85.06861099999999
0
LINE
8
BLACK
6
CONTINUOUS
10
98.8628530000000012
20
-85.06861099999999
11
98.9538769999999914
21
-84.9987649999999917
0
LINE
8
BLACK
6
CONTINUOUS
10
98.9538769999999914
20
-84.9987649999999917
11
99.0449019999999933
21
-84.9289199999999909
0
LINE
8
BLACK
6
CONTINUOUS
10
99.0449019999999933
20
-84.9289199999999909
11
105.5689199999999914
21
-78.4049019999999928
0
LINE
8
BLACK
6
CONTINUOUS
10
105.5689199999999914
20
-78.4049019999999928
11
105.6458590000000015
21
-78.304631999999998
0
LINE
8
BLACK
6
CONTINUOUS
10
105.6458590000000015
20
-78.304631999999998
11
105.7086109999999906
21
-78.2228530000000006
0
LINE
8
BLACK
6
CONTINUOUS
10
105.7086109999999906
20
-78.2228530000000006
11
105.7820540000000022
21
-78.0956460000000021
0
LINE
8
BLACK
6
CONTINUOUS
10
105.7820540000000022
20
-78.0956460000000021
11
105.8233449999999891
21
-78.0241290000000021
0
LINE
8
BLACK
6
CONTINUOUS
10
105.8233449999999891
20
-78.0241290000000021
11
105.9111580000000004
21
-77.8121269999999896
0
LINE
8
BLACK
6
CONTINUOUS
10
105.9111580000000004
20
-77.8121269999999896
11
105.9705489999999912
21
-77.5904799999999994
0
LINE
8
BLACK
6
CONTINUOUS
10
105.9705489999999912
20
-77.5904799999999994
11
106.0004999999999882
21
-77.3629749999999916
0
LINE
8
BLACK
6
CONTINUOUS
10
106.0004999999999882
20
-77.3629749999999916
11
106.0004999999999882
21
-77.1335069999999945
0
LINE
8
BLACK
6
CONTINUOUS
10
106.0004999999999882
20
-77.1335069999999945
11
106.0004999999999882
21
-73.4952660000000009
0
LINE
8
BLACK
6
CONTINUOUS
10
106.0004999999999882
20
-73.4952660000000009
11
105.9705479999999937
21
-73.2677619999999905
0
LINE
8
BLACK
6
CONTINUOUS
10
105.9705479999999937
20
-73.2677619999999905
11
105.9111580000000004
21
-73.0461129999999912
0
LINE
8
BLACK
6
CONTINUOUS
10
105.9111580000000004
20
-73.0461129999999912
11
105.8293669999999906
21
-72.8486520000000013
0
LINE
8
BLACK
6
CONTINUOUS
10
105.8293669999999906
20
-72.8486520000000013
11
105.8233489999999932
21
-72.8341229999999911
0
LINE
8
BLACK
6
CONTINUOUS
10
105.8233489999999932
20
-72.8341229999999911
11
105.8233460000000008
21
-72.834116999999992
0
LINE
8
BLACK
6
CONTINUOUS
10
105.8233460000000008
20
-72.834116999999992
11
105.8233439999999916
21
-72.8341119999999904
0
LINE
8
BLACK
6
CONTINUOUS
10
105.8233439999999916
20
-72.8341119999999904
11
105.7086109999999906
21
-72.6353879999999918
0
LINE
8
BLACK
6
CONTINUOUS
10
105.7086109999999906
20
-72.6353879999999918
11
105.7086079999999981
21
-72.6353849999999994
0
LINE
8
BLACK
6
CONTINUOUS
10
105.7086079999999981
20
-72.6353849999999994
11
105.7086070000000007
21
-72.6353819999999928
0
LINE
8
BLACK
6
CONTINUOUS
10
105.7086070000000007
20
-72.6353819999999928
11
105.5689179999999965
21
-72.4533380000000022
0
LINE
8
BLACK
6
CONTINUOUS
10
105.5689179999999965
20
-72.4533380000000022
11
105.5689109999999999
21
-72.453329999999994
0
LINE
8
BLACK
6
CONTINUOUS
10
105.5689109999999999
20
-72.453329999999994
11
105.4066699999999912
21
-72.2910889999999995
0
LINE
8
BLACK
6
CONTINUOUS
10
105.4066699999999912
20
-72.2910889999999995
11
105.4066609999999997
21
-72.2910809999999913
0
LINE
8
BLACK
6
CONTINUOUS
10
105.4066609999999997
20
-72.2910809999999913
11
105.224616999999995
21
-72.1513920000000013
0
LINE
8
BLACK
6
CONTINUOUS
10
105.224616999999995
20
-72.1513920000000013
11
105.0258899999999898
21
-72.0366569999999911
0
LINE
8
BLACK
6
CONTINUOUS
10
105.0258899999999898
20
-72.0366569999999911
11
105.0258809999999983
21
-72.0366530000000012
0
LINE
8
BLACK
6
CONTINUOUS
10
105.0258809999999983
20
-72.0366530000000012
11
104.813886999999994
21
-71.9488419999999991
0
LINE
8
BLACK
6
CONTINUOUS
10
104.813886999999994
20
-71.9488419999999991
11
104.7386119999999892
21
-71.9286719999999917
0
LINE
8
BLACK
6
CONTINUOUS
10
104.7386119999999892
20
-71.9286719999999917
11
104.6830250000000007
21
-71.896577999999991
0
LINE
8
BLACK
6
CONTINUOUS
10
104.6830250000000007
20
-71.896577999999991
11
104.6093449999999905
21
-71.822897999999995
0
LINE
8
BLACK
6
CONTINUOUS
10
104.6093449999999905
20
-71.822897999999995
11
104.4822279999999921
21
-71.875551999999999
0
LINE
8
BLACK
6
CONTINUOUS
10
104.4822279999999921
20
-71.875551999999999
11
104.3284139999999951
21
-71.9061480000000017
0
LINE
8
BLACK
6
CONTINUOUS
10
104.3284139999999951
20
-71.9061480000000017
11
104.1715859999999907
21
-71.9061480000000017
0
LINE
8
BLACK
6
CONTINUOUS
10
104.1715859999999907
20
-71.9061480000000017
11
104.0177719999999937
21
-71.875551999999999
0
LINE
8
BLACK
6
CONTINUOUS
10
104.0177719999999937
20
-71.875551999999999
11
103.8728830000000016
21
-71.815536999999992
0
LINE
8
BLACK
6
CONTINUOUS
10
103.8728830000000016
20
-71.815536999999992
11
103.7424850000000021
21
-71.7284080000000017
0
LINE
8
BLACK
6
CONTINUOUS
10
103.7424850000000021
20
-71.7284080000000017
11
103.6315919999999977
21
-71.6175149999999974
0
LINE
8
BLACK
6
CONTINUOUS
10
103.6315919999999977
20
-71.6175149999999974
11
103.5444629999999933
21
-71.4871169999999978
0
LINE
8
BLACK
6
CONTINUOUS
10
103.5444629999999933
20
-71.4871169999999978
11
103.4844480000000004
21
-71.3422279999999915
0
LINE
8
BLACK
6
CONTINUOUS
10
103.4844480000000004
20
-71.3422279999999915
11
103.4538519999999977
21
-71.1884139999999945
0
LINE
8
BLACK
6
CONTINUOUS
10
103.4538519999999977
20
-71.1884139999999945
11
103.4538519999999977
21
-71.0315859999999901
0
LINE
8
BLACK
6
CONTINUOUS
10
103.4538519999999977
20
-71.0315859999999901
11
103.4844480000000004
21
-70.8777719999999931
0
LINE
8
BLACK
6
CONTINUOUS
10
103.4844480000000004
20
-70.8777719999999931
11
103.5371009999999927
21
-70.7506539999999973
0
LINE
8
BLACK
6
CONTINUOUS
10
103.5371009999999927
20
-70.7506539999999973
11
103.1705240000000003
21
-70.3840769999999907
0
LINE
8
BLACK
6
CONTINUOUS
10
103.1705240000000003
20
-70.3840769999999907
11
103.1705229999999887
21
-70.3840769999999907
0
LINE
8
BLACK
6
CONTINUOUS
10
103.1705229999999887
20
-70.3840769999999907
11
103.1381429999999995
21
-70.4286439999999914
0
LINE
8
BLACK
6
CONTINUOUS
10
103.1381429999999995
20
-70.4286439999999914
11
103.0452439999999967
21
-70.6109679999999997
0
LINE
8
BLACK
6
CONTINUOUS
10
103.0452439999999967
20
-70.6109679999999997
11
102.9820089999999908
21
-70.8055820000000011
0
LINE
8
BLACK
6
CONTINUOUS
10
102.9820089999999908
20
-70.8055820000000011
11
102.9499999999999886
21
-71.0076820000000026
0
LINE
8
BLACK
6
CONTINUOUS
10
102.9499999999999886
20
-71.0076820000000026
11
102.9499999999999886
21
-71.2123169999999988
0
LINE
8
BLACK
6
CONTINUOUS
10
102.9499999999999886
20
-71.2123169999999988
11
102.9820089999999908
21
-71.4144170000000003
0
LINE
8
BLACK
6
CONTINUOUS
10
102.9820089999999908
20
-71.4144170000000003
11
103.0452449999999942
21
-71.6090339999999941
0
LINE
8
BLACK
6
CONTINUOUS
10
103.0452449999999942
20
-71.6090339999999941
11
103.0809999999999889
21
-71.6792059999999935
0
LINE
8
BLACK
6
CONTINUOUS
10
103.0809999999999889
20
-71.6792059999999935
11
103.0938960000000009
21
-71.7478749999999934
0
LINE
8
BLACK
6
CONTINUOUS
10
103.0938960000000009
20
-71.7478749999999934
11
103.0676189999999934
21
-71.8126149999999939
0
LINE
8
BLACK
6
CONTINUOUS
10
103.0676189999999934
20
-71.8126149999999939
11
103.0105129999999889
21
-71.8528719999999907
0
LINE
8
BLACK
6
CONTINUOUS
10
103.0105129999999889
20
-71.8528719999999907
11
102.9705149999999918
21
-71.859499999999997
0
LINE
8
BLACK
6
CONTINUOUS
10
102.9705149999999918
20
-71.859499999999997
11
101.0353470000000016
21
-71.859499999999997
0
LINE
8
BLACK
6
CONTINUOUS
10
101.0353470000000016
20
-71.859499999999997
11
101.0032539999999983
21
-71.8552749999999918
0
LINE
8
BLACK
6
CONTINUOUS
10
101.0032539999999983
20
-71.8552749999999918
11
100.9310229999999962
21
-71.835920999999999
0
LINE
8
BLACK
6
CONTINUOUS
10
100.9310229999999962
20
-71.835920999999999
11
100.8322390000000013
21
-71.8094519999999932
0
LINE
8
BLACK
6
CONTINUOUS
10
100.8322390000000013
20
-71.8094519999999932
11
100.8322330000000022
21
-71.8094509999999957
0
LINE
8
BLACK
6
CONTINUOUS
10
100.8322330000000022
20
-71.8094509999999957
11
100.8322280000000006
21
-71.8094499999999982
0
LINE
8
BLACK
6
CONTINUOUS
10
100.8322280000000006
20
-71.8094499999999982
11
100.6047349999999909
21
-71.7795009999999962
0
LINE
8
BLACK
6
CONTINUOUS
10
100.6047349999999909
20
-71.7795009999999962
11
100.6047339999999934
21
-71.7795009999999962
0
LINE
8
BLACK
6
CONTINUOUS
10
100.6047339999999934
20
-71.7795009999999962
11
100.3752659999999963
21
-71.7795009999999962
0
LINE
8
BLACK
6
CONTINUOUS
10
100.3752659999999963
20
-71.7795009999999962
11
100.3752649999999988
21
-71.7795009999999962
0
LINE
8
BLACK
6
CONTINUOUS
10
100.3752649999999988
20
-71.7795009999999962
11
100.1477709999999917
21
-71.8094499999999982
0
LINE
8
BLACK
6
CONTINUOUS
10
100.1477709999999917
20
-71.8094499999999982
11
100.1477639999999951
21
-71.8094509999999957
0
LINE
8
BLACK
6
CONTINUOUS
10
100.1477639999999951
20
-71.8094509999999957
11
100.1477609999999885
21
-71.8094519999999932
0
LINE
8
BLACK
6
CONTINUOUS
10
100.1477609999999885
20
-71.8094519999999932
11
100.0540769999999924
21
-71.8345539999999971
0
LINE
8
BLACK
6
CONTINUOUS
10
100.0540769999999924
20
-71.8345539999999971
11
99.9261119999999892
21
-71.8688420000000008
0
LINE
8
BLACK
6
CONTINUOUS
10
99.9261119999999892
20
-71.8688420000000008
11
99.7141199999999941
21
-71.9566509999999937
0
LINE
8
BLACK
6
CONTINUOUS
10
99.7141199999999941
20
-71.9566509999999937
11
99.7141109999999884
21
-71.9566559999999953
0
LINE
8
BLACK
6
CONTINUOUS
10
99.7141109999999884
20
-71.9566559999999953
11
99.5153880000000015
21
-72.0713899999999938
0
LINE
8
BLACK
6
CONTINUOUS
10
99.5153880000000015
20
-72.0713899999999938
11
99.5153779999999983
21
-72.0713959999999929
0
LINE
8
BLACK
6
CONTINUOUS
10
99.5153779999999983
20
-72.0713959999999929
11
99.3333399999999926
21
-72.2110780000000005
0
LINE
8
BLACK
6
CONTINUOUS
10
99.3333399999999926
20
-72.2110780000000005
11
99.3333329999999961
21
-72.2110839999999996
0
LINE
8
BLACK
6
CONTINUOUS
10
99.3333329999999961
20
-72.2110839999999996
11
99.1710839999999934
21
-72.3733330000000024
0
LINE
8
BLACK
6
CONTINUOUS
10
99.1710839999999934
20
-72.3733330000000024
11
99.1710779999999943
21
-72.3733399999999989
0
LINE
8
BLACK
6
CONTINUOUS
10
99.1710779999999943
20
-72.3733399999999989
11
99.0313960000000009
21
-72.5553779999999904
0
LINE
8
BLACK
6
CONTINUOUS
10
99.0313960000000009
20
-72.5553779999999904
11
99.0291369999999915
21
-72.5587609999999898
0
LINE
8
BLACK
6
CONTINUOUS
10
99.0291369999999915
20
-72.5587609999999898
11
99.0276959999999917
21
-72.5577979999999911
0
LINE
8
BLACK
6
CONTINUOUS
10
99.0276959999999917
20
-72.5577979999999911
11
98.9822319999999962
21
-72.6011259999999936
0
LINE
8
BLACK
6
CONTINUOUS
10
98.9822319999999962
20
-72.6011259999999936
11
98.9136219999999895
21
-72.6143299999999954
0
LINE
8
BLACK
6
CONTINUOUS
10
98.9136219999999895
20
-72.6143299999999954
11
98.8487639999999885
21
-72.5883449999999897
0
LINE
8
BLACK
6
CONTINUOUS
10
98.8487639999999885
20
-72.5883449999999897
11
98.8377610000000004
21
-72.5785759999999982
0
LINE
8
BLACK
6
CONTINUOUS
10
98.8377610000000004
20
-72.5785759999999982
11
98.7972129999999993
21
-72.5380279999999971
0
LINE
8
BLACK
6
CONTINUOUS
10
98.7972129999999993
20
-72.5380279999999971
11
98.6316130000000015
21
-72.4177150000000012
0
LINE
8
BLACK
6
CONTINUOUS
10
98.6316130000000015
20
-72.4177150000000012
11
98.6316119999999898
21
-72.4177140000000037
0
LINE
8
BLACK
6
CONTINUOUS
10
98.6316119999999898
20
-72.4177140000000037
11
98.6316099999999949
21
-72.417712999999992
0
LINE
8
BLACK
6
CONTINUOUS
10
98.6316099999999949
20
-72.417712999999992
11
98.5746529999999979
21
-72.3886909999999943
0
LINE
8
BLACK
6
CONTINUOUS
10
98.5746529999999979
20
-72.3886909999999943
11
98.4492229999999893
21
-72.3247810000000015
0
LINE
8
BLACK
6
CONTINUOUS
10
98.4492229999999893
20
-72.3247810000000015
11
98.2545339999999925
21
-72.2615219999999994
0
LINE
8
BLACK
6
CONTINUOUS
10
98.2545339999999925
20
-72.2615219999999994
11
98.0666899999999941
21
-72.2317709999999948
0
LINE
8
BLACK
6
CONTINUOUS
10
98.0666899999999941
20
-72.2317709999999948
11
98.0523519999999991
21
-72.2295000000000016
0
LINE
8
BLACK
6
CONTINUOUS
10
98.0523519999999991
20
-72.2295000000000016
11
97.8476479999999924
21
-72.2295000000000016
0
LINE
8
BLACK
6
CONTINUOUS
10
97.8476479999999924
20
-72.2295000000000016
11
97.8333099999999973
21
-72.2317709999999948
0
LINE
8
BLACK
6
CONTINUOUS
10
97.8333099999999973
20
-72.2317709999999948
11
97.6454650000000015
21
-72.2615219999999994
0
LINE
8
BLACK
6
CONTINUOUS
10
97.6454650000000015
20
-72.2615219999999994
11
97.4507759999999905
21
-72.3247810000000015
0
LINE
8
BLACK
6
CONTINUOUS
10
97.4507759999999905
20
-72.3247810000000015
11
97.2683859999999925
21
-72.4177150000000012
0
LINE
8
BLACK
6
CONTINUOUS
10
97.2683859999999925
20
-72.4177150000000012
11
97.1027859999999947
21
-72.5380279999999971
0
LINE
8
BLACK
6
CONTINUOUS
10
97.1027859999999947
20
-72.5380279999999971
11
96.9580279999999988
21
-72.682785999999993
0
LINE
8
BLACK
6
CONTINUOUS
10
96.9580279999999988
20
-72.682785999999993
11
96.8377149999999887
21
-72.8483859999999908
0
LINE
8
BLACK
6
CONTINUOUS
10
96.8377149999999887
20
-72.8483859999999908
11
96.7904849999999897
21
-72.9410799999999995
0
LINE
8
BLACK
6
CONTINUOUS
10
96.7904849999999897
20
-72.9410799999999995
11
96.7425099999999958
21
-72.9918759999999907
0
LINE
8
BLACK
6
CONTINUOUS
10
96.7425099999999958
20
-72.9918759999999907
11
96.6746890000000008
21
-73.0086709999999925
0
LINE
8
BLACK
6
CONTINUOUS
10
96.6746890000000008
20
-73.0086709999999925
11
96.608553999999998
21
-72.9861339999999927
0
LINE
8
BLACK
6
CONTINUOUS
10
96.608553999999998
20
-72.9861339999999927
11
96.5695149999999956
21
-72.9410799999999995
0
LINE
8
BLACK
6
CONTINUOUS
10
96.5695149999999956
20
-72.9410799999999995
11
96.5637539999999888
21
-72.9297729999999973
0
LINE
8
BLACK
6
CONTINUOUS
10
96.5637539999999888
20
-72.9297729999999973
11
96.5222869999999915
21
-72.8483899999999949
0
LINE
8
BLACK
6
CONTINUOUS
10
96.5222869999999915
20
-72.8483899999999949
11
96.49009199999999
21
-72.8040769999999924
0
LINE
8
BLACK
6
CONTINUOUS
10
96.49009199999999
20
-72.8040769999999924
11
96.401970999999989
21
-72.682785999999993
0
LINE
8
BLACK
6
CONTINUOUS
10
96.401970999999989
20
-72.682785999999993
11
96.257212999999993
21
-72.5380279999999971
0
LINE
8
BLACK
6
CONTINUOUS
10
96.257212999999993
20
-72.5380279999999971
11
96.0916129999999953
21
-72.4177150000000012
0
LINE
8
BLACK
6
CONTINUOUS
10
96.0916129999999953
20
-72.4177150000000012
11
96.0916119999999978
21
-72.4177140000000037
0
LINE
8
BLACK
6
CONTINUOUS
10
96.0916119999999978
20
-72.4177140000000037
11
96.0916099999999886
21
-72.417712999999992
0
LINE
8
BLACK
6
CONTINUOUS
10
96.0916099999999886
20
-72.417712999999992
11
96.0346529999999916
21
-72.3886909999999943
0
LINE
8
BLACK
6
CONTINUOUS
10
96.0346529999999916
20
-72.3886909999999943
11
95.9092229999999972
21
-72.3247810000000015
0
LINE
8
BLACK
6
CONTINUOUS
10
95.9092229999999972
20
-72.3247810000000015
11
95.7145340000000004
21
-72.2615219999999994
0
LINE
8
BLACK
6
CONTINUOUS
10
95.7145340000000004
20
-72.2615219999999994
11
95.5266900000000021
21
-72.2317709999999948
0
LINE
8
BLACK
6
CONTINUOUS
10
95.5266900000000021
20
-72.2317709999999948
11
95.5123519999999928
21
-72.2295000000000016
0
LINE
8
BLACK
6
CONTINUOUS
10
95.5123519999999928
20
-72.2295000000000016
11
95.3076480000000004
21
-72.2295000000000016
0
LINE
8
BLACK
6
CONTINUOUS
10
95.3076480000000004
20
-72.2295000000000016
11
95.2933099999999911
21
-72.2317709999999948
0
LINE
8
BLACK
6
CONTINUOUS
10
95.2933099999999911
20
-72.2317709999999948
11
95.1054649999999953
21
-72.2615219999999994
0
LINE
8
BLACK
6
CONTINUOUS
10
95.1054649999999953
20
-72.2615219999999994
11
94.9107759999999985
21
-72.3247810000000015
0
LINE
8
BLACK
6
CONTINUOUS
10
94.9107759999999985
20
-72.3247810000000015
11
94.7283860000000004
21
-72.4177150000000012
0
LINE
8
BLACK
6
CONTINUOUS
10
94.7283860000000004
20
-72.4177150000000012
11
94.6071230000000014
21
-72.5058179999999908
0
LINE
8
BLACK
6
CONTINUOUS
10
94.6071230000000014
20
-72.5058179999999908
11
94.5413169999999923
21
-72.5292979999999972
0
LINE
8
BLACK
6
CONTINUOUS
10
94.5413169999999923
20
-72.5292979999999972
11
94.534238000000002
21
-72.5294999999999987
0
LINE
8
BLACK
6
CONTINUOUS
10
94.534238000000002
20
-72.5294999999999987
11
93.7457619999999991
21
-72.5294999999999987
0
LINE
8
BLACK
6
CONTINUOUS
10
93.7457619999999991
20
-72.5294999999999987
11
93.6787229999999909
21
-72.5098150000000032
0
LINE
8
BLACK
6
CONTINUOUS
10
93.6787229999999909
20
-72.5098150000000032
11
93.6728769999999997
21
-72.5058179999999908
0
LINE
8
BLACK
6
CONTINUOUS
10
93.6728769999999997
20
-72.5058179999999908
11
93.551612999999989
21
-72.4177150000000012
0
LINE
8
BLACK
6
CONTINUOUS
10
93.551612999999989
20
-72.4177150000000012
11
93.5516119999999916
21
-72.4177140000000037
0
LINE
8
BLACK
6
CONTINUOUS
10
93.5516119999999916
20
-72.4177140000000037
11
93.5516099999999966
21
-72.417712999999992
0
LINE
8
BLACK
6
CONTINUOUS
10
93.5516099999999966
20
-72.417712999999992
11
93.3692190000000011
21
-72.3247799999999899
0
LINE
8
BLACK
6
CONTINUOUS
10
93.3692190000000011
20
-72.3247799999999899
11
93.245357999999996
21
-72.2845349999999911
0
LINE
8
BLACK
6
CONTINUOUS
10
93.245357999999996
20
-72.2845349999999911
11
93.1876819999999952
21
-72.2450970000000012
0
LINE
8
BLACK
6
CONTINUOUS
10
93.1876819999999952
20
-72.2450970000000012
11
93.1604839999999967
21
-72.1807390000000026
0
LINE
8
BLACK
6
CONTINUOUS
10
93.1604839999999967
20
-72.1807390000000026
11
93.1723989999999986
21
-72.1118919999999974
0
LINE
8
BLACK
6
CONTINUOUS
10
93.1723989999999986
20
-72.1118919999999974
11
93.1959919999999897
21
-72.0789259999999956
0
LINE
8
BLACK
6
CONTINUOUS
10
93.1959919999999897
20
-72.0789259999999956
11
95.6281019999999984
21
-69.6468189999999936
0
LINE
8
BLACK
6
CONTINUOUS
10
95.6281019999999984
20
-69.6468189999999936
11
95.689425
21
-69.6133339999999947
0
LINE
8
BLACK
6
CONTINUOUS
10
95.689425
20
-69.6133339999999947
11
95.7157830000000018
21
-69.6105000000000018
0
LINE
8
BLACK
6
CONTINUOUS
10
95.7157830000000018
20
-69.6105000000000018
11
102.0360280000000017
21
-69.6105000000000018
0
LINE
8
BLACK
6
CONTINUOUS
10
102.0360280000000017
20
-69.6105000000000018
11
102.0670519999999897
21
-69.6043279999999953
0
LINE
8
BLACK
6
CONTINUOUS
10
102.0670519999999897
20
-69.6043279999999953
11
102.1326739999999944
21
-69.591274999999996
0
LINE
8
BLACK
6
CONTINUOUS
10
102.1326739999999944
20
-69.591274999999996
11
102.2293219999999963
21
-69.5720510000000019
0
LINE
8
BLACK
6
CONTINUOUS
10
102.2293219999999963
20
-69.5720510000000019
11
102.2826510000000013
21
-69.5499609999999961
0
LINE
8
BLACK
6
CONTINUOUS
10
102.2826510000000013
20
-69.5499609999999961
11
102.4114000000000004
21
-69.4966319999999911
0
LINE
8
BLACK
6
CONTINUOUS
10
102.4114000000000004
20
-69.4966319999999911
11
102.5752679999999941
21
-69.3871389999999906
0
LINE
8
BLACK
6
CONTINUOUS
10
102.5752679999999941
20
-69.3871389999999906
11
102.7146249999999981
21
-69.2477820000000008
0
LINE
8
BLACK
6
CONTINUOUS
10
102.7146249999999981
20
-69.2477820000000008
11
102.7146249999999981
21
-69.2477799999999917
0
LINE
8
BLACK
6
CONTINUOUS
10
102.7146249999999981
20
-69.2477799999999917
11
102.7248329999999896
21
-69.2375729999999976
0
LINE
8
BLACK
6
CONTINUOUS
10
102.7248329999999896
20
-69.2375729999999976
11
102.7248340000000013
21
-69.237569999999991
0
LINE
8
BLACK
6
CONTINUOUS
10
102.7248340000000013
20
-69.237569999999991
11
103.9671389999999889
21
-67.9952679999999958
0
LINE
8
BLACK
6
CONTINUOUS
10
103.9671389999999889
20
-67.9952679999999958
11
103.9825400000000002
21
-67.9722189999999955
0
LINE
8
BLACK
6
CONTINUOUS
10
103.9825400000000002
20
-67.9722189999999955
11
104.0766319999999894
21
-67.8314000000000021
0
LINE
8
BLACK
6
CONTINUOUS
10
104.0766319999999894
20
-67.8314000000000021
11
104.1520510000000002
21
-67.6493210000000005
0
LINE
8
BLACK
6
CONTINUOUS
10
104.1520510000000002
20
-67.6493210000000005
11
104.1905000000000001
21
-67.4560269999999917
0
LINE
8
BLACK
6
CONTINUOUS
10
104.1905000000000001
20
-67.4560269999999917
11
104.1905000000000001
21
-64.3639730000000014
0
LINE
8
BLACK
6
CONTINUOUS
10
104.1905000000000001
20
-64.3639730000000014
11
104.1905000000000001
21
-64.3639699999999948
0
LINE
8
BLACK
6
CONTINUOUS
10
104.1905000000000001
20
-64.3639699999999948
11
104.1904989999999884
21
-64.3639679999999998
0
LINE
8
BLACK
6
CONTINUOUS
10
104.1904989999999884
20
-64.3639679999999998
11
104.1520529999999951
21
-64.1706889999999959
0
LINE
8
BLACK
6
CONTINUOUS
10
104.1520529999999951
20
-64.1706889999999959
11
104.1520519999999976
21
-64.1706879999999984
0
LINE
8
BLACK
6
CONTINUOUS
10
104.1520519999999976
20
-64.1706879999999984
11
104.1520510000000002
21
-64.1706789999999927
0
LINE
8
BLACK
6
CONTINUOUS
10
104.1520510000000002
20
-64.1706789999999927
11
104.148231999999993
21
-64.1614599999999911
0
LINE
8
BLACK
6
CONTINUOUS
10
104.148231999999993
20
-64.1614599999999911
11
104.111266999999998
21
-64.0722179999999923
0
LINE
8
BLACK
6
CONTINUOUS
10
104.111266999999998
20
-64.0722179999999923
11
104.0928329999999988
21
-64.0277129999999914
0
LINE
8
BLACK
6
CONTINUOUS
10
104.0928329999999988
20
-64.0277129999999914
11
104.076634999999996
21
-63.9886059999999972
0
LINE
8
BLACK
6
CONTINUOUS
10
104.076634999999996
20
-63.9886059999999972
11
104.0766330000000011
21
-63.9886020000000002
0
LINE
8
BLACK
6
CONTINUOUS
10
104.0766330000000011
20
-63.9886020000000002
11
104.0766319999999894
21
-63.9885999999999981
0
LINE
8
BLACK
6
CONTINUOUS
10
104.0766319999999894
20
-63.9885999999999981
11
104.0766279999999995
21
-63.9885939999999991
0
LINE
8
BLACK
6
CONTINUOUS
10
104.0766279999999995
20
-63.9885939999999991
11
103.9671389999999889
21
-63.8247309999999999
0
LINE
8
BLACK
6
CONTINUOUS
10
103.9671389999999889
20
-63.8247309999999999
11
103.8246859999999998
21
-63.6822779999999966
0
LINE
8
BLACK
6
CONTINUOUS
10
103.8246859999999998
20
-63.6822779999999966
11
103.8246549999999928
21
-63.6822489999999988
0
LINE
8
BLACK
6
CONTINUOUS
10
103.8246549999999928
20
-63.6822489999999988
11
99.6489649999999898
21
-59.5065589999999958
0
LINE
8
BLACK
6
CONTINUOUS
10
99.6489649999999898
20
-59.5065589999999958
11
99.6489449999999977
21
-59.5065369999999945
0
LINE
8
BLACK
6
CONTINUOUS
10
99.6489449999999977
20
-59.5065369999999945
11
99.5052709999999934
21
-59.3628629999999973
0
LINE
8
BLACK
6
CONTINUOUS
10
99.5052709999999934
20
-59.3628629999999973
11
99.5052669999999893
21
-59.3628599999999977
0
LINE
8
BLACK
6
CONTINUOUS
10
99.5052669999999893
20
-59.3628599999999977
11
99.3414059999999921
21
-59.2533709999999942
0
LINE
8
BLACK
6
CONTINUOUS
10
99.3414059999999921
20
-59.2533709999999942
11
99.3413970000000006
21
-59.2533659999999998
0
LINE
8
BLACK
6
CONTINUOUS
10
99.3413970000000006
20
-59.2533659999999998
11
99.2688009999999963
21
-59.2232959999999977
0
LINE
8
BLACK
6
CONTINUOUS
10
99.2688009999999963
20
-59.2232959999999977
11
99.2126509999999939
21
-59.2000379999999993
0
LINE
8
BLACK
6
CONTINUOUS
10
99.2126509999999939
20
-59.2000379999999993
11
99.1593219999999889
21
-59.1779489999999981
0
LINE
8
BLACK
6
CONTINUOUS
10
99.1593219999999889
20
-59.1779489999999981
11
99.159317999999999
21
-59.1779480000000007
0
LINE
8
BLACK
6
CONTINUOUS
10
99.159317999999999
20
-59.1779480000000007
11
99.1593139999999948
21
-59.1779459999999986
0
LINE
8
BLACK
6
CONTINUOUS
10
99.1593139999999948
20
-59.1779459999999986
11
99.0626740000000012
21
-59.1587239999999994
0
LINE
8
BLACK
6
CONTINUOUS
10
99.0626740000000012
20
-59.1587239999999994
11
98.9660299999999893
21
-59.1394999999999982
0
LINE
8
BLACK
6
CONTINUOUS
10
98.9660299999999893
20
-59.1394999999999982
11
98.9660269999999969
21
-59.1394999999999982
0
LINE
8
BLACK
6
CONTINUOUS
10
98.9660269999999969
20
-59.1394999999999982
11
95.9257619999999918
21
-59.1394999999999982
0
LINE
8
BLACK
6
CONTINUOUS
10
95.9257619999999918
20
-59.1394999999999982
11
95.8587229999999977
21
-59.1198149999999956
0
LINE
8
BLACK
6
CONTINUOUS
10
95.8587229999999977
20
-59.1198149999999956
11
95.8528769999999923
21
-59.1158179999999973
0
LINE
8
BLACK
6
CONTINUOUS
10
95.8528769999999923
20
-59.1158179999999973
11
95.7316129999999958
21
-59.0277150000000006
0
LINE
8
BLACK
6
CONTINUOUS
10
95.7316129999999958
20
-59.0277150000000006
11
95.7316119999999984
21
-59.027713999999996
0
LINE
8
BLACK
6
CONTINUOUS
10
95.7316119999999984
20
-59.027713999999996
11
95.7316099999999892
21
-59.0277129999999985
0
LINE
8
BLACK
6
CONTINUOUS
10
95.7316099999999892
20
-59.0277129999999985
11
95.6746529999999922
21
-58.9986909999999938
0
LINE
8
BLACK
6
CONTINUOUS
10
95.6746529999999922
20
-58.9986909999999938
11
95.5492229999999978
21
-58.9347809999999939
0
LINE
8
BLACK
6
CONTINUOUS
10
95.5492229999999978
20
-58.9347809999999939
11
95.354534000000001
21
-58.8715219999999988
0
LINE
8
BLACK
6
CONTINUOUS
10
95.354534000000001
20
-58.8715219999999988
11
95.179994999999991
21
-58.8438779999999966
0
LINE
8
BLACK
6
CONTINUOUS
10
95.179994999999991
20
-58.8438779999999966
11
95.1523519999999934
21
-58.8394999999999939
0
LINE
8
BLACK
6
CONTINUOUS
10
95.1523519999999934
20
-58.8394999999999939
11
94.9476480000000009
21
-58.8394999999999939
0
LINE
8
BLACK
6
CONTINUOUS
10
94.9476480000000009
20
-58.8394999999999939
11
94.9233289999999954
21
-58.8433509999999984
0
LINE
8
BLACK
6
CONTINUOUS
10
94.9233289999999954
20
-58.8433509999999984
11
94.7454649999999958
21
-58.8715219999999988
0
LINE
8
BLACK
6
CONTINUOUS
10
94.7454649999999958
20
-58.8715219999999988
11
94.550775999999999
21
-58.9347809999999939
0
LINE
8
BLACK
6
CONTINUOUS
10
94.550775999999999
20
-58.9347809999999939
11
94.368386000000001
21
-59.0277150000000006
0
LINE
8
BLACK
6
CONTINUOUS
10
94.368386000000001
20
-59.0277150000000006
11
94.202785999999989
21
-59.1480279999999965
0
LINE
8
BLACK
6
CONTINUOUS
10
94.202785999999989
20
-59.1480279999999965
11
94.0580279999999931
21
-59.2927859999999995
0
LINE
8
BLACK
6
CONTINUOUS
10
94.0580279999999931
20
-59.2927859999999995
11
93.9377149999999972
21
-59.4583859999999973
0
LINE
8
BLACK
6
CONTINUOUS
10
93.9377149999999972
20
-59.4583859999999973
11
93.8447809999999976
21
-59.6407759999999953
0
LINE
8
BLACK
6
CONTINUOUS
10
93.8447809999999976
20
-59.6407759999999953
11
93.7815219999999954
21
-59.8354649999999992
0
LINE
8
BLACK
6
CONTINUOUS
10
93.7815219999999954
20
-59.8354649999999992
11
93.7494999999999976
21
-60.0376479999999972
0
LINE
8
BLACK
6
CONTINUOUS
10
93.7494999999999976
20
-60.0376479999999972
11
93.7494999999999976
21
-60.2423499999999947
0
LINE
8
BLACK
6
CONTINUOUS
10
93.7494999999999976
20
-60.2423499999999947
11
93.7815219999999954
21
-60.4445339999999973
0
LINE
8
BLACK
6
CONTINUOUS
10
93.7815219999999954
20
-60.4445339999999973
11
93.8447809999999976
21
-60.6392229999999941
0
LINE
8
BLACK
6
CONTINUOUS
10
93.8447809999999976
20
-60.6392229999999941
11
93.9085630000000009
21
-60.7643999999999949
0
LINE
8
BLACK
6
CONTINUOUS
10
93.9085630000000009
20
-60.7643999999999949
11
94.4255989999999912
21
-61.2814369999999968
0
LINE
8
BLACK
6
CONTINUOUS
10
94.4255989999999912
20
-61.2814369999999968
11
94.4846069999999969
21
-61.3115029999999948
0
LINE
8
BLACK
6
CONTINUOUS
10
94.4846069999999969
20
-61.3115029999999948
11
94.550775999999999
21
-61.3452179999999956
0
LINE
8
BLACK
6
CONTINUOUS
10
94.550775999999999
20
-61.3452179999999956
11
94.550777999999994
21
-61.3452179999999956
0
LINE
8
BLACK
6
CONTINUOUS
10
94.550777999999994
20
-61.3452179999999956
11
94.5507810000000006
21
-61.3452199999999976
0
LINE
8
BLACK
6
CONTINUOUS
10
94.5507810000000006
20
-61.3452199999999976
11
94.6551369999999963
21
-61.3791269999999969
0
LINE
8
BLACK
6
CONTINUOUS
10
94.6551369999999963
20
-61.3791269999999969
11
94.7454649999999958
21
-61.4084769999999978
0
LINE
8
BLACK
6
CONTINUOUS
10
94.7454649999999958
20
-61.4084769999999978
11
94.84655699999999
21
-61.4244879999999966
0
LINE
8
BLACK
6
CONTINUOUS
10
94.84655699999999
20
-61.4244879999999966
11
94.9476480000000009
21
-61.4405000000000001
0
LINE
8
BLACK
6
CONTINUOUS
10
94.9476480000000009
20
-61.4405000000000001
11
94.9476489999999984
21
-61.4405000000000001
0
LINE
8
BLACK
6
CONTINUOUS
10
94.9476489999999984
20
-61.4405000000000001
11
95.1523509999999959
21
-61.4405000000000001
0
LINE
8
BLACK
6
CONTINUOUS
10
95.1523509999999959
20
-61.4405000000000001
11
95.1523519999999934
21
-61.4405000000000001
0
LINE
8
BLACK
6
CONTINUOUS
10
95.1523519999999934
20
-61.4405000000000001
11
95.354534000000001
21
-61.4084769999999978
0
LINE
8
BLACK
6
CONTINUOUS
10
95.354534000000001
20
-61.4084769999999978
11
95.5492189999999937
21
-61.3452199999999976
0
LINE
8
BLACK
6
CONTINUOUS
10
95.5492189999999937
20
-61.3452199999999976
11
95.7316099999999892
21
-61.2522869999999955
0
LINE
8
BLACK
6
CONTINUOUS
10
95.7316099999999892
20
-61.2522869999999955
11
95.8528769999999923
21
-61.1641809999999992
0
LINE
8
BLACK
6
CONTINUOUS
10
95.8528769999999923
20
-61.1641809999999992
11
95.9186830000000015
21
-61.1407019999999974
0
LINE
8
BLACK
6
CONTINUOUS
10
95.9186830000000015
20
-61.1407019999999974
11
95.9257619999999918
21
-61.1404999999999959
0
LINE
8
BLACK
6
CONTINUOUS
10
95.9257619999999918
20
-61.1404999999999959
11
98.4017039999999952
21
-61.1404999999999959
0
LINE
8
BLACK
6
CONTINUOUS
10
98.4017039999999952
20
-61.1404999999999959
11
98.4687429999999893
21
-61.1601849999999985
0
LINE
8
BLACK
6
CONTINUOUS
10
98.4687429999999893
20
-61.1601849999999985
11
98.4893849999999986
21
-61.1768189999999947
0
LINE
8
BLACK
6
CONTINUOUS
10
98.4893849999999986
20
-61.1768189999999947
11
101.2225660000000005
21
-63.9099999999999966
0
LINE
8
BLACK
6
CONTINUOUS
10
101.2225660000000005
20
-63.9099999999999966
11
101.4404299999999921
21
-63.9099999999999966
0
LINE
8
BLACK
6
CONTINUOUS
10
101.4404299999999921
20
-63.9099999999999966
11
101.505677999999989
21
-63.9142769999999985
0
LINE
8
BLACK
6
CONTINUOUS
10
101.505677999999989
20
-63.9142769999999985
11
101.5056929999999937
21
-63.9142769999999985
0
LINE
8
BLACK
6
CONTINUOUS
10
101.5056929999999937
20
-63.9142769999999985
11
101.631771999999998
21
-63.9480599999999981
0
LINE
8
BLACK
6
CONTINUOUS
10
101.631771999999998
20
-63.9480599999999981
11
101.7448109999999986
21
-64.0133229999999998
0
LINE
8
BLACK
6
CONTINUOUS
10
101.7448109999999986
20
-64.0133229999999998
11
101.7448259999999891
21
-64.0133379999999903
0
LINE
8
BLACK
6
CONTINUOUS
10
101.7448259999999891
20
-64.0133379999999903
11
101.7939829999999972
21
-64.0564469999999915
0
LINE
8
BLACK
6
CONTINUOUS
10
101.7939829999999972
20
-64.0564469999999915
11
102.343553
21
-64.6060159999999968
0
LINE
8
BLACK
6
CONTINUOUS
10
102.343553
20
-64.6060159999999968
11
102.3866680000000002
21
-64.6551800000000014
0
LINE
8
BLACK
6
CONTINUOUS
10
102.3866680000000002
20
-64.6551800000000014
11
102.3866769999999917
21
-64.6551889999999929
0
LINE
8
BLACK
6
CONTINUOUS
10
102.3866769999999917
20
-64.6551889999999929
11
102.4447199999999896
21
-64.7557230000000033
0
LINE
8
BLACK
6
CONTINUOUS
10
102.4447199999999896
20
-64.7557230000000033
11
102.4519399999999933
21
-64.7682279999999935
0
LINE
8
BLACK
6
CONTINUOUS
10
102.4519399999999933
20
-64.7682279999999935
11
102.485722999999993
21
-64.8943069999999977
0
LINE
8
BLACK
6
CONTINUOUS
10
102.485722999999993
20
-64.8943069999999977
11
102.485722999999993
21
-64.8943220000000025
0
LINE
8
BLACK
6
CONTINUOUS
10
102.485722999999993
20
-64.8943220000000025
11
102.4899999999999949
21
-64.9595699999999994
0
LINE
8
BLACK
6
CONTINUOUS
10
102.4899999999999949
20
-64.9595699999999994
11
102.4899999999999949
21
-66.8604299999999938
0
LINE
8
BLACK
6
CONTINUOUS
10
102.4899999999999949
20
-66.8604299999999938
11
102.485722999999993
21
-66.9256769999999932
0
LINE
8
BLACK
6
CONTINUOUS
10
102.485722999999993
20
-66.9256769999999932
11
102.485722999999993
21
-66.9256929999999954
0
LINE
8
BLACK
6
CONTINUOUS
10
102.485722999999993
20
-66.9256929999999954
11
102.4519399999999933
21
-67.0517719999999997
0
LINE
8
BLACK
6
CONTINUOUS
10
102.4519399999999933
20
-67.0517719999999997
11
102.3866769999999917
21
-67.1648110000000003
0
LINE
8
BLACK
6
CONTINUOUS
10
102.3866769999999917
20
-67.1648110000000003
11
102.3866680000000002
21
-67.1648189999999943
0
LINE
8
BLACK
6
CONTINUOUS
10
102.3866680000000002
20
-67.1648189999999943
11
102.343553
21
-67.2139839999999964
0
LINE
8
BLACK
6
CONTINUOUS
10
102.343553
20
-67.2139839999999964
11
101.7939829999999972
21
-67.7635530000000017
0
LINE
8
BLACK
6
CONTINUOUS
10
101.7939829999999972
20
-67.7635530000000017
11
101.7448259999999891
21
-67.8066609999999912
0
LINE
8
BLACK
6
CONTINUOUS
10
101.7448259999999891
20
-67.8066609999999912
11
101.7448109999999986
21
-67.8066769999999934
0
LINE
8
BLACK
6
CONTINUOUS
10
101.7448109999999986
20
-67.8066769999999934
11
101.631771999999998
21
-67.8719399999999951
0
LINE
8
BLACK
6
CONTINUOUS
10
101.631771999999998
20
-67.8719399999999951
11
101.5056929999999937
21
-67.9057229999999947
0
LINE
8
BLACK
6
CONTINUOUS
10
101.5056929999999937
20
-67.9057229999999947
11
101.505677999999989
21
-67.9057229999999947
0
LINE
8
BLACK
6
CONTINUOUS
10
101.505677999999989
20
-67.9057229999999947
11
101.4404299999999921
21
-67.9099999999999966
0
LINE
8
BLACK
6
CONTINUOUS
10
101.4404299999999921
20
-67.9099999999999966
11
94.5350770000000011
21
-67.9099999999999966
0
LINE
8
BLACK
6
CONTINUOUS
10
94.5350770000000011
20
-67.9099999999999966
11
90.2417969999999912
21
-72.2032809999999898
0
LINE
8
BLACK
6
CONTINUOUS
10
90.2417969999999912
20
-72.2032809999999898
11
90.1804739999999896
21
-72.2367660000000029
0
LINE
8
BLACK
6
CONTINUOUS
10
90.1804739999999896
20
-72.2367660000000029
11
90.1735149999999948
21
-72.238073
0
LINE
8
BLACK
6
CONTINUOUS
10
90.1735149999999948
20
-72.238073
11
90.0254679999999894
21
-72.2615219999999994
0
LINE
8
BLACK
6
CONTINUOUS
10
90.0254679999999894
20
-72.2615219999999994
11
89.8307779999999951
21
-72.3247810000000015
0
LINE
8
BLACK
6
CONTINUOUS
10
89.8307779999999951
20
-72.3247810000000015
11
89.6483860000000021
21
-72.4177150000000012
0
LINE
8
BLACK
6
CONTINUOUS
10
89.6483860000000021
20
-72.4177150000000012
11
89.4827859999999902
21
-72.5380279999999971
0
LINE
8
BLACK
6
CONTINUOUS
10
89.4827859999999902
20
-72.5380279999999971
11
89.3380279999999942
21
-72.682785999999993
0
LINE
8
BLACK
6
CONTINUOUS
10
89.3380279999999942
20
-72.682785999999993
11
89.2177129999999892
21
-72.8483879999999999
0
LINE
8
BLACK
6
CONTINUOUS
10
89.2177129999999892
20
-72.8483879999999999
11
89.1702030000000008
21
-72.9416300000000035
0
LINE
8
BLACK
6
CONTINUOUS
10
89.1702030000000008
20
-72.9416300000000035
11
89.1222279999999927
21
-72.9924259999999947
0
LINE
8
BLACK
6
CONTINUOUS
10
89.1222279999999927
20
-72.9924259999999947
11
89.0544069999999977
21
-73.0092199999999991
0
LINE
8
BLACK
6
CONTINUOUS
10
89.0544069999999977
20
-73.0092199999999991
11
88.9882719999999949
21
-72.9866820000000018
0
LINE
8
BLACK
6
CONTINUOUS
10
88.9882719999999949
20
-72.9866820000000018
11
88.9492339999999899
21
-72.9416279999999944
0
LINE
8
BLACK
6
CONTINUOUS
10
88.9492339999999899
20
-72.9416279999999944
11
88.9018609999999967
21
-72.8486520000000013
0
LINE
8
BLACK
6
CONTINUOUS
10
88.9018609999999967
20
-72.8486520000000013
11
88.8694739999999967
21
-72.8040769999999924
0
LINE
8
BLACK
6
CONTINUOUS
10
88.8694739999999967
20
-72.8040769999999924
11
88.8694739999999967
21
-72.8040759999999949
0
LINE
8
BLACK
6
CONTINUOUS
10
88.8694739999999967
20
-72.8040759999999949
11
88.5028969999999902
21
-73.1706519999999898
0
LINE
8
BLACK
6
CONTINUOUS
10
88.5028969999999902
20
-73.1706519999999898
11
88.5555519999999916
21
-73.2977719999999948
0
LINE
8
BLACK
6
CONTINUOUS
10
88.5555519999999916
20
-73.2977719999999948
11
88.5861479999999943
21
-73.4515859999999918
0
LINE
8
BLACK
6
CONTINUOUS
10
88.5861479999999943
20
-73.4515859999999918
11
88.5861479999999943
21
-73.6084139999999962
0
LINE
8
BLACK
6
CONTINUOUS
10
88.5861479999999943
20
-73.6084139999999962
11
88.5555519999999916
21
-73.7622279999999932
0
LINE
8
BLACK
6
CONTINUOUS
10
88.5555519999999916
20
-73.7622279999999932
11
88.4955369999999988
21
-73.9071169999999995
0
LINE
8
BLACK
6
CONTINUOUS
10
88.4955369999999988
20
-73.9071169999999995
11
88.4084079999999943
21
-74.0375149999999991
0
LINE
8
BLACK
6
CONTINUOUS
10
88.4084079999999943
20
-74.0375149999999991
11
88.29751499999999
21
-74.1484080000000034
0
LINE
8
BLACK
6
CONTINUOUS
10
88.29751499999999
20
-74.1484080000000034
11
88.1671169999999904
21
-74.2355369999999937
0
LINE
8
BLACK
6
CONTINUOUS
10
88.1671169999999904
20
-74.2355369999999937
11
88.0222279999999984
21
-74.2955520000000007
0
LINE
8
BLACK
6
CONTINUOUS
10
88.0222279999999984
20
-74.2955520000000007
11
87.8684140000000014
21
-74.3261480000000034
0
LINE
8
BLACK
6
CONTINUOUS
10
87.8684140000000014
20
-74.3261480000000034
11
87.7115859999999969
21
-74.3261480000000034
0
LINE
8
BLACK
6
CONTINUOUS
10
87.7115859999999969
20
-74.3261480000000034
11
87.5577719999999999
21
-74.2955520000000007
0
LINE
8
BLACK
6
CONTINUOUS
10
87.5577719999999999
20
-74.2955520000000007
11
87.4128829999999937
21
-74.2355369999999937
0
LINE
8
BLACK
6
CONTINUOUS
10
87.4128829999999937
20
-74.2355369999999937
11
87.2824849999999941
21
-74.1484080000000034
0
LINE
8
BLACK
6
CONTINUOUS
10
87.2824849999999941
20
-74.1484080000000034
11
87.1715919999999898
21
-74.0375149999999991
0
LINE
8
BLACK
6
CONTINUOUS
10
87.1715919999999898
20
-74.0375149999999991
11
87.0844629999999995
21
-73.9071169999999995
0
LINE
8
BLACK
6
CONTINUOUS
10
87.0844629999999995
20
-73.9071169999999995
11
87.0244479999999925
21
-73.7622279999999932
0
LINE
8
BLACK
6
CONTINUOUS
10
87.0244479999999925
20
-73.7622279999999932
11
86.9938519999999897
21
-73.6084139999999962
0
LINE
8
BLACK
6
CONTINUOUS
10
86.9938519999999897
20
-73.6084139999999962
11
86.9938519999999897
21
-73.4515859999999918
0
LINE
8
BLACK
6
CONTINUOUS
10
86.9938519999999897
20
-73.4515859999999918
11
87.0244479999999925
21
-73.2977719999999948
0
LINE
8
BLACK
6
CONTINUOUS
10
87.0244479999999925
20
-73.2977719999999948
11
87.077100999999999
21
-73.170653999999999
0
LINE
8
BLACK
6
CONTINUOUS
10
87.077100999999999
20
-73.170653999999999
11
86.7105239999999924
21
-72.8040769999999924
0
LINE
8
BLACK
6
CONTINUOUS
10
86.7105239999999924
20
-72.8040769999999924
11
86.7105229999999949
21
-72.8040769999999924
0
LINE
8
BLACK
6
CONTINUOUS
10
86.7105229999999949
20
-72.8040769999999924
11
86.6781429999999915
21
-72.8486439999999931
0
LINE
8
BLACK
6
CONTINUOUS
10
86.6781429999999915
20
-72.8486439999999931
11
86.6307649999999967
21
-72.9416300000000035
0
LINE
8
BLACK
6
CONTINUOUS
10
86.6307649999999967
20
-72.9416300000000035
11
86.5827900000000028
21
-72.9924259999999947
0
LINE
8
BLACK
6
CONTINUOUS
10
86.5827900000000028
20
-72.9924259999999947
11
86.5149689999999936
21
-73.0092209999999966
0
LINE
8
BLACK
6
CONTINUOUS
10
86.5149689999999936
20
-73.0092209999999966
11
86.4488339999999909
21
-72.9866829999999993
0
LINE
8
BLACK
6
CONTINUOUS
10
86.4488339999999909
20
-72.9866829999999993
11
86.4097950000000026
21
-72.9416300000000035
0
LINE
8
BLACK
6
CONTINUOUS
10
86.4097950000000026
20
-72.9416300000000035
11
86.4037539999999922
21
-72.9297729999999973
0
LINE
8
BLACK
6
CONTINUOUS
10
86.4037539999999922
20
-72.9297729999999973
11
86.3622869999999949
21
-72.8483899999999949
0
LINE
8
BLACK
6
CONTINUOUS
10
86.3622869999999949
20
-72.8483899999999949
11
86.362285
21
-72.8483870000000024
0
LINE
8
BLACK
6
CONTINUOUS
10
86.362285
20
-72.8483870000000024
11
86.3622840000000025
21
-72.8483849999999933
0
LINE
8
BLACK
6
CONTINUOUS
10
86.3622840000000025
20
-72.8483849999999933
11
86.2419709999999924
21
-72.682785999999993
0
LINE
8
BLACK
6
CONTINUOUS
10
86.2419709999999924
20
-72.682785999999993
11
86.0972129999999964
21
-72.5380279999999971
0
LINE
8
BLACK
6
CONTINUOUS
10
86.0972129999999964
20
-72.5380279999999971
11
85.9316129999999987
21
-72.4177150000000012
0
LINE
8
BLACK
6
CONTINUOUS
10
85.9316129999999987
20
-72.4177150000000012
11
85.9316120000000012
21
-72.4177140000000037
0
LINE
8
BLACK
6
CONTINUOUS
10
85.9316120000000012
20
-72.4177140000000037
11
85.9316099999999921
21
-72.417712999999992
0
LINE
8
BLACK
6
CONTINUOUS
10
85.9316099999999921
20
-72.417712999999992
11
85.874652999999995
21
-72.3886909999999943
0
LINE
8
BLACK
6
CONTINUOUS
10
85.874652999999995
20
-72.3886909999999943
11
85.7492230000000006
21
-72.3247810000000015
0
LINE
8
BLACK
6
CONTINUOUS
10
85.7492230000000006
20
-72.3247810000000015
11
85.5545339999999896
21
-72.2615219999999994
0
LINE
8
BLACK
6
CONTINUOUS
10
85.5545339999999896
20
-72.2615219999999994
11
85.3666899999999913
21
-72.2317709999999948
0
LINE
8
BLACK
6
CONTINUOUS
10
85.3666899999999913
20
-72.2317709999999948
11
85.3523519999999962
21
-72.2295000000000016
0
LINE
8
BLACK
6
CONTINUOUS
10
85.3523519999999962
20
-72.2295000000000016
11
85.1476479999999896
21
-72.2295000000000016
0
LINE
8
BLACK
6
CONTINUOUS
10
85.1476479999999896
20
-72.2295000000000016
11
85.1333099999999945
21
-72.2317709999999948
0
LINE
8
BLACK
6
CONTINUOUS
10
85.1333099999999945
20
-72.2317709999999948
11
84.9454649999999987
21
-72.2615219999999994
0
LINE
8
BLACK
6
CONTINUOUS
10
84.9454649999999987
20
-72.2615219999999994
11
84.7507760000000019
21
-72.3247810000000015
0
LINE
8
BLACK
6
CONTINUOUS
10
84.7507760000000019
20
-72.3247810000000015
11
84.5683859999999896
21
-72.4177150000000012
0
LINE
8
BLACK
6
CONTINUOUS
10
84.5683859999999896
20
-72.4177150000000012
11
84.4027859999999919
21
-72.5380279999999971
0
LINE
8
BLACK
6
CONTINUOUS
10
84.4027859999999919
20
-72.5380279999999971
11
84.2580279999999959
21
-72.682785999999993
0
LINE
8
BLACK
6
CONTINUOUS
10
84.2580279999999959
20
-72.682785999999993
11
84.1377129999999909
21
-72.8483879999999999
0
LINE
8
BLACK
6
CONTINUOUS
10
84.1377129999999909
20
-72.8483879999999999
11
84.1221269999999919
21
-72.8789780000000036
0
LINE
8
BLACK
6
CONTINUOUS
10
84.1221269999999919
20
-72.8789780000000036
11
84.0741529999999955
21
-72.9297729999999973
0
LINE
8
BLACK
6
CONTINUOUS
10
84.0741529999999955
20
-72.9297729999999973
11
84.0063320000000004
21
-72.9465679999999992
0
LINE
8
BLACK
6
CONTINUOUS
10
84.0063320000000004
20
-72.9465679999999992
11
83.9401969999999977
21
-72.9240300000000019
0
LINE
8
BLACK
6
CONTINUOUS
10
83.9401969999999977
20
-72.9240300000000019
11
83.9239620000000031
21
-72.9103629999999896
0
LINE
8
BLACK
6
CONTINUOUS
10
83.9239620000000031
20
-72.9103629999999896
11
83.5868189999999913
21
-72.5732199999999921
0
LINE
8
BLACK
6
CONTINUOUS
10
83.5868189999999913
20
-72.5732199999999921
11
83.5533339999999924
21
-72.5118969999999905
0
LINE
8
BLACK
6
CONTINUOUS
10
83.5533339999999924
20
-72.5118969999999905
11
83.5504999999999995
21
-72.4855390000000028
0
LINE
8
BLACK
6
CONTINUOUS
10
83.5504999999999995
20
-72.4855390000000028
11
83.5504999999999995
21
-60.9787259999999947
0
LINE
8
BLACK
6
CONTINUOUS
10
83.5504999999999995
20
-60.9787259999999947
11
83.5701849999999951
21
-60.9116870000000006
0
LINE
8
BLACK
6
CONTINUOUS
10
83.5701849999999951
20
-60.9116870000000006
11
83.5868189999999913
21
-60.8910449999999983
0
LINE
8
BLACK
6
CONTINUOUS
10
83.5868189999999913
20
-60.8910449999999983
11
85.9010459999999938
21
-58.5768190000000004
0
LINE
8
BLACK
6
CONTINUOUS
10
85.9010459999999938
20
-58.5768190000000004
11
85.9623689999999954
21
-58.5433339999999944
0
LINE
8
BLACK
6
CONTINUOUS
10
85.9623689999999954
20
-58.5433339999999944
11
85.9887269999999972
21
-58.5404999999999944
0
LINE
8
BLACK
6
CONTINUOUS
10
85.9887269999999972
20
-58.5404999999999944
11
87.8142179999999968
21
-58.5404999999999944
0
LINE
8
BLACK
6
CONTINUOUS
10
87.8142179999999968
20
-58.5404999999999944
11
87.8812569999999909
21
-58.560184999999997
0
LINE
8
BLACK
6
CONTINUOUS
10
87.8812569999999909
20
-58.560184999999997
11
87.9018990000000002
21
-58.5768190000000004
0
LINE
8
BLACK
6
CONTINUOUS
10
87.9018990000000002
20
-58.5768190000000004
11
88.2361119999999914
21
-58.9110319999999987
0
LINE
8
BLACK
6
CONTINUOUS
10
88.2361119999999914
20
-58.9110319999999987
11
88.2695969999999903
21
-58.9723550000000003
0
LINE
8
BLACK
6
CONTINUOUS
10
88.2695969999999903
20
-58.9723550000000003
11
88.2646129999999971
21
-59.0420469999999966
0
LINE
8
BLACK
6
CONTINUOUS
10
88.2646129999999971
20
-59.0420469999999966
11
88.2227409999999992
21
-59.0979799999999997
0
LINE
8
BLACK
6
CONTINUOUS
10
88.2227409999999992
20
-59.0979799999999997
11
88.2047280000000029
21
-59.1091969999999947
0
LINE
8
BLACK
6
CONTINUOUS
10
88.2047280000000029
20
-59.1091969999999947
11
88.1683859999999981
21
-59.1277139999999974
0
LINE
8
BLACK
6
CONTINUOUS
10
88.1683859999999981
20
-59.1277139999999974
11
88.0027860000000004
21
-59.2480279999999979
0
LINE
8
BLACK
6
CONTINUOUS
10
88.0027860000000004
20
-59.2480279999999979
11
87.8580279999999902
21
-59.3927859999999939
0
LINE
8
BLACK
6
CONTINUOUS
10
87.8580279999999902
20
-59.3927859999999939
11
87.7377149999999943
21
-59.5583859999999987
0
LINE
8
BLACK
6
CONTINUOUS
10
87.7377149999999943
20
-59.5583859999999987
11
87.6447809999999947
21
-59.7407759999999968
0
LINE
8
BLACK
6
CONTINUOUS
10
87.6447809999999947
20
-59.7407759999999968
11
87.5815219999999925
21
-59.9354650000000007
0
LINE
8
BLACK
6
CONTINUOUS
10
87.5815219999999925
20
-59.9354650000000007
11
87.5494999999999948
21
-60.1376479999999987
0
LINE
8
BLACK
6
CONTINUOUS
10
87.5494999999999948
20
-60.1376479999999987
11
87.5494999999999948
21
-60.3423510000000007
0
LINE
8
BLACK
6
CONTINUOUS
10
87.5494999999999948
20
-60.3423510000000007
11
87.5815219999999925
21
-60.5445339999999987
0
LINE
8
BLACK
6
CONTINUOUS
10
87.5815219999999925
20
-60.5445339999999987
11
87.6447809999999947
21
-60.7392229999999955
0
LINE
8
BLACK
6
CONTINUOUS
10
87.6447809999999947
20
-60.7392229999999955
11
87.6867599999999925
21
-60.8216099999999997
0
LINE
8
BLACK
6
CONTINUOUS
10
87.6867599999999925
20
-60.8216099999999997
11
87.7221389999999985
21
-60.8910449999999983
0
LINE
8
BLACK
6
CONTINUOUS
10
87.7221389999999985
20
-60.8910449999999983
11
87.7377149999999943
21
-60.9216130000000007
0
LINE
8
BLACK
6
CONTINUOUS
10
87.7377149999999943
20
-60.9216130000000007
11
87.8580279999999902
21
-61.0872129999999984
0
LINE
8
BLACK
6
CONTINUOUS
10
87.8580279999999902
20
-61.0872129999999984
11
88.0027860000000004
21
-61.2319709999999944
0
LINE
8
BLACK
6
CONTINUOUS
10
88.0027860000000004
20
-61.2319709999999944
11
88.1577489999999955
21
-61.3445559999999972
0
LINE
8
BLACK
6
CONTINUOUS
10
88.1577489999999955
20
-61.3445559999999972
11
88.1683900000000023
21
-61.3522869999999969
0
LINE
8
BLACK
6
CONTINUOUS
10
88.1683900000000023
20
-61.3522869999999969
11
88.2786689999999936
21
-61.4084769999999978
0
LINE
8
BLACK
6
CONTINUOUS
10
88.2786689999999936
20
-61.4084769999999978
11
88.3507759999999962
21
-61.445217999999997
0
LINE
8
BLACK
6
CONTINUOUS
10
88.3507759999999962
20
-61.445217999999997
11
88.3507779999999912
21
-61.445217999999997
0
LINE
8
BLACK
6
CONTINUOUS
10
88.3507779999999912
20
-61.445217999999997
11
88.3507809999999978
21
-61.4452199999999991
0
LINE
8
BLACK
6
CONTINUOUS
10
88.3507809999999978
20
-61.4452199999999991
11
88.4551369999999935
21
-61.4791269999999983
0
LINE
8
BLACK
6
CONTINUOUS
10
88.4551369999999935
20
-61.4791269999999983
11
88.545464999999993
21
-61.5084769999999992
0
LINE
8
BLACK
6
CONTINUOUS
10
88.545464999999993
20
-61.5084769999999992
11
88.622965999999991
21
-61.5207509999999971
0
LINE
8
BLACK
6
CONTINUOUS
10
88.622965999999991
20
-61.5207509999999971
11
88.6935129999999958
21
-61.531924999999994
0
LINE
8
BLACK
6
CONTINUOUS
10
88.6935129999999958
20
-61.531924999999994
11
88.7566479999999984
21
-61.5618539999999967
0
LINE
8
BLACK
6
CONTINUOUS
10
88.7566479999999984
20
-61.5618539999999967
11
88.7617970000000014
21
-61.566716999999997
0
LINE
8
BLACK
6
CONTINUOUS
10
88.7617970000000014
20
-61.566716999999997
11
91.8331809999999962
21
-64.6381009999999918
0
LINE
8
BLACK
6
CONTINUOUS
10
91.8331809999999962
20
-64.6381009999999918
11
91.8666659999999951
21
-64.6994239999999934
0
LINE
8
BLACK
6
CONTINUOUS
10
91.8666659999999951
20
-64.6994239999999934
11
91.8695000000000022
21
-64.7257819999999953
0
LINE
8
BLACK
6
CONTINUOUS
10
91.8695000000000022
20
-64.7257819999999953
11
91.8695000000000022
21
-65.0342369999999903
0
LINE
8
BLACK
6
CONTINUOUS
10
91.8695000000000022
20
-65.0342369999999903
11
91.8498149999999924
21
-65.1012759999999986
0
LINE
8
BLACK
6
CONTINUOUS
10
91.8498149999999924
20
-65.1012759999999986
11
91.8458179999999942
21
-65.1071220000000039
0
LINE
8
BLACK
6
CONTINUOUS
10
91.8458179999999942
20
-65.1071220000000039
11
91.7577129999999954
21
-65.2283879999999954
0
LINE
8
BLACK
6
CONTINUOUS
10
91.7577129999999954
20
-65.2283879999999954
11
91.7102029999999928
21
-65.321629999999999
0
LINE
8
BLACK
6
CONTINUOUS
10
91.7102029999999928
20
-65.321629999999999
11
91.6622279999999989
21
-65.3724259999999902
0
LINE
8
BLACK
6
CONTINUOUS
10
91.6622279999999989
20
-65.3724259999999902
11
91.5944069999999897
21
-65.3892199999999946
0
LINE
8
BLACK
6
CONTINUOUS
10
91.5944069999999897
20
-65.3892199999999946
11
91.5282720000000012
21
-65.3666819999999973
0
LINE
8
BLACK
6
CONTINUOUS
10
91.5282720000000012
20
-65.3666819999999973
11
91.4892339999999962
21
-65.321628000000004
0
LINE
8
BLACK
6
CONTINUOUS
10
91.4892339999999962
20
-65.321628000000004
11
91.4418610000000029
21
-65.2286519999999967
0
LINE
8
BLACK
6
CONTINUOUS
10
91.4418610000000029
20
-65.2286519999999967
11
91.4094739999999888
21
-65.184077000000002
0
LINE
8
BLACK
6
CONTINUOUS
10
91.4094739999999888
20
-65.184077000000002
11
91.4094739999999888
21
-65.1840759999999904
0
LINE
8
BLACK
6
CONTINUOUS
10
91.4094739999999888
20
-65.1840759999999904
11
91.0428969999999964
21
-65.5506519999999995
0
LINE
8
BLACK
6
CONTINUOUS
10
91.0428969999999964
20
-65.5506519999999995
11
91.0955519999999979
21
-65.6777719999999903
0
LINE
8
BLACK
6
CONTINUOUS
10
91.0955519999999979
20
-65.6777719999999903
11
91.1261480000000006
21
-65.8315860000000015
0
LINE
8
BLACK
6
CONTINUOUS
10
91.1261480000000006
20
-65.8315860000000015
11
91.1261480000000006
21
-65.9884139999999917
0
LINE
8
BLACK
6
CONTINUOUS
10
91.1261480000000006
20
-65.9884139999999917
11
91.1243839999999921
21
-65.9972779999999943
0
LINE
8
BLACK
6
CONTINUOUS
10
91.1243839999999921
20
-65.9972779999999943
11
91.5672429999999906
21
-66.4401359999999954
0
LINE
8
BLACK
6
CONTINUOUS
10
91.5672429999999906
20
-66.4401359999999954
11
91.6050279999999901
21
-66.4307790000000011
0
LINE
8
BLACK
6
CONTINUOUS
10
91.6050279999999901
20
-66.4307790000000011
11
91.6711639999999903
21
-66.4533160000000009
0
LINE
8
BLACK
6
CONTINUOUS
10
91.6711639999999903
20
-66.4533160000000009
11
91.7102029999999928
21
-66.4983689999999967
0
LINE
8
BLACK
6
CONTINUOUS
10
91.7102029999999928
20
-66.4983689999999967
11
91.7577129999999954
21
-66.5916110000000003
0
LINE
8
BLACK
6
CONTINUOUS
10
91.7577129999999954
20
-66.5916110000000003
11
91.8613119999999981
21
-66.7342050000000029
0
LINE
8
BLACK
6
CONTINUOUS
10
91.8613119999999981
20
-66.7342050000000029
11
92.0371069999999918
21
-66.9099999999999966
0
LINE
8
BLACK
6
CONTINUOUS
10
92.0371069999999918
20
-66.9099999999999966
11
93.706161999999992
21
-66.9099999999999966
0
LINE
8
BLACK
6
CONTINUOUS
10
93.706161999999992
20
-66.9099999999999966
11
93.717213000000001
21
-66.9019710000000032
0
LINE
8
BLACK
6
CONTINUOUS
10
93.717213000000001
20
-66.9019710000000032
11
93.7172149999999959
21
-66.9019679999999966
0
LINE
8
BLACK
6
CONTINUOUS
10
93.7172149999999959
20
-66.9019679999999966
11
93.7172190000000001
21
-66.9019660000000016
0
LINE
8
BLACK
6
CONTINUOUS
10
93.7172190000000001
20
-66.9019660000000016
11
93.8619659999999953
21
-66.7572189999999921
0
LINE
8
BLACK
6
CONTINUOUS
10
93.8619659999999953
20
-66.7572189999999921
11
93.8619679999999903
21
-66.7572150000000022
0
LINE
8
BLACK
6
CONTINUOUS
10
93.8619679999999903
20
-66.7572150000000022
11
93.8619709999999969
21
-66.757212999999993
0
LINE
8
BLACK
6
CONTINUOUS
10
93.8619709999999969
20
-66.757212999999993
11
93.9822839999999928
21
-66.5916139999999928
0
LINE
8
BLACK
6
CONTINUOUS
10
93.9822839999999928
20
-66.5916139999999928
11
93.982286000000002
21
-66.5916110000000003
0
LINE
8
BLACK
6
CONTINUOUS
10
93.982286000000002
20
-66.5916110000000003
11
93.9822869999999995
21
-66.5916100000000029
0
LINE
8
BLACK
6
CONTINUOUS
10
93.9822869999999995
20
-66.5916100000000029
11
94.029516000000001
21
-66.4989169999999916
0
LINE
8
BLACK
6
CONTINUOUS
10
94.029516000000001
20
-66.4989169999999916
11
94.0774889999999999
21
-66.4481229999999954
0
LINE
8
BLACK
6
CONTINUOUS
10
94.0774889999999999
20
-66.4481229999999954
11
94.1453099999999949
21
-66.4313279999999935
0
LINE
8
BLACK
6
CONTINUOUS
10
94.1453099999999949
20
-66.4313279999999935
11
94.2114449999999977
21
-66.4538649999999933
0
LINE
8
BLACK
6
CONTINUOUS
10
94.2114449999999977
20
-66.4538649999999933
11
94.2504830000000027
21
-66.4989169999999916
0
LINE
8
BLACK
6
CONTINUOUS
10
94.2504830000000027
20
-66.4989169999999916
11
94.2561389999999903
21
-66.5100159999999931
0
LINE
8
BLACK
6
CONTINUOUS
10
94.2561389999999903
20
-66.5100159999999931
11
94.2977149999999966
21
-66.5916139999999928
0
LINE
8
BLACK
6
CONTINUOUS
10
94.2977149999999966
20
-66.5916139999999928
11
94.4180279999999925
21
-66.757212999999993
0
LINE
8
BLACK
6
CONTINUOUS
10
94.4180279999999925
20
-66.757212999999993
11
94.5627860000000027
21
-66.9019710000000032
0
LINE
8
BLACK
6
CONTINUOUS
10
94.5627860000000027
20
-66.9019710000000032
11
94.5738369999999975
21
-66.9099999999999966
0
LINE
8
BLACK
6
CONTINUOUS
10
94.5738369999999975
20
-66.9099999999999966
11
98.7861609999999928
21
-66.9099999999999966
0
LINE
8
BLACK
6
CONTINUOUS
10
98.7861609999999928
20
-66.9099999999999966
11
98.7972189999999983
21
-66.9019660000000016
0
LINE
8
BLACK
6
CONTINUOUS
10
98.7972189999999983
20
-66.9019660000000016
11
98.8655049999999989
21
-66.8336790000000036
0
LINE
8
BLACK
6
CONTINUOUS
10
98.8655049999999989
20
-66.8336790000000036
11
98.9268249999999938
21
-66.8001959999999997
0
LINE
8
BLACK
6
CONTINUOUS
10
98.9268249999999938
20
-66.8001959999999997
11
98.9965169999999972
21
-66.8051799999999929
0
LINE
8
BLACK
6
CONTINUOUS
10
98.9965169999999972
20
-66.8051799999999929
11
99.0006360000000001
21
-66.806800999999993
0
LINE
8
BLACK
6
CONTINUOUS
10
99.0006360000000001
20
-66.806800999999993
11
99.1581649999999968
21
-66.872050999999999
0
LINE
8
BLACK
6
CONTINUOUS
10
99.1581649999999968
20
-66.872050999999999
11
99.2866939999999971
21
-66.8976169999999968
0
LINE
8
BLACK
6
CONTINUOUS
10
99.2866939999999971
20
-66.8976169999999968
11
99.3103679999999969
21
-66.9099999999999966
0
LINE
8
BLACK
6
CONTINUOUS
10
99.3103679999999969
20
-66.9099999999999966
11
101.2333239999999961
21
-66.9099999999999966
0
LINE
8
BLACK
6
CONTINUOUS
10
101.2333239999999961
20
-66.9099999999999966
11
101.4899999999999949
21
-66.6533230000000003
0
LINE
8
BLACK
6
CONTINUOUS
10
101.4899999999999949
20
-66.6533230000000003
11
101.4899999999999949
21
-65.1666759999999954
0
LINE
8
BLACK
6
CONTINUOUS
10
101.4899999999999949
20
-65.1666759999999954
11
101.2333239999999961
21
-64.9099999999999966
0
LINE
8
BLACK
6
CONTINUOUS
10
101.2333239999999961
20
-64.9099999999999966
11
100.268377000000001
21
-64.9099999999999966
0
LINE
8
BLACK
6
CONTINUOUS
10
100.268377000000001
20
-64.9099999999999966
11
100.2031289999999899
21
-64.9057229999999947
0
LINE
8
BLACK
6
CONTINUOUS
10
100.2031289999999899
20
-64.9057229999999947
11
100.2031139999999994
21
-64.9057229999999947
0
LINE
8
BLACK
6
CONTINUOUS
10
100.2031139999999994
20
-64.9057229999999947
11
100.0770349999999951
21
-64.8719399999999951
0
LINE
8
BLACK
6
CONTINUOUS
10
100.0770349999999951
20
-64.8719399999999951
11
99.9639959999999945
21
-64.8066769999999934
0
LINE
8
BLACK
6
CONTINUOUS
10
99.9639959999999945
20
-64.8066769999999934
11
99.9639869999999888
21
-64.8066680000000019
0
LINE
8
BLACK
6
CONTINUOUS
10
99.9639869999999888
20
-64.8066680000000019
11
99.9148229999999984
21
-64.7635530000000017
0
LINE
8
BLACK
6
CONTINUOUS
10
99.9148229999999984
20
-64.7635530000000017
11
98.8612710000000021
21
-63.7099999999999937
0
LINE
8
BLACK
6
CONTINUOUS
10
98.8612710000000021
20
-63.7099999999999937
11
95.6470559999999921
21
-63.7099999999999937
0
LINE
8
BLACK
6
CONTINUOUS
10
95.6470559999999921
20
-63.7099999999999937
11
95.5818079999999952
21
-63.705722999999999
0
LINE
8
BLACK
6
CONTINUOUS
10
95.5818079999999952
20
-63.705722999999999
11
95.5817929999999905
21
-63.705722999999999
0
LINE
8
BLACK
6
CONTINUOUS
10
95.5817929999999905
20
-63.705722999999999
11
95.4557140000000004
21
-63.6719399999999993
0
LINE
8
BLACK
6
CONTINUOUS
10
95.4557140000000004
20
-63.6719399999999993
11
95.3426749999999998
21
-63.6066769999999977
0
LINE
8
BLACK
6
CONTINUOUS
10
95.3426749999999998
20
-63.6066769999999977
11
95.3426659999999941
21
-63.6066679999999991
0
LINE
8
BLACK
6
CONTINUOUS
10
95.3426659999999941
20
-63.6066679999999991
11
95.2935019999999895
21
-63.5635529999999989
0
LINE
8
BLACK
6
CONTINUOUS
10
95.2935019999999895
20
-63.5635529999999989
11
88.5699499999999915
21
-56.8399999999999963
0
LINE
8
BLACK
6
CONTINUOUS
10
88.5699499999999915
20
-56.8399999999999963
11
84.8080209999999965
21
-56.8399999999999963
0
LINE
8
BLACK
6
CONTINUOUS
10
84.8080209999999965
20
-56.8399999999999963
11
83.2616809999999958
21
-58.3863409999999945
0
LINE
8
BLACK
6
CONTINUOUS
10
83.2616809999999958
20
-58.3863409999999945
11
83.2003579999999943
21
-58.4198260000000005
0
LINE
8
BLACK
6
CONTINUOUS
10
83.2003579999999943
20
-58.4198260000000005
11
83.1306659999999908
21
-58.4148420000000002
0
LINE
8
BLACK
6
CONTINUOUS
10
83.1306659999999908
20
-58.4148420000000002
11
83.0747329999999948
21
-58.3729699999999951
0
LINE
8
BLACK
6
CONTINUOUS
10
83.0747329999999948
20
-58.3729699999999951
11
83.0503159999999951
21
-58.3075059999999965
0
LINE
8
BLACK
6
CONTINUOUS
10
83.0503159999999951
20
-58.3075059999999965
11
83.0499999999999972
21
-58.2986599999999981
0
LINE
8
BLACK
6
CONTINUOUS
10
83.0499999999999972
20
-58.2986599999999981
11
83.0499999999999972
21
-58.1220280000000002
0
LINE
8
BLACK
6
CONTINUOUS
10
83.0499999999999972
20
-58.1220280000000002
11
83.0499989999999997
21
-58.1220140000000001
0
LINE
8
BLACK
6
CONTINUOUS
10
83.0499989999999997
20
-58.1220140000000001
11
83.0191999999999979
21
-57.8880849999999967
0
LINE
8
BLACK
6
CONTINUOUS
10
83.0191999999999979
20
-57.8880849999999967
11
82.9581289999999996
21
-57.6601619999999997
0
LINE
8
BLACK
6
CONTINUOUS
10
82.9581289999999996
20
-57.6601619999999997
11
82.8678389999999894
21
-57.4421800000000005
0
LINE
8
BLACK
6
CONTINUOUS
10
82.8678389999999894
20
-57.4421800000000005
11
82.867834000000002
21
-57.4421709999999948
0
LINE
8
BLACK
6
CONTINUOUS
10
82.867834000000002
20
-57.4421709999999948
11
82.8265090000000015
21
-57.370595999999999
0
LINE
8
BLACK
6
CONTINUOUS
10
82.8265090000000015
20
-57.370595999999999
11
82.4519129999999905
21
-57.7451919999999959
0
LINE
8
BLACK
6
CONTINUOUS
10
82.4519129999999905
20
-57.7451919999999959
11
82.5140809999999902
21
-57.936520999999999
0
LINE
8
BLACK
6
CONTINUOUS
10
82.5140809999999902
20
-57.936520999999999
11
82.5459929999999957
21
-58.1380029999999977
0
LINE
8
BLACK
6
CONTINUOUS
10
82.5459929999999957
20
-58.1380029999999977
11
82.5459929999999957
21
-58.3419969999999992
0
LINE
8
BLACK
6
CONTINUOUS
10
82.5459929999999957
20
-58.3419969999999992
11
82.5140809999999902
21
-58.5434789999999978
0
LINE
8
BLACK
6
CONTINUOUS
10
82.5140809999999902
20
-58.5434789999999978
11
82.4510429999999985
21
-58.737487999999999
0
LINE
8
BLACK
6
CONTINUOUS
10
82.4510429999999985
20
-58.737487999999999
11
82.3584319999999934
21
-58.9192479999999961
0
LINE
8
BLACK
6
CONTINUOUS
10
82.3584319999999934
20
-58.9192479999999961
11
82.2385280000000023
21
-59.0842819999999946
0
LINE
8
BLACK
6
CONTINUOUS
10
82.2385280000000023
20
-59.0842819999999946
11
82.0942819999999926
21
-59.2285279999999972
0
LINE
8
BLACK
6
CONTINUOUS
10
82.0942819999999926
20
-59.2285279999999972
11
81.9292480000000012
21
-59.3484319999999954
0
LINE
8
BLACK
6
CONTINUOUS
10
81.9292480000000012
20
-59.3484319999999954
11
81.7474879999999899
21
-59.4410430000000005
0
LINE
8
BLACK
6
CONTINUOUS
10
81.7474879999999899
20
-59.4410430000000005
11
81.5534789999999958
21
-59.5040809999999993
0
LINE
8
BLACK
6
CONTINUOUS
10
81.5534789999999958
20
-59.5040809999999993
11
81.3519969999999972
21
-59.5359929999999977
0
LINE
8
BLACK
6
CONTINUOUS
10
81.3519969999999972
20
-59.5359929999999977
11
81.1480030000000028
21
-59.5359929999999977
0
LINE
8
BLACK
6
CONTINUOUS
10
81.1480030000000028
20
-59.5359929999999977
11
80.94652099999999
21
-59.5040809999999993
0
LINE
8
BLACK
6
CONTINUOUS
10
80.94652099999999
20
-59.5040809999999993
11
80.7525119999999959
21
-59.4410430000000005
0
LINE
8
BLACK
6
CONTINUOUS
10
80.7525119999999959
20
-59.4410430000000005
11
80.5707519999999988
21
-59.3484319999999954
0
LINE
8
BLACK
6
CONTINUOUS
10
80.5707519999999988
20
-59.3484319999999954
11
80.5269459999999953
21
-59.3166049999999956
0
LINE
8
BLACK
6
CONTINUOUS
10
80.5269459999999953
20
-59.3166049999999956
11
80.1662749999999988
21
-59.6772769999999966
0
LINE
8
BLACK
6
CONTINUOUS
10
80.1662749999999988
20
-59.6772769999999966
11
80.2478270000000009
21
-59.739853999999994
0
LINE
8
BLACK
6
CONTINUOUS
10
80.2478270000000009
20
-59.739853999999994
11
80.2478279999999984
21
-59.7398549999999986
0
LINE
8
BLACK
6
CONTINUOUS
10
80.2478279999999984
20
-59.7398549999999986
11
80.4521709999999928
21
-59.8578339999999969
0
LINE
8
BLACK
6
CONTINUOUS
10
80.4521709999999928
20
-59.8578339999999969
11
80.4521799999999985
21
-59.8578389999999985
0
LINE
8
BLACK
6
CONTINUOUS
10
80.4521799999999985
20
-59.8578389999999985
11
80.6701630000000023
21
-59.9481289999999944
0
LINE
8
BLACK
6
CONTINUOUS
10
80.6701630000000023
20
-59.9481289999999944
11
80.6701609999999931
21
-59.9481289999999944
0
LINE
8
BLACK
6
CONTINUOUS
10
80.6701609999999931
20
-59.9481289999999944
11
80.8980849999999947
21
-60.0091999999999999
0
LINE
8
BLACK
6
CONTINUOUS
10
80.8980849999999947
20
-60.0091999999999999
11
81.1320139999999981
21
-60.0399989999999946
0
LINE
8
BLACK
6
CONTINUOUS
10
81.1320139999999981
20
-60.0399989999999946
11
81.1320290000000028
21
-60.0399999999999991
0
LINE
8
BLACK
6
CONTINUOUS
10
81.1320290000000028
20
-60.0399999999999991
11
81.3679709999999972
21
-60.0399999999999991
0
LINE
8
BLACK
6
CONTINUOUS
10
81.3679709999999972
20
-60.0399999999999991
11
81.3679849999999902
21
-60.0399989999999946
0
LINE
8
BLACK
6
CONTINUOUS
10
81.3679849999999902
20
-60.0399989999999946
11
81.4670429999999897
21
-60.0269569999999959
0
LINE
8
BLACK
6
CONTINUOUS
10
81.4670429999999897
20
-60.0269569999999959
11
81.4672070000000019
21
-60.0269819999999967
0
LINE
8
BLACK
6
CONTINUOUS
10
81.4672070000000019
20
-60.0269819999999967
11
81.4673619999999943
21
-60.0269149999999954
0
LINE
8
BLACK
6
CONTINUOUS
10
81.4673619999999943
20
-60.0269149999999954
11
81.5016999999999996
21
-60.0323609999999945
0
LINE
8
BLACK
6
CONTINUOUS
10
81.5016999999999996
20
-60.0323609999999945
11
81.5360780000000034
21
-60.0377219999999951
0
LINE
8
BLACK
6
CONTINUOUS
10
81.5360780000000034
20
-60.0377219999999951
11
81.5362030000000004
21
-60.0378329999999991
0
LINE
8
BLACK
6
CONTINUOUS
10
81.5362030000000004
20
-60.0378329999999991
11
81.5363689999999934
21
-60.0378599999999949
0
LINE
8
BLACK
6
CONTINUOUS
10
81.5363689999999934
20
-60.0378599999999949
11
81.5623339999999928
21
-60.0610250000000008
0
LINE
8
BLACK
6
CONTINUOUS
10
81.5623339999999928
20
-60.0610250000000008
11
81.5883340000000032
21
-60.0841019999999943
0
LINE
8
BLACK
6
CONTINUOUS
10
81.5883340000000032
20
-60.0841019999999943
11
81.5883790000000033
21
-60.0842619999999954
0
LINE
8
BLACK
6
CONTINUOUS
10
81.5883790000000033
20
-60.0842619999999954
11
81.5885049999999978
21
-60.0843749999999943
0
LINE
8
BLACK
6
CONTINUOUS
10
81.5885049999999978
20
-60.0843749999999943
11
81.5978569999999905
21
-60.1180239999999984
0
LINE
8
BLACK
6
CONTINUOUS
10
81.5978569999999905
20
-60.1180239999999984
11
81.6072199999999981
21
-60.15137
0
LINE
8
BLACK
6
CONTINUOUS
10
81.6072199999999981
20
-60.15137
11
81.6071859999999987
21
-60.1515839999999997
0
LINE
8
BLACK
6
CONTINUOUS
10
81.6071859999999987
20
-60.1515839999999997
11
81.607215999999994
21
-60.1516919999999971
0
LINE
8
BLACK
6
CONTINUOUS
10
81.607215999999994
20
-60.1516919999999971
11
81.6070199999999915
21
-60.1526390000000006
0
LINE
8
BLACK
6
CONTINUOUS
10
81.6070199999999915
20
-60.1526390000000006
11
81.6016879999999958
21
-60.1865509999999944
0
LINE
8
BLACK
6
CONTINUOUS
10
81.6016879999999958
20
-60.1865509999999944
11
81.5999889999999937
21
-60.1920399999999987
0
LINE
8
BLACK
6
CONTINUOUS
10
81.5999889999999937
20
-60.1920399999999987
11
81.5879489999999947
21
-60.2211079999999939
0
LINE
8
BLACK
6
CONTINUOUS
10
81.5879489999999947
20
-60.2211079999999939
11
81.583722999999992
21
-60.2423519999999968
0
LINE
8
BLACK
6
CONTINUOUS
10
81.583722999999992
20
-60.2423519999999968
11
81.5824659999999966
21
-60.2486660000000001
0
LINE
8
BLACK
6
CONTINUOUS
10
81.5824659999999966
20
-60.2486660000000001
11
81.5824649999999991
21
-60.2486729999999966
0
LINE
8
BLACK
6
CONTINUOUS
10
81.5824649999999991
20
-60.2486729999999966
11
81.5494999999999948
21
-60.414398999999996
0
LINE
8
BLACK
6
CONTINUOUS
10
81.5494999999999948
20
-60.414398999999996
11
81.5494999999999948
21
-73.049863000000002
0
LINE
8
BLACK
6
CONTINUOUS
10
81.5494999999999948
20
-73.049863000000002
11
81.5879469999999998
21
-73.24315
0
LINE
8
BLACK
6
CONTINUOUS
10
81.5879469999999998
20
-73.24315
11
81.5879499999999922
21
-73.2431600000000032
0
LINE
8
BLACK
6
CONTINUOUS
10
81.5879499999999922
20
-73.2431600000000032
11
81.5981409999999983
21
-73.2677630000000022
0
LINE
8
BLACK
6
CONTINUOUS
10
81.5981409999999983
20
-73.2677630000000022
11
81.6633640000000014
21
-73.4252279999999899
0
LINE
8
BLACK
6
CONTINUOUS
10
81.6633640000000014
20
-73.4252279999999899
11
81.6633709999999979
21
-73.4252409999999998
0
LINE
8
BLACK
6
CONTINUOUS
10
81.6633709999999979
20
-73.4252409999999998
11
81.7728599999999943
21
-73.5891019999999969
0
LINE
8
BLACK
6
CONTINUOUS
10
81.7728599999999943
20
-73.5891019999999969
11
81.772863000000001
21
-73.589106000000001
0
LINE
8
BLACK
6
CONTINUOUS
10
81.772863000000001
20
-73.589106000000001
11
81.9165369999999911
21
-73.7327799999999911
0
LINE
8
BLACK
6
CONTINUOUS
10
81.9165369999999911
20
-73.7327799999999911
11
81.9165589999999924
21
-73.7327999999999975
0
LINE
8
BLACK
6
CONTINUOUS
10
81.9165589999999924
20
-73.7327999999999975
11
83.8515369999999933
21
-75.6677779999999984
0
LINE
8
BLACK
6
CONTINUOUS
10
83.8515369999999933
20
-75.6677779999999984
11
83.85154
21
-75.6677820000000025
0
LINE
8
BLACK
6
CONTINUOUS
10
83.85154
20
-75.6677820000000025
11
83.9908969999999897
21
-75.8071389999999923
0
LINE
8
BLACK
6
CONTINUOUS
10
83.9908969999999897
20
-75.8071389999999923
11
84.0019209999999958
21
-75.8145049999999969
0
LINE
8
BLACK
6
CONTINUOUS
10
84.0019209999999958
20
-75.8145049999999969
11
84.010120999999998
21
-75.8225099999999941
0
LINE
8
BLACK
6
CONTINUOUS
10
84.010120999999998
20
-75.8225099999999941
11
84.0218409999999949
21
-75.8433729999999997
0
LINE
8
BLACK
6
CONTINUOUS
10
84.0218409999999949
20
-75.8433729999999997
11
84.0371909999999929
21
-75.8617369999999909
0
LINE
8
BLACK
6
CONTINUOUS
10
84.0371909999999929
20
-75.8617369999999909
11
84.0401559999999961
21
-75.8759769999999918
0
LINE
8
BLACK
6
CONTINUOUS
10
84.0401559999999961
20
-75.8759769999999918
11
84.0443410000000029
21
-75.883426
0
LINE
8
BLACK
6
CONTINUOUS
10
84.0443410000000029
20
-75.883426
11
84.0437560000000019
21
-75.8932609999999954
0
LINE
8
BLACK
6
CONTINUOUS
10
84.0437560000000019
20
-75.8932609999999954
11
84.0474999999999994
21
-75.9112379999999973
0
LINE
8
BLACK
6
CONTINUOUS
10
84.0474999999999994
20
-75.9112379999999973
11
84.0474999999999994
21
-78.1145410000000027
0
LINE
8
BLACK
6
CONTINUOUS
10
84.0474999999999994
20
-78.1145410000000027
11
84.0504119999999944
21
-78.1515459999999962
0
LINE
8
BLACK
6
CONTINUOUS
10
84.0504119999999944
20
-78.1515459999999962
11
84.0504129999999918
21
-78.1515519999999952
0
LINE
8
BLACK
6
CONTINUOUS
10
84.0504129999999918
20
-78.1515519999999952
11
84.0964340000000021
21
-78.3099539999999905
0
LINE
8
BLACK
6
CONTINUOUS
10
84.0964340000000021
20
-78.3099539999999905
11
84.0964349999999996
21
-78.3099569999999972
0
LINE
8
BLACK
6
CONTINUOUS
10
84.0964349999999996
20
-78.3099569999999972
11
84.1804049999999933
21
-78.451943
0
LINE
8
BLACK
6
CONTINUOUS
10
84.1804049999999933
20
-78.451943
11
84.1804059999999907
21
-78.4519439999999975
0
LINE
8
BLACK
6
CONTINUOUS
10
84.1804059999999907
20
-78.4519439999999975
11
84.1804079999999999
21
-78.4519469999999899
0
LINE
8
BLACK
6
CONTINUOUS
10
84.1804079999999999
20
-78.4519469999999899
11
84.276607999999996
21
-78.5481470000000002
0
LINE
8
BLACK
6
CONTINUOUS
10
84.276607999999996
20
-78.5481470000000002
11
84.2892399999999924
21
-78.5629380000000026
0
LINE
8
BLACK
6
CONTINUOUS
10
84.2892399999999924
20
-78.5629380000000026
11
84.3470190000000031
21
-78.6424639999999897
0
LINE
8
BLACK
6
CONTINUOUS
10
84.3470190000000031
20
-78.6424639999999897
11
84.4875359999999915
21
-78.7829809999999924
0
LINE
8
BLACK
6
CONTINUOUS
10
84.4875359999999915
20
-78.7829809999999924
11
84.6483059999999909
21
-78.8997870000000034
0
LINE
8
BLACK
6
CONTINUOUS
10
84.6483059999999909
20
-78.8997870000000034
11
84.7351489999999927
21
-78.9440349999999995
0
LINE
8
BLACK
6
CONTINUOUS
10
84.7351489999999927
20
-78.9440349999999995
11
84.825367
21
-78.9900049999999965
0
LINE
8
BLACK
6
CONTINUOUS
10
84.825367
20
-78.9900049999999965
11
84.8253699999999924
21
-78.9900059999999939
0
LINE
8
BLACK
6
CONTINUOUS
10
84.8253699999999924
20
-78.9900059999999939
11
84.9092969999999951
21
-79.0172749999999979
0
LINE
8
BLACK
6
CONTINUOUS
10
84.9092969999999951
20
-79.0172749999999979
11
85.0143640000000005
21
-79.0514129999999966
0
LINE
8
BLACK
6
CONTINUOUS
10
85.0143640000000005
20
-79.0514129999999966
11
85.2106390000000005
21
-79.082499999999996
0
LINE
8
BLACK
6
CONTINUOUS
10
85.2106390000000005
20
-79.082499999999996
11
85.2106399999999979
21
-79.082499999999996
0
LINE
8
BLACK
6
CONTINUOUS
10
85.2106399999999979
20
-79.082499999999996
11
85.4093599999999924
21
-79.082499999999996
0
LINE
8
BLACK
6
CONTINUOUS
10
85.4093599999999924
20
-79.082499999999996
11
85.4093609999999899
21
-79.082499999999996
0
LINE
8
BLACK
6
CONTINUOUS
10
85.4093609999999899
20
-79.082499999999996
11
85.6056359999999898
21
-79.0514129999999966
0
LINE
8
BLACK
6
CONTINUOUS
10
85.6056359999999898
20
-79.0514129999999966
11
85.7946319999999929
21
-78.9900049999999965
0
LINE
8
BLACK
6
CONTINUOUS
10
85.7946319999999929
20
-78.9900049999999965
11
85.9716939999999994
21
-78.8997870000000034
0
LINE
8
BLACK
6
CONTINUOUS
10
85.9716939999999994
20
-78.8997870000000034
11
86.1324639999999988
21
-78.7829809999999924
0
LINE
8
BLACK
6
CONTINUOUS
10
86.1324639999999988
20
-78.7829809999999924
11
86.2729810000000015
21
-78.6424639999999897
0
LINE
8
BLACK
6
CONTINUOUS
10
86.2729810000000015
20
-78.6424639999999897
11
86.3307619999999929
21
-78.562933000000001
0
LINE
8
BLACK
6
CONTINUOUS
10
86.3307619999999929
20
-78.562933000000001
11
86.3360389999999995
21
-78.5561749999999961
0
LINE
8
BLACK
6
CONTINUOUS
10
86.3360389999999995
20
-78.5561749999999961
11
86.3395369999999929
21
-78.5519999999999925
0
LINE
8
BLACK
6
CONTINUOUS
10
86.3395369999999929
20
-78.5519999999999925
11
86.4395919999999904
21
-78.4519469999999899
0
LINE
8
BLACK
6
CONTINUOUS
10
86.4395919999999904
20
-78.4519469999999899
11
86.4784389999999945
21
-78.3862589999999955
0
LINE
8
BLACK
6
CONTINUOUS
10
86.4784389999999945
20
-78.3862589999999955
11
86.4849619999999959
21
-78.3784769999999895
0
LINE
8
BLACK
6
CONTINUOUS
10
86.4849619999999959
20
-78.3784769999999895
11
86.5059269999999998
21
-78.3645089999999982
0
LINE
8
BLACK
6
CONTINUOUS
10
86.5059269999999998
20
-78.3645089999999982
11
86.5243370000000027
21
-78.3473209999999938
0
LINE
8
BLACK
6
CONTINUOUS
10
86.5243370000000027
20
-78.3473209999999938
11
86.5345049999999958
21
-78.3454710000000034
0
LINE
8
BLACK
6
CONTINUOUS
10
86.5345049999999958
20
-78.3454710000000034
11
86.5431099999999986
21
-78.3397389999999945
0
LINE
8
BLACK
6
CONTINUOUS
10
86.5431099999999986
20
-78.3397389999999945
11
86.5682989999999961
21
-78.3393239999999906
0
LINE
8
BLACK
6
CONTINUOUS
10
86.5682989999999961
20
-78.3393239999999906
11
86.593079000000003
21
-78.334817000000001
0
LINE
8
BLACK
6
CONTINUOUS
10
86.593079000000003
20
-78.334817000000001
11
86.6026339999999948
21
-78.338758999999996
0
LINE
8
BLACK
6
CONTINUOUS
10
86.6026339999999948
20
-78.338758999999996
11
86.61296999999999
21
-78.3385889999999989
0
LINE
8
BLACK
6
CONTINUOUS
10
86.61296999999999
20
-78.3385889999999989
11
86.6343789999999956
21
-78.351854000000003
0
LINE
8
BLACK
6
CONTINUOUS
10
86.6343789999999956
20
-78.351854000000003
11
86.657668000000001
21
-78.3614620000000031
0
LINE
8
BLACK
6
CONTINUOUS
10
86.657668000000001
20
-78.3614620000000031
11
86.6666910000000001
21
-78.3718750000000028
0
LINE
8
BLACK
6
CONTINUOUS
10
86.6666910000000001
20
-78.3718750000000028
11
86.6723629999999901
21
-78.3753899999999959
0
LINE
8
BLACK
6
CONTINUOUS
10
86.6723629999999901
20
-78.3753899999999959
11
86.6755749999999949
21
-78.3821279999999945
0
LINE
8
BLACK
6
CONTINUOUS
10
86.6755749999999949
20
-78.3821279999999945
11
86.6867309999999947
21
-78.3950030000000027
0
LINE
8
BLACK
6
CONTINUOUS
10
86.6867309999999947
20
-78.3950030000000027
11
86.7029270000000025
21
-78.4223889999999955
0
LINE
8
BLACK
6
CONTINUOUS
10
86.7029270000000025
20
-78.4223889999999955
11
86.7204049999999995
21
-78.451943
0
LINE
8
BLACK
6
CONTINUOUS
10
86.7204049999999995
20
-78.451943
11
86.7204079999999919
21
-78.4519469999999899
0
LINE
8
BLACK
6
CONTINUOUS
10
86.7204079999999919
20
-78.4519469999999899
11
86.8166080000000022
21
-78.5481470000000002
0
LINE
8
BLACK
6
CONTINUOUS
10
86.8166080000000022
20
-78.5481470000000002
11
86.8292399999999986
21
-78.5629380000000026
0
LINE
8
BLACK
6
CONTINUOUS
10
86.8292399999999986
20
-78.5629380000000026
11
86.8870189999999951
21
-78.6424639999999897
0
LINE
8
BLACK
6
CONTINUOUS
10
86.8870189999999951
20
-78.6424639999999897
11
87.0275359999999978
21
-78.7829809999999924
0
LINE
8
BLACK
6
CONTINUOUS
10
87.0275359999999978
20
-78.7829809999999924
11
87.1883059999999972
21
-78.8997870000000034
0
LINE
8
BLACK
6
CONTINUOUS
10
87.1883059999999972
20
-78.8997870000000034
11
87.275148999999999
21
-78.9440349999999995
0
LINE
8
BLACK
6
CONTINUOUS
10
87.275148999999999
20
-78.9440349999999995
11
87.365366999999992
21
-78.9900049999999965
0
LINE
8
BLACK
6
CONTINUOUS
10
87.365366999999992
20
-78.9900049999999965
11
87.3653699999999986
21
-78.9900059999999939
0
LINE
8
BLACK
6
CONTINUOUS
10
87.3653699999999986
20
-78.9900059999999939
11
87.4492970000000014
21
-79.0172749999999979
0
LINE
8
BLACK
6
CONTINUOUS
10
87.4492970000000014
20
-79.0172749999999979
11
87.5543639999999925
21
-79.0514129999999966
0
LINE
8
BLACK
6
CONTINUOUS
10
87.5543639999999925
20
-79.0514129999999966
11
87.7506389999999925
21
-79.082499999999996
0
LINE
8
BLACK
6
CONTINUOUS
10
87.7506389999999925
20
-79.082499999999996
11
87.75063999999999
21
-79.082499999999996
0
LINE
8
BLACK
6
CONTINUOUS
10
87.75063999999999
20
-79.082499999999996
11
87.9493599999999986
21
-79.082499999999996
0
LINE
8
BLACK
6
CONTINUOUS
10
87.9493599999999986
20
-79.082499999999996
11
87.9493609999999961
21
-79.082499999999996
0
LINE
8
BLACK
6
CONTINUOUS
10
87.9493609999999961
20
-79.082499999999996
11
88.1456359999999961
21
-79.0514129999999966
0
LINE
8
BLACK
6
CONTINUOUS
10
88.1456359999999961
20
-79.0514129999999966
11
88.3346319999999992
21
-78.9900049999999965
0
LINE
8
BLACK
6
CONTINUOUS
10
88.3346319999999992
20
-78.9900049999999965
11
88.5116939999999914
21
-78.8997870000000034
0
LINE
8
BLACK
6
CONTINUOUS
10
88.5116939999999914
20
-78.8997870000000034
11
88.6724639999999908
21
-78.7829809999999924
0
LINE
8
BLACK
6
CONTINUOUS
10
88.6724639999999908
20
-78.7829809999999924
11
88.8129809999999935
21
-78.6424639999999897
0
LINE
8
BLACK
6
CONTINUOUS
10
88.8129809999999935
20
-78.6424639999999897
11
88.8707619999999991
21
-78.562933000000001
0
LINE
8
BLACK
6
CONTINUOUS
10
88.8707619999999991
20
-78.562933000000001
11
88.8760389999999916
21
-78.5561749999999961
0
LINE
8
BLACK
6
CONTINUOUS
10
88.8760389999999916
20
-78.5561749999999961
11
88.8795369999999991
21
-78.5519999999999925
0
LINE
8
BLACK
6
CONTINUOUS
10
88.8795369999999991
20
-78.5519999999999925
11
88.9795919999999967
21
-78.4519469999999899
0
LINE
8
BLACK
6
CONTINUOUS
10
88.9795919999999967
20
-78.4519469999999899
11
89.0184390000000008
21
-78.3862589999999955
0
LINE
8
BLACK
6
CONTINUOUS
10
89.0184390000000008
20
-78.3862589999999955
11
89.0249620000000021
21
-78.3784769999999895
0
LINE
8
BLACK
6
CONTINUOUS
10
89.0249620000000021
20
-78.3784769999999895
11
89.0459269999999918
21
-78.3645089999999982
0
LINE
8
BLACK
6
CONTINUOUS
10
89.0459269999999918
20
-78.3645089999999982
11
89.0643369999999948
21
-78.3473209999999938
0
LINE
8
BLACK
6
CONTINUOUS
10
89.0643369999999948
20
-78.3473209999999938
11
89.074505000000002
21
-78.3454710000000034
0
LINE
8
BLACK
6
CONTINUOUS
10
89.074505000000002
20
-78.3454710000000034
11
89.0831099999999907
21
-78.3397389999999945
0
LINE
8
BLACK
6
CONTINUOUS
10
89.0831099999999907
20
-78.3397389999999945
11
89.1082990000000024
21
-78.3393239999999906
0
LINE
8
BLACK
6
CONTINUOUS
10
89.1082990000000024
20
-78.3393239999999906
11
89.1330789999999951
21
-78.334817000000001
0
LINE
8
BLACK
6
CONTINUOUS
10
89.1330789999999951
20
-78.334817000000001
11
89.142634000000001
21
-78.338758999999996
0
LINE
8
BLACK
6
CONTINUOUS
10
89.142634000000001
20
-78.338758999999996
11
89.1529699999999963
21
-78.3385889999999989
0
LINE
8
BLACK
6
CONTINUOUS
10
89.1529699999999963
20
-78.3385889999999989
11
89.1743790000000018
21
-78.351854000000003
0
LINE
8
BLACK
6
CONTINUOUS
10
89.1743790000000018
20
-78.351854000000003
11
89.1976679999999931
21
-78.3614620000000031
0
LINE
8
BLACK
6
CONTINUOUS
10
89.1976679999999931
20
-78.3614620000000031
11
89.2066909999999922
21
-78.3718750000000028
0
LINE
8
BLACK
6
CONTINUOUS
10
89.2066909999999922
20
-78.3718750000000028
11
89.2123629999999963
21
-78.3753899999999959
0
LINE
8
BLACK
6
CONTINUOUS
10
89.2123629999999963
20
-78.3753899999999959
11
89.2155750000000012
21
-78.3821279999999945
0
LINE
8
BLACK
6
CONTINUOUS
10
89.2155750000000012
20
-78.3821279999999945
11
89.2267310000000009
21
-78.3950030000000027
0
LINE
8
BLACK
6
CONTINUOUS
10
89.2267310000000009
20
-78.3950030000000027
11
89.2429269999999946
21
-78.4223889999999955
0
LINE
8
BLACK
6
CONTINUOUS
10
89.2429269999999946
20
-78.4223889999999955
11
89.2604049999999916
21
-78.451943
0
LINE
8
BLACK
6
CONTINUOUS
10
89.2604049999999916
20
-78.451943
11
89.2604079999999982
21
-78.4519469999999899
0
LINE
8
BLACK
6
CONTINUOUS
10
89.2604079999999982
20
-78.4519469999999899
11
89.3566079999999943
21
-78.5481470000000002
0
LINE
8
BLACK
6
CONTINUOUS
10
89.3566079999999943
20
-78.5481470000000002
11
89.3692399999999907
21
-78.5629380000000026
0
LINE
8
BLACK
6
CONTINUOUS
10
89.3692399999999907
20
-78.5629380000000026
11
89.4270190000000014
21
-78.6424639999999897
0
LINE
8
BLACK
6
CONTINUOUS
10
89.4270190000000014
20
-78.6424639999999897
11
89.5675359999999898
21
-78.7829809999999924
0
LINE
8
BLACK
6
CONTINUOUS
10
89.5675359999999898
20
-78.7829809999999924
11
89.7283059999999892
21
-78.8997870000000034
0
LINE
8
BLACK
6
CONTINUOUS
10
89.7283059999999892
20
-78.8997870000000034
11
89.815148999999991
21
-78.9440349999999995
0
LINE
8
BLACK
6
CONTINUOUS
10
89.815148999999991
20
-78.9440349999999995
11
89.9053669999999983
21
-78.9900049999999965
0
LINE
8
BLACK
6
CONTINUOUS
10
89.9053669999999983
20
-78.9900049999999965
11
89.9053699999999907
21
-78.9900059999999939
0
LINE
8
BLACK
6
CONTINUOUS
10
89.9053699999999907
20
-78.9900059999999939
11
89.9892969999999934
21
-79.0172749999999979
0
LINE
8
BLACK
6
CONTINUOUS
10
89.9892969999999934
20
-79.0172749999999979
11
90.0943639999999988
21
-79.0514129999999966
0
LINE
8
BLACK
6
CONTINUOUS
10
90.0943639999999988
20
-79.0514129999999966
11
90.2906389999999988
21
-79.082499999999996
0
LINE
8
BLACK
6
CONTINUOUS
10
90.2906389999999988
20
-79.082499999999996
11
90.2906399999999962
21
-79.082499999999996
0
LINE
8
BLACK
6
CONTINUOUS
10
90.2906399999999962
20
-79.082499999999996
11
90.4893599999999907
21
-79.082499999999996
0
LINE
8
BLACK
6
CONTINUOUS
10
90.4893599999999907
20
-79.082499999999996
11
90.4893610000000024
21
-79.082499999999996
0
LINE
8
BLACK
6
CONTINUOUS
10
90.4893610000000024
20
-79.082499999999996
11
90.6856360000000024
21
-79.0514129999999966
0
LINE
8
BLACK
6
CONTINUOUS
10
90.6856360000000024
20
-79.0514129999999966
11
90.8746319999999912
21
-78.9900049999999965
0
LINE
8
BLACK
6
CONTINUOUS
10
90.8746319999999912
20
-78.9900049999999965
11
91.0516939999999977
21
-78.8997870000000034
0
LINE
8
BLACK
6
CONTINUOUS
10
91.0516939999999977
20
-78.8997870000000034
11
91.2124639999999971
21
-78.7829809999999924
0
LINE
8
BLACK
6
CONTINUOUS
10
91.2124639999999971
20
-78.7829809999999924
11
91.3529809999999998
21
-78.6424639999999897
0
LINE
8
BLACK
6
CONTINUOUS
10
91.3529809999999998
20
-78.6424639999999897
11
91.4107619999999912
21
-78.562933000000001
0
LINE
8
BLACK
6
CONTINUOUS
10
91.4107619999999912
20
-78.562933000000001
11
91.4160389999999978
21
-78.5561749999999961
0
LINE
8
BLACK
6
CONTINUOUS
10
91.4160389999999978
20
-78.5561749999999961
11
91.4195369999999912
21
-78.5519999999999925
0
LINE
8
BLACK
6
CONTINUOUS
10
91.4195369999999912
20
-78.5519999999999925
11
91.5195920000000029
21
-78.4519469999999899
0
LINE
8
BLACK
6
CONTINUOUS
10
91.5195920000000029
20
-78.4519469999999899
11
91.5584389999999928
21
-78.3862589999999955
0
LINE
8
BLACK
6
CONTINUOUS
10
91.5584389999999928
20
-78.3862589999999955
11
91.5649619999999942
21
-78.3784769999999895
0
LINE
8
BLACK
6
CONTINUOUS
10
91.5649619999999942
20
-78.3784769999999895
11
91.5859269999999981
21
-78.3645089999999982
0
LINE
8
BLACK
6
CONTINUOUS
10
91.5859269999999981
20
-78.3645089999999982
11
91.604337000000001
21
-78.3473209999999938
0
LINE
8
BLACK
6
CONTINUOUS
10
91.604337000000001
20
-78.3473209999999938
11
91.6145049999999941
21
-78.3454710000000034
0
LINE
8
BLACK
6
CONTINUOUS
10
91.6145049999999941
20
-78.3454710000000034
11
91.6231099999999969
21
-78.3397389999999945
0
LINE
8
BLACK
6
CONTINUOUS
10
91.6231099999999969
20
-78.3397389999999945
11
91.6482989999999944
21
-78.3393239999999906
0
LINE
8
BLACK
6
CONTINUOUS
10
91.6482989999999944
20
-78.3393239999999906
11
91.6730790000000013
21
-78.334817000000001
0
LINE
8
BLACK
6
CONTINUOUS
10
91.6730790000000013
20
-78.334817000000001
11
91.6826339999999931
21
-78.338758999999996
0
LINE
8
BLACK
6
CONTINUOUS
10
91.6826339999999931
20
-78.338758999999996
11
91.6929700000000025
21
-78.3385889999999989
0
LINE
8
BLACK
6
CONTINUOUS
10
91.6929700000000025
20
-78.3385889999999989
11
91.7143789999999939
21
-78.351854000000003
0
LINE
8
BLACK
6
CONTINUOUS
10
91.7143789999999939
20
-78.351854000000003
11
91.7376679999999993
21
-78.3614620000000031
0
LINE
8
BLACK
6
CONTINUOUS
10
91.7376679999999993
20
-78.3614620000000031
11
91.7466909999999984
21
-78.3718750000000028
0
LINE
8
BLACK
6
CONTINUOUS
10
91.7466909999999984
20
-78.3718750000000028
11
91.7523630000000026
21
-78.3753899999999959
0
LINE
8
BLACK
6
CONTINUOUS
10
91.7523630000000026
20
-78.3753899999999959
11
91.7555749999999932
21
-78.3821279999999945
0
LINE
8
BLACK
6
CONTINUOUS
10
91.7555749999999932
20
-78.3821279999999945
11
91.7667309999999929
21
-78.3950030000000027
0
LINE
8
BLACK
6
CONTINUOUS
10
91.7667309999999929
20
-78.3950030000000027
11
91.7829270000000008
21
-78.4223889999999955
0
LINE
8
BLACK
6
CONTINUOUS
10
91.7829270000000008
20
-78.4223889999999955
11
91.8004049999999978
21
-78.451943
0
LINE
8
BLACK
6
CONTINUOUS
10
91.8004049999999978
20
-78.451943
11
91.8004079999999902
21
-78.4519469999999899
0
LINE
8
BLACK
6
CONTINUOUS
10
91.8004079999999902
20
-78.4519469999999899
11
91.8966080000000005
21
-78.5481470000000002
0
LINE
8
BLACK
6
CONTINUOUS
10
91.8966080000000005
20
-78.5481470000000002
11
91.9092399999999969
21
-78.5629380000000026
0
LINE
8
BLACK
6
CONTINUOUS
10
91.9092399999999969
20
-78.5629380000000026
11
91.9670189999999934
21
-78.6424639999999897
0
LINE
8
BLACK
6
CONTINUOUS
10
91.9670189999999934
20
-78.6424639999999897
11
92.1075359999999961
21
-78.7829809999999924
0
LINE
8
BLACK
6
CONTINUOUS
10
92.1075359999999961
20
-78.7829809999999924
11
92.2683059999999955
21
-78.8997870000000034
0
LINE
8
BLACK
6
CONTINUOUS
10
92.2683059999999955
20
-78.8997870000000034
11
92.3551489999999973
21
-78.9440349999999995
0
LINE
8
BLACK
6
CONTINUOUS
10
92.3551489999999973
20
-78.9440349999999995
11
92.4453669999999903
21
-78.9900049999999965
0
LINE
8
BLACK
6
CONTINUOUS
10
92.4453669999999903
20
-78.9900049999999965
11
92.4453699999999969
21
-78.9900059999999939
0
LINE
8
BLACK
6
CONTINUOUS
10
92.4453699999999969
20
-78.9900059999999939
11
92.5292969999999997
21
-79.0172749999999979
0
LINE
8
BLACK
6
CONTINUOUS
10
92.5292969999999997
20
-79.0172749999999979
11
92.6343639999999908
21
-79.0514129999999966
0
LINE
8
BLACK
6
CONTINUOUS
10
92.6343639999999908
20
-79.0514129999999966
11
92.8306389999999908
21
-79.082499999999996
0
LINE
8
BLACK
6
CONTINUOUS
10
92.8306389999999908
20
-79.082499999999996
11
92.8306400000000025
21
-79.082499999999996
0
LINE
8
BLACK
6
CONTINUOUS
10
92.8306400000000025
20
-79.082499999999996
11
93.0293599999999969
21
-79.082499999999996
0
LINE
8
BLACK
6
CONTINUOUS
10
93.0293599999999969
20
-79.082499999999996
11
93.0293609999999944
21
-79.082499999999996
0
LINE
8
BLACK
6
CONTINUOUS
10
93.0293609999999944
20
-79.082499999999996
11
93.2256359999999944
21
-79.0514129999999966
0
LINE
8
BLACK
6
CONTINUOUS
10
93.2256359999999944
20
-79.0514129999999966
11
93.4146319999999974
21
-78.9900049999999965
0
LINE
8
BLACK
6
CONTINUOUS
10
93.4146319999999974
20
-78.9900049999999965
11
93.5916939999999897
21
-78.8997870000000034
0
LINE
8
BLACK
6
CONTINUOUS
10
93.5916939999999897
20
-78.8997870000000034
11
93.7524639999999891
21
-78.7829809999999924
0
LINE
8
BLACK
6
CONTINUOUS
10
93.7524639999999891
20
-78.7829809999999924
11
93.8929809999999918
21
-78.6424639999999897
0
LINE
8
BLACK
6
CONTINUOUS
10
93.8929809999999918
20
-78.6424639999999897
11
93.9507619999999974
21
-78.562933000000001
0
LINE
8
BLACK
6
CONTINUOUS
10
93.9507619999999974
20
-78.562933000000001
11
93.9560389999999899
21
-78.5561749999999961
0
LINE
8
BLACK
6
CONTINUOUS
10
93.9560389999999899
20
-78.5561749999999961
11
93.9595369999999974
21
-78.5519999999999925
0
LINE
8
BLACK
6
CONTINUOUS
10
93.9595369999999974
20
-78.5519999999999925
11
94.059591999999995
21
-78.4519469999999899
0
LINE
8
BLACK
6
CONTINUOUS
10
94.059591999999995
20
-78.4519469999999899
11
94.0984389999999991
21
-78.3862589999999955
0
LINE
8
BLACK
6
CONTINUOUS
10
94.0984389999999991
20
-78.3862589999999955
11
94.1049620000000004
21
-78.3784769999999895
0
LINE
8
BLACK
6
CONTINUOUS
10
94.1049620000000004
20
-78.3784769999999895
11
94.1259269999999901
21
-78.3645089999999982
0
LINE
8
BLACK
6
CONTINUOUS
10
94.1259269999999901
20
-78.3645089999999982
11
94.1443369999999931
21
-78.3473209999999938
0
LINE
8
BLACK
6
CONTINUOUS
10
94.1443369999999931
20
-78.3473209999999938
11
94.1545050000000003
21
-78.3454710000000034
0
LINE
8
BLACK
6
CONTINUOUS
10
94.1545050000000003
20
-78.3454710000000034
11
94.163109999999989
21
-78.3397389999999945
0
LINE
8
BLACK
6
CONTINUOUS
10
94.163109999999989
20
-78.3397389999999945
11
94.1882990000000007
21
-78.3393239999999906
0
LINE
8
BLACK
6
CONTINUOUS
10
94.1882990000000007
20
-78.3393239999999906
11
94.2130789999999934
21
-78.334817000000001
0
LINE
8
BLACK
6
CONTINUOUS
10
94.2130789999999934
20
-78.334817000000001
11
94.2226339999999993
21
-78.338758999999996
0
LINE
8
BLACK
6
CONTINUOUS
10
94.2226339999999993
20
-78.338758999999996
11
94.2329699999999946
21
-78.3385889999999989
0
LINE
8
BLACK
6
CONTINUOUS
10
94.2329699999999946
20
-78.3385889999999989
11
94.2543790000000001
21
-78.351854000000003
0
LINE
8
BLACK
6
CONTINUOUS
10
94.2543790000000001
20
-78.351854000000003
11
94.2776679999999914
21
-78.3614620000000031
0
LINE
8
BLACK
6
CONTINUOUS
10
94.2776679999999914
20
-78.3614620000000031
11
94.2866909999999905
21
-78.3718750000000028
0
LINE
8
BLACK
6
CONTINUOUS
10
94.2866909999999905
20
-78.3718750000000028
11
94.2923629999999946
21
-78.3753899999999959
0
LINE
8
BLACK
6
CONTINUOUS
10
94.2923629999999946
20
-78.3753899999999959
11
94.2955749999999995
21
-78.3821279999999945
0
LINE
8
BLACK
6
CONTINUOUS
10
94.2955749999999995
20
-78.3821279999999945
11
94.3067309999999992
21
-78.3950030000000027
0
LINE
8
BLACK
6
CONTINUOUS
10
94.3067309999999992
20
-78.3950030000000027
11
94.3229269999999929
21
-78.4223889999999955
0
LINE
8
BLACK
6
CONTINUOUS
10
94.3229269999999929
20
-78.4223889999999955
11
94.3404049999999899
21
-78.451943
0
LINE
8
BLACK
6
CONTINUOUS
10
94.3404049999999899
20
-78.451943
11
94.3404079999999965
21
-78.4519469999999899
0
LINE
8
BLACK
6
CONTINUOUS
10
94.3404079999999965
20
-78.4519469999999899
11
94.4366079999999926
21
-78.5481470000000002
0
LINE
8
BLACK
6
CONTINUOUS
10
94.4366079999999926
20
-78.5481470000000002
11
94.449239999999989
21
-78.5629380000000026
0
LINE
8
BLACK
6
CONTINUOUS
10
94.449239999999989
20
-78.5629380000000026
11
94.5070189999999997
21
-78.6424639999999897
0
LINE
8
BLACK
6
CONTINUOUS
10
94.5070189999999997
20
-78.6424639999999897
11
94.6475360000000023
21
-78.7829809999999924
0
LINE
8
BLACK
6
CONTINUOUS
10
94.6475360000000023
20
-78.7829809999999924
11
94.8083060000000017
21
-78.8997870000000034
0
LINE
8
BLACK
6
CONTINUOUS
10
94.8083060000000017
20
-78.8997870000000034
11
94.8951489999999893
21
-78.9440349999999995
0
LINE
8
BLACK
6
CONTINUOUS
10
94.8951489999999893
20
-78.9440349999999995
11
94.9853669999999966
21
-78.9900049999999965
0
LINE
8
BLACK
6
CONTINUOUS
10
94.9853669999999966
20
-78.9900049999999965
11
94.985369999999989
21
-78.9900059999999939
0
LINE
8
BLACK
6
CONTINUOUS
10
94.985369999999989
20
-78.9900059999999939
11
95.0692969999999917
21
-79.0172749999999979
0
LINE
8
BLACK
6
CONTINUOUS
10
95.0692969999999917
20
-79.0172749999999979
11
95.1743639999999971
21
-79.0514129999999966
0
LINE
8
BLACK
6
CONTINUOUS
10
95.1743639999999971
20
-79.0514129999999966
11
95.3706389999999971
21
-79.082499999999996
0
LINE
8
BLACK
6
CONTINUOUS
10
95.3706389999999971
20
-79.082499999999996
11
95.3706399999999945
21
-79.082499999999996
0
LINE
8
BLACK
6
CONTINUOUS
10
95.3706399999999945
20
-79.082499999999996
11
95.569359999999989
21
-79.082499999999996
0
LINE
8
BLACK
6
CONTINUOUS
10
95.569359999999989
20
-79.082499999999996
11
95.5693610000000007
21
-79.082499999999996
0
LINE
8
BLACK
6
CONTINUOUS
10
95.5693610000000007
20
-79.082499999999996
11
95.7656360000000006
21
-79.0514129999999966
0
LINE
8
BLACK
6
CONTINUOUS
10
95.7656360000000006
20
-79.0514129999999966
11
95.9546319999999895
21
-78.9900049999999965
0
LINE
8
BLACK
6
CONTINUOUS
10
95.9546319999999895
20
-78.9900049999999965
11
96.131693999999996
21
-78.8997870000000034
0
LINE
8
BLACK
6
CONTINUOUS
10
96.131693999999996
20
-78.8997870000000034
11
96.2924639999999954
21
-78.7829809999999924
0
LINE
8
BLACK
6
CONTINUOUS
10
96.2924639999999954
20
-78.7829809999999924
11
96.4329809999999981
21
-78.6424639999999897
0
LINE
8
BLACK
6
CONTINUOUS
10
96.4329809999999981
20
-78.6424639999999897
11
96.4907619999999895
21
-78.562933000000001
0
LINE
8
BLACK
6
CONTINUOUS
10
96.4907619999999895
20
-78.562933000000001
11
96.4960389999999961
21
-78.5561749999999961
0
LINE
8
BLACK
6
CONTINUOUS
10
96.4960389999999961
20
-78.5561749999999961
11
96.4995369999999895
21
-78.5519999999999925
0
LINE
8
BLACK
6
CONTINUOUS
10
96.4995369999999895
20
-78.5519999999999925
11
96.5995920000000012
21
-78.4519469999999899
0
LINE
8
BLACK
6
CONTINUOUS
10
96.5995920000000012
20
-78.4519469999999899
11
96.6384389999999911
21
-78.3862589999999955
0
LINE
8
BLACK
6
CONTINUOUS
10
96.6384389999999911
20
-78.3862589999999955
11
96.6449619999999925
21
-78.3784769999999895
0
LINE
8
BLACK
6
CONTINUOUS
10
96.6449619999999925
20
-78.3784769999999895
11
96.6659269999999964
21
-78.3645089999999982
0
LINE
8
BLACK
6
CONTINUOUS
10
96.6659269999999964
20
-78.3645089999999982
11
96.6843369999999993
21
-78.3473209999999938
0
LINE
8
BLACK
6
CONTINUOUS
10
96.6843369999999993
20
-78.3473209999999938
11
96.6945049999999924
21
-78.3454710000000034
0
LINE
8
BLACK
6
CONTINUOUS
10
96.6945049999999924
20
-78.3454710000000034
11
96.7031099999999952
21
-78.3397389999999945
0
LINE
8
BLACK
6
CONTINUOUS
10
96.7031099999999952
20
-78.3397389999999945
11
96.7282989999999927
21
-78.3393239999999906
0
LINE
8
BLACK
6
CONTINUOUS
10
96.7282989999999927
20
-78.3393239999999906
11
96.7530789999999996
21
-78.334817000000001
0
LINE
8
BLACK
6
CONTINUOUS
10
96.7530789999999996
20
-78.334817000000001
11
96.7626339999999914
21
-78.338758999999996
0
LINE
8
BLACK
6
CONTINUOUS
10
96.7626339999999914
20
-78.338758999999996
11
96.7729700000000008
21
-78.3385889999999989
0
LINE
8
BLACK
6
CONTINUOUS
10
96.7729700000000008
20
-78.3385889999999989
11
96.7943789999999922
21
-78.351854000000003
0
LINE
8
BLACK
6
CONTINUOUS
10
96.7943789999999922
20
-78.351854000000003
11
96.8176679999999976
21
-78.3614620000000031
0
LINE
8
BLACK
6
CONTINUOUS
10
96.8176679999999976
20
-78.3614620000000031
11
96.8266909999999967
21
-78.3718750000000028
0
LINE
8
BLACK
6
CONTINUOUS
10
96.8266909999999967
20
-78.3718750000000028
11
96.8323630000000009
21
-78.3753899999999959
0
LINE
8
BLACK
6
CONTINUOUS
10
96.8323630000000009
20
-78.3753899999999959
11
96.8355749999999915
21
-78.3821279999999945
0
LINE
8
BLACK
6
CONTINUOUS
10
96.8355749999999915
20
-78.3821279999999945
11
96.8467309999999912
21
-78.3950030000000027
0
LINE
8
BLACK
6
CONTINUOUS
10
96.8467309999999912
20
-78.3950030000000027
11
96.8629269999999991
21
-78.4223889999999955
0
LINE
8
BLACK
6
CONTINUOUS
10
96.8629269999999991
20
-78.4223889999999955
11
96.8804049999999961
21
-78.451943
0
LINE
8
BLACK
6
CONTINUOUS
10
96.8804049999999961
20
-78.451943
11
96.8804079999999885
21
-78.4519469999999899
0
LINE
8
BLACK
6
CONTINUOUS
10
96.8804079999999885
20
-78.4519469999999899
11
96.9766079999999988
21
-78.5481470000000002
0
LINE
8
BLACK
6
CONTINUOUS
10
96.9766079999999988
20
-78.5481470000000002
11
96.9892399999999952
21
-78.5629380000000026
0
LINE
8
BLACK
6
CONTINUOUS
10
96.9892399999999952
20
-78.5629380000000026
11
97.0470189999999917
21
-78.6424639999999897
0
LINE
8
BLACK
6
CONTINUOUS
10
97.0470189999999917
20
-78.6424639999999897
11
97.1875359999999944
21
-78.7829809999999924
0
LINE
8
BLACK
6
CONTINUOUS
10
97.1875359999999944
20
-78.7829809999999924
11
97.3483059999999938
21
-78.8997870000000034
0
LINE
8
BLACK
6
CONTINUOUS
10
97.3483059999999938
20
-78.8997870000000034
11
97.4351489999999956
21
-78.9440349999999995
0
LINE
8
BLACK
6
CONTINUOUS
10
97.4351489999999956
20
-78.9440349999999995
11
97.5253669999999886
21
-78.9900049999999965
0
LINE
8
BLACK
6
CONTINUOUS
10
97.5253669999999886
20
-78.9900049999999965
11
97.5253699999999952
21
-78.9900059999999939
0
LINE
8
BLACK
6
CONTINUOUS
10
97.5253699999999952
20
-78.9900059999999939
11
97.609296999999998
21
-79.0172749999999979
0
LINE
8
BLACK
6
CONTINUOUS
10
97.609296999999998
20
-79.0172749999999979
11
97.7143639999999891
21
-79.0514129999999966
0
LINE
8
BLACK
6
CONTINUOUS
10
97.7143639999999891
20
-79.0514129999999966
11
97.9106389999999891
21
-79.082499999999996
0
LINE
8
BLACK
6
CONTINUOUS
10
97.9106389999999891
20
-79.082499999999996
11
97.9106400000000008
21
-79.082499999999996
0
LINE
8
BLACK
6
CONTINUOUS
10
97.9106400000000008
20
-79.082499999999996
11
98.1093599999999952
21
-79.082499999999996
0
LINE
8
BLACK
6
CONTINUOUS
10
98.1093599999999952
20
-79.082499999999996
11
98.1093609999999927
21
-79.082499999999996
0
LINE
8
BLACK
6
CONTINUOUS
10
98.1093609999999927
20
-79.082499999999996
11
98.3056359999999927
21
-79.0514129999999966
0
LINE
8
BLACK
6
CONTINUOUS
10
98.3056359999999927
20
-79.0514129999999966
11
98.4946319999999957
21
-78.9900049999999965
0
LINE
8
BLACK
6
CONTINUOUS
10
98.4946319999999957
20
-78.9900049999999965
11
98.6716940000000022
21
-78.8997870000000034
0
LINE
8
BLACK
6
CONTINUOUS
10
98.6716940000000022
20
-78.8997870000000034
11
98.8324640000000016
21
-78.7829809999999924
0
LINE
8
BLACK
6
CONTINUOUS
10
98.8324640000000016
20
-78.7829809999999924
11
98.9729809999999901
21
-78.6424639999999897
0
LINE
8
BLACK
6
CONTINUOUS
10
98.9729809999999901
20
-78.6424639999999897
11
99.0307619999999957
21
-78.562933000000001
0
LINE
8
BLACK
6
CONTINUOUS
10
99.0307619999999957
20
-78.562933000000001
11
99.0360390000000024
21
-78.5561749999999961
0
LINE
8
BLACK
6
CONTINUOUS
10
99.0360390000000024
20
-78.5561749999999961
11
99.0395369999999957
21
-78.5519999999999925
0
LINE
8
BLACK
6
CONTINUOUS
10
99.0395369999999957
20
-78.5519999999999925
11
99.1395919999999933
21
-78.4519469999999899
0
LINE
8
BLACK
6
CONTINUOUS
10
99.1395919999999933
20
-78.4519469999999899
11
99.1784389999999973
21
-78.3862589999999955
0
LINE
8
BLACK
6
CONTINUOUS
10
99.1784389999999973
20
-78.3862589999999955
11
99.1849619999999987
21
-78.3784769999999895
0
LINE
8
BLACK
6
CONTINUOUS
10
99.1849619999999987
20
-78.3784769999999895
11
99.2059269999999884
21
-78.3645089999999982
0
LINE
8
BLACK
6
CONTINUOUS
10
99.2059269999999884
20
-78.3645089999999982
11
99.2243369999999913
21
-78.3473209999999938
0
LINE
8
BLACK
6
CONTINUOUS
10
99.2243369999999913
20
-78.3473209999999938
11
99.2345049999999986
21
-78.3454710000000034
0
LINE
8
BLACK
6
CONTINUOUS
10
99.2345049999999986
20
-78.3454710000000034
11
99.2431100000000015
21
-78.3397389999999945
0
LINE
8
BLACK
6
CONTINUOUS
10
99.2431100000000015
20
-78.3397389999999945
11
99.268298999999999
21
-78.3393239999999906
0
LINE
8
BLACK
6
CONTINUOUS
10
99.268298999999999
20
-78.3393239999999906
11
99.2930789999999917
21
-78.334817000000001
0
LINE
8
BLACK
6
CONTINUOUS
10
99.2930789999999917
20
-78.334817000000001
11
99.3026339999999976
21
-78.338758999999996
0
LINE
8
BLACK
6
CONTINUOUS
10
99.3026339999999976
20
-78.338758999999996
11
99.3129699999999929
21
-78.3385889999999989
0
LINE
8
BLACK
6
CONTINUOUS
10
99.3129699999999929
20
-78.3385889999999989
11
99.3343789999999984
21
-78.351854000000003
0
LINE
8
BLACK
6
CONTINUOUS
10
99.3343789999999984
20
-78.351854000000003
11
99.3576679999999897
21
-78.3614620000000031
0
LINE
8
BLACK
6
CONTINUOUS
10
99.3576679999999897
20
-78.3614620000000031
11
99.3666909999999888
21
-78.3718750000000028
0
LINE
8
BLACK
6
CONTINUOUS
10
99.3666909999999888
20
-78.3718750000000028
11
99.3723629999999929
21
-78.3753899999999959
0
LINE
8
BLACK
6
CONTINUOUS
10
99.3723629999999929
20
-78.3753899999999959
11
99.3755749999999978
21
-78.3821279999999945
0
LINE
8
BLACK
6
CONTINUOUS
10
99.3755749999999978
20
-78.3821279999999945
11
99.3867309999999975
21
-78.3950030000000027
0
LINE
8
BLACK
6
CONTINUOUS
10
99.3867309999999975
20
-78.3950030000000027
11
99.4029269999999912
21
-78.4223889999999955
0
LINE
8
BLACK
6
CONTINUOUS
10
99.4029269999999912
20
-78.4223889999999955
11
99.4204050000000024
21
-78.451943
0
LINE
8
BLACK
6
CONTINUOUS
10
99.4204050000000024
20
-78.451943
11
99.4204079999999948
21
-78.4519469999999899
0
LINE
8
BLACK
6
CONTINUOUS
10
99.4204079999999948
20
-78.4519469999999899
11
99.5166079999999909
21
-78.5481470000000002
0
LINE
8
BLACK
6
CONTINUOUS
10
99.5166079999999909
20
-78.5481470000000002
11
99.5292400000000015
21
-78.5629380000000026
0
LINE
8
BLACK
6
CONTINUOUS
10
99.5292400000000015
20
-78.5629380000000026
11
99.587018999999998
21
-78.6424639999999897
0
LINE
8
BLACK
6
CONTINUOUS
10
99.587018999999998
20
-78.6424639999999897
11
99.7275360000000006
21
-78.7829809999999924
0
LINE
8
BLACK
6
CONTINUOUS
10
99.7275360000000006
20
-78.7829809999999924
11
99.888306
21
-78.8997870000000034
0
LINE
8
BLACK
6
CONTINUOUS
10
99.888306
20
-78.8997870000000034
11
99.8916269999999997
21
-78.9014789999999948
0
LINE
8
BLACK
6
CONTINUOUS
10
99.8916269999999997
20
-78.9014789999999948
11
99.9424229999999909
21
-78.9494540000000029
0
LINE
8
BLACK
6
CONTINUOUS
10
99.9424229999999909
20
-78.9494540000000029
11
99.9592179999999928
21
-79.0172749999999979
0
LINE
8
BLACK
6
CONTINUOUS
10
99.9592179999999928
20
-79.0172749999999979
11
99.936680999999993
21
-79.0834100000000007
0
LINE
8
BLACK
6
CONTINUOUS
10
99.936680999999993
20
-79.0834100000000007
11
99.9230129999999974
21
-79.0996449999999953
0
LINE
8
BLACK
6
CONTINUOUS
10
99.9230129999999974
20
-79.0996449999999953
11
97.1994789999999966
21
-81.8231809999999911
0
LINE
8
BLACK
6
CONTINUOUS
10
97.1994789999999966
20
-81.8231809999999911
11
97.1381559999999951
21
-81.8566659999999899
0
LINE
8
BLACK
6
CONTINUOUS
10
97.1381559999999951
20
-81.8566659999999899
11
97.1117979999999932
21
-81.859499999999997
0
LINE
8
BLACK
6
CONTINUOUS
10
97.1117979999999932
20
-81.859499999999997
11
76.2244999999999919
21
-81.859499999999997
0
LINE
8
BLACK
6
CONTINUOUS
10
76.2244999999999919
20
-81.859499999999997
11
76.1574609999999979
21
-81.8398150000000015
0
LINE
8
BLACK
6
CONTINUOUS
10
76.1574609999999979
20
-81.8398150000000015
11
76.1117059999999981
21
-81.7870109999999926
0
LINE
8
BLACK
6
CONTINUOUS
10
76.1117059999999981
20
-81.7870109999999926
11
76.1004999999999967
21
-81.7355000000000018
0
LINE
8
BLACK
6
CONTINUOUS
10
76.1004999999999967
20
-81.7355000000000018
11
76.1004999999999967
21
-55.7564419999999998
0
LINE
8
BLACK
6
CONTINUOUS
10
76.1004999999999967
20
-55.7564419999999998
11
76.1201849999999922
21
-55.6894029999999987
0
LINE
8
BLACK
6
CONTINUOUS
10
76.1201849999999922
20
-55.6894029999999987
11
76.1368140000000011
21
-55.668765999999998
0
LINE
8
BLACK
6
CONTINUOUS
10
76.1368140000000011
20
-55.668765999999998
11
79.3297639999999973
21
-52.4758159999999947
0
LINE
8
BLACK
6
CONTINUOUS
10
79.3297639999999973
20
-52.4758159999999947
11
79.3910839999999922
21
-52.4423329999999979
0
LINE
8
BLACK
6
CONTINUOUS
10
79.3910839999999922
20
-52.4423329999999979
11
79.4607759999999956
21
-52.4473169999999982
0
LINE
8
BLACK
6
CONTINUOUS
10
79.4607759999999956
20
-52.4473169999999982
11
79.5167089999999916
21
-52.4891889999999961
0
LINE
8
BLACK
6
CONTINUOUS
10
79.5167089999999916
20
-52.4891889999999961
11
79.5411259999999913
21
-52.5546529999999947
0
LINE
8
BLACK
6
CONTINUOUS
10
79.5411259999999913
20
-52.5546529999999947
11
79.5372169999999983
21
-52.5955919999999963
0
LINE
8
BLACK
6
CONTINUOUS
10
79.5372169999999983
20
-52.5955919999999963
11
79.4803059999999988
21
-52.8079869999999971
0
LINE
8
BLACK
6
CONTINUOUS
10
79.4803059999999988
20
-52.8079869999999971
11
79.4495009999999979
21
-53.0419789999999978
0
LINE
8
BLACK
6
CONTINUOUS
10
79.4495009999999979
20
-53.0419789999999978
11
79.4495000000000005
21
-53.041995
0
LINE
8
BLACK
6
CONTINUOUS
10
79.4495000000000005
20
-53.041995
11
79.4495000000000005
21
-53.2780039999999957
0
LINE
8
BLACK
6
CONTINUOUS
10
79.4495000000000005
20
-53.2780039999999957
11
79.4495009999999979
21
-53.2780199999999979
0
LINE
8
BLACK
6
CONTINUOUS
10
79.4495009999999979
20
-53.2780199999999979
11
79.4802999999999997
21
-53.511966000000001
0
LINE
8
BLACK
6
CONTINUOUS
10
79.4802999999999997
20
-53.511966000000001
11
79.4803069999999963
21
-53.5120140000000006
0
LINE
8
BLACK
6
CONTINUOUS
10
79.4803069999999963
20
-53.5120140000000006
11
79.5180160000000029
21
-53.6527449999999959
0
LINE
8
BLACK
6
CONTINUOUS
10
79.5180160000000029
20
-53.6527449999999959
11
79.5413939999999968
21
-53.7399929999999983
0
LINE
8
BLACK
6
CONTINUOUS
10
79.5413939999999968
20
-53.7399929999999983
11
79.6317140000000023
21
-53.9580449999999985
0
LINE
8
BLACK
6
CONTINUOUS
10
79.6317140000000023
20
-53.9580449999999985
11
79.6317189999999897
21
-53.9580559999999991
0
LINE
8
BLACK
6
CONTINUOUS
10
79.6317189999999897
20
-53.9580559999999991
11
79.659047000000001
21
-54.0053879999999964
0
LINE
8
BLACK
6
CONTINUOUS
10
79.659047000000001
20
-54.0053879999999964
11
79.7497269999999929
21
-54.1624499999999998
0
LINE
8
BLACK
6
CONTINUOUS
10
79.7497269999999929
20
-54.1624499999999998
11
79.7497290000000021
21
-54.1624529999999993
0
LINE
8
BLACK
6
CONTINUOUS
10
79.7497290000000021
20
-54.1624529999999993
11
79.7497299999999996
21
-54.1624539999999968
0
LINE
8
BLACK
6
CONTINUOUS
10
79.7497299999999996
20
-54.1624539999999968
11
79.8934059999999988
21
-54.349696999999999
0
LINE
8
BLACK
6
CONTINUOUS
10
79.8934059999999988
20
-54.349696999999999
11
79.8934119999999979
21
-54.3497039999999956
0
LINE
8
BLACK
6
CONTINUOUS
10
79.8934119999999979
20
-54.3497039999999956
11
80.0602949999999964
21
-54.5165869999999941
0
LINE
8
BLACK
6
CONTINUOUS
10
80.0602949999999964
20
-54.5165869999999941
11
80.060301999999993
21
-54.5165930000000003
0
LINE
8
BLACK
6
CONTINUOUS
10
80.060301999999993
20
-54.5165930000000003
11
80.1703059999999965
21
-54.6010009999999966
0
LINE
8
BLACK
6
CONTINUOUS
10
80.1703059999999965
20
-54.6010009999999966
11
80.2475499999999897
21
-54.6602729999999966
0
LINE
8
BLACK
6
CONTINUOUS
10
80.2475499999999897
20
-54.6602729999999966
11
80.3789179999999988
21
-54.7361179999999976
0
LINE
8
BLACK
6
CONTINUOUS
10
80.3789179999999988
20
-54.7361179999999976
11
80.451943
21
-54.7782799999999952
0
LINE
8
BLACK
6
CONTINUOUS
10
80.451943
20
-54.7782799999999952
11
80.4519480000000016
21
-54.7782819999999973
0
LINE
8
BLACK
6
CONTINUOUS
10
80.4519480000000016
20
-54.7782819999999973
11
80.451950999999994
21
-54.7782839999999993
0
LINE
8
BLACK
6
CONTINUOUS
10
80.451950999999994
20
-54.7782839999999993
11
80.6700069999999982
21
-54.8686059999999998
0
LINE
8
BLACK
6
CONTINUOUS
10
80.6700069999999982
20
-54.8686059999999998
11
80.8979860000000031
21
-54.9296930000000003
0
LINE
8
BLACK
6
CONTINUOUS
10
80.8979860000000031
20
-54.9296930000000003
11
81.1319889999999901
21
-54.9604999999999961
0
LINE
8
BLACK
6
CONTINUOUS
10
81.1319889999999901
20
-54.9604999999999961
11
81.1319960000000009
21
-54.9604999999999961
0
LINE
8
BLACK
6
CONTINUOUS
10
81.1319960000000009
20
-54.9604999999999961
11
81.3680039999999991
21
-54.9604999999999961
0
LINE
8
BLACK
6
CONTINUOUS
10
81.3680039999999991
20
-54.9604999999999961
11
81.3680109999999956
21
-54.9604999999999961
0
LINE
8
BLACK
6
CONTINUOUS
10
81.3680109999999956
20
-54.9604999999999961
11
81.6020139999999969
21
-54.9296930000000003
0
LINE
8
BLACK
6
CONTINUOUS
10
81.6020139999999969
20
-54.9296930000000003
11
81.8299930000000018
21
-54.8686059999999998
0
LINE
8
BLACK
6
CONTINUOUS
10
81.8299930000000018
20
-54.8686059999999998
11
82.0480489999999918
21
-54.7782839999999993
0
LINE
8
BLACK
6
CONTINUOUS
10
82.0480489999999918
20
-54.7782839999999993
11
82.2524499999999961
21
-54.6602729999999966
0
LINE
8
BLACK
6
CONTINUOUS
10
82.2524499999999961
20
-54.6602729999999966
11
82.4396989999999903
21
-54.5165919999999957
0
LINE
8
BLACK
6
CONTINUOUS
10
82.4396989999999903
20
-54.5165919999999957
11
82.606591999999992
21
-54.3496990000000011
0
LINE
8
BLACK
6
CONTINUOUS
10
82.606591999999992
20
-54.3496990000000011
11
82.7502729999999929
21
-54.1624499999999998
0
LINE
8
BLACK
6
CONTINUOUS
10
82.7502729999999929
20
-54.1624499999999998
11
82.8682840000000027
21
-53.9580489999999955
0
LINE
8
BLACK
6
CONTINUOUS
10
82.8682840000000027
20
-53.9580489999999955
11
82.9586060000000032
21
-53.7399929999999983
0
LINE
8
BLACK
6
CONTINUOUS
10
82.9586060000000032
20
-53.7399929999999983
11
82.9607539999999943
21
-53.7319749999999985
0
LINE
8
BLACK
6
CONTINUOUS
10
82.9607539999999943
20
-53.7319749999999985
11
82.9659989999999965
21
-53.7124049999999968
0
LINE
8
BLACK
6
CONTINUOUS
10
82.9659989999999965
20
-53.7124049999999968
11
83.002364
21
-53.6527449999999959
0
LINE
8
BLACK
6
CONTINUOUS
10
83.002364
20
-53.6527449999999959
11
83.0652120000000025
21
-53.6222169999999991
0
LINE
8
BLACK
6
CONTINUOUS
10
83.0652120000000025
20
-53.6222169999999991
11
83.0857730000000032
21
-53.6204999999999998
0
LINE
8
BLACK
6
CONTINUOUS
10
83.0857730000000032
20
-53.6204999999999998
11
87.9742379999999997
21
-53.6204999999999998
0
LINE
8
BLACK
6
CONTINUOUS
10
87.9742379999999997
20
-53.6204999999999998
11
88.0412769999999938
21
-53.6401849999999953
0
LINE
8
BLACK
6
CONTINUOUS
10
88.0412769999999938
20
-53.6401849999999953
11
88.047118999999995
21
-53.6441789999999941
0
LINE
8
BLACK
6
CONTINUOUS
10
88.047118999999995
20
-53.6441789999999941
11
88.1683900000000023
21
-53.7322869999999995
0
LINE
8
BLACK
6
CONTINUOUS
10
88.1683900000000023
20
-53.7322869999999995
11
88.2672939999999926
21
-53.7826809999999966
0
LINE
8
BLACK
6
CONTINUOUS
10
88.2672939999999926
20
-53.7826809999999966
11
88.3507759999999962
21
-53.8252179999999996
0
LINE
8
BLACK
6
CONTINUOUS
10
88.3507759999999962
20
-53.8252179999999996
11
88.3507779999999912
21
-53.8252179999999996
0
LINE
8
BLACK
6
CONTINUOUS
10
88.3507779999999912
20
-53.8252179999999996
11
88.3507809999999978
21
-53.8252199999999945
0
LINE
8
BLACK
6
CONTINUOUS
10
88.3507809999999978
20
-53.8252199999999945
11
88.4551369999999935
21
-53.8591270000000009
0
LINE
8
BLACK
6
CONTINUOUS
10
88.4551369999999935
20
-53.8591270000000009
11
88.545464999999993
21
-53.8884769999999946
0
LINE
8
BLACK
6
CONTINUOUS
10
88.545464999999993
20
-53.8884769999999946
11
88.6465570000000014
21
-53.9044880000000006
0
LINE
8
BLACK
6
CONTINUOUS
10
88.6465570000000014
20
-53.9044880000000006
11
88.7476479999999981
21
-53.920499999999997
0
LINE
8
BLACK
6
CONTINUOUS
10
88.7476479999999981
20
-53.920499999999997
11
88.7476489999999956
21
-53.920499999999997
0
LINE
8
BLACK
6
CONTINUOUS
10
88.7476489999999956
20
-53.920499999999997
11
88.9523509999999931
21
-53.920499999999997
0
LINE
8
BLACK
6
CONTINUOUS
10
88.9523509999999931
20
-53.920499999999997
11
88.9523519999999905
21
-53.920499999999997
0
LINE
8
BLACK
6
CONTINUOUS
10
88.9523519999999905
20
-53.920499999999997
11
89.1545339999999982
21
-53.8884769999999946
0
LINE
8
BLACK
6
CONTINUOUS
10
89.1545339999999982
20
-53.8884769999999946
11
89.3492189999999908
21
-53.8252199999999945
0
LINE
8
BLACK
6
CONTINUOUS
10
89.3492189999999908
20
-53.8252199999999945
11
89.5316100000000006
21
-53.7322869999999995
0
LINE
8
BLACK
6
CONTINUOUS
10
89.5316100000000006
20
-53.7322869999999995
11
89.6583789999999965
21
-53.6401849999999953
0
LINE
8
BLACK
6
CONTINUOUS
10
89.6583789999999965
20
-53.6401849999999953
11
89.6972129999999908
21
-53.6119709999999969
0
LINE
8
BLACK
6
CONTINUOUS
10
89.6972129999999908
20
-53.6119709999999969
11
89.6972149999999999
21
-53.6119679999999974
0
LINE
8
BLACK
6
CONTINUOUS
10
89.6972149999999999
20
-53.6119679999999974
11
89.6972189999999898
21
-53.6119659999999953
0
LINE
8
BLACK
6
CONTINUOUS
10
89.6972189999999898
20
-53.6119659999999953
11
89.8419659999999993
21
-53.4672190000000001
0
LINE
8
BLACK
6
CONTINUOUS
10
89.8419659999999993
20
-53.4672190000000001
11
89.8419679999999943
21
-53.4672149999999959
0
LINE
8
BLACK
6
CONTINUOUS
10
89.8419679999999943
20
-53.4672149999999959
11
89.8419710000000009
21
-53.467213000000001
0
LINE
8
BLACK
6
CONTINUOUS
10
89.8419710000000009
20
-53.467213000000001
11
89.8947319999999905
21
-53.3945900000000009
0
LINE
8
BLACK
6
CONTINUOUS
10
89.8947319999999905
20
-53.3945900000000009
11
89.9622869999999892
21
-53.3016099999999966
0
LINE
8
BLACK
6
CONTINUOUS
10
89.9622869999999892
20
-53.3016099999999966
11
90.0552199999999914
21
-53.1192190000000011
0
LINE
8
BLACK
6
CONTINUOUS
10
90.0552199999999914
20
-53.1192190000000011
11
90.1184769999999986
21
-52.9245339999999942
0
LINE
8
BLACK
6
CONTINUOUS
10
90.1184769999999986
20
-52.9245339999999942
11
90.1504999999999939
21
-52.7223520000000008
0
LINE
8
BLACK
6
CONTINUOUS
10
90.1504999999999939
20
-52.7223520000000008
11
90.1504999999999939
21
-52.5176479999999941
0
LINE
8
BLACK
6
CONTINUOUS
10
90.1504999999999939
20
-52.5176479999999941
11
90.1438749999999942
21
-52.4758179999999967
0
LINE
8
BLACK
6
CONTINUOUS
10
90.1438749999999942
20
-52.4758179999999967
11
90.1184769999999986
21
-52.3154649999999961
0
LINE
8
BLACK
6
CONTINUOUS
10
90.1184769999999986
20
-52.3154649999999961
11
90.0552179999999964
21
-52.1207759999999993
0
LINE
8
BLACK
6
CONTINUOUS
10
90.0552179999999964
20
-52.1207759999999993
11
89.9785459999999944
21
-51.9703009999999992
0
LINE
8
BLACK
6
CONTINUOUS
10
89.9785459999999944
20
-51.9703009999999992
11
89.9622869999999892
21
-51.9383899999999983
0
LINE
8
BLACK
6
CONTINUOUS
10
89.9622869999999892
20
-51.9383899999999983
11
89.9545559999999966
21
-51.9277489999999986
0
LINE
8
BLACK
6
CONTINUOUS
10
89.9545559999999966
20
-51.9277489999999986
11
89.8419710000000009
21
-51.7727859999999964
0
LINE
8
BLACK
6
CONTINUOUS
10
89.8419710000000009
20
-51.7727859999999964
11
89.6972129999999908
21
-51.6280280000000005
0
LINE
8
BLACK
6
CONTINUOUS
10
89.6972129999999908
20
-51.6280280000000005
11
89.531612999999993
21
-51.5077149999999975
0
LINE
8
BLACK
6
CONTINUOUS
10
89.531612999999993
20
-51.5077149999999975
11
89.5316119999999955
21
-51.507714
0
LINE
8
BLACK
6
CONTINUOUS
10
89.5316119999999955
20
-51.507714
11
89.5316100000000006
21
-51.5077129999999954
0
LINE
8
BLACK
6
CONTINUOUS
10
89.5316100000000006
20
-51.5077129999999954
11
89.4746529999999893
21
-51.4786909999999978
0
LINE
8
BLACK
6
CONTINUOUS
10
89.4746529999999893
20
-51.4786909999999978
11
89.349222999999995
21
-51.4147809999999978
0
LINE
8
BLACK
6
CONTINUOUS
10
89.349222999999995
20
-51.4147809999999978
11
89.1545339999999982
21
-51.3515219999999957
0
LINE
8
BLACK
6
CONTINUOUS
10
89.1545339999999982
20
-51.3515219999999957
11
88.9799950000000024
21
-51.3238780000000006
0
LINE
8
BLACK
6
CONTINUOUS
10
88.9799950000000024
20
-51.3238780000000006
11
88.9523519999999905
21
-51.3194999999999979
0
LINE
8
BLACK
6
CONTINUOUS
10
88.9523519999999905
20
-51.3194999999999979
11
88.7476479999999981
21
-51.3194999999999979
0
LINE
8
BLACK
6
CONTINUOUS
10
88.7476479999999981
20
-51.3194999999999979
11
88.7233289999999926
21
-51.3233509999999953
0
LINE
8
BLACK
6
CONTINUOUS
10
88.7233289999999926
20
-51.3233509999999953
11
88.545464999999993
21
-51.3515219999999957
0
LINE
8
BLACK
6
CONTINUOUS
10
88.545464999999993
20
-51.3515219999999957
11
88.3507759999999962
21
-51.4147809999999978
0
LINE
8
BLACK
6
CONTINUOUS
10
88.3507759999999962
20
-51.4147809999999978
11
88.1683859999999981
21
-51.5077149999999975
0
LINE
8
BLACK
6
CONTINUOUS
10
88.1683859999999981
20
-51.5077149999999975
11
88.0471229999999991
21
-51.5958179999999942
0
LINE
8
BLACK
6
CONTINUOUS
10
88.0471229999999991
20
-51.5958179999999942
11
87.98131699999999
21
-51.6192980000000006
0
LINE
8
BLACK
6
CONTINUOUS
10
87.98131699999999
20
-51.6192980000000006
11
87.9742379999999997
21
-51.6194999999999951
0
LINE
8
BLACK
6
CONTINUOUS
10
87.9742379999999997
20
-51.6194999999999951
11
82.215999999999994
21
-51.6194999999999951
0
LINE
8
BLACK
6
CONTINUOUS
10
82.215999999999994
20
-51.6194999999999951
11
82.1539999999999964
21
-51.6028869999999955
0
LINE
8
BLACK
6
CONTINUOUS
10
82.1539999999999964
20
-51.6028869999999955
11
82.1417560000000009
21
-51.5958179999999942
0
LINE
8
BLACK
6
CONTINUOUS
10
82.1417560000000009
20
-51.5958179999999942
11
82.0480489999999918
21
-51.541716000000001
0
LINE
8
BLACK
6
CONTINUOUS
10
82.0480489999999918
20
-51.541716000000001
11
82.015002999999993
21
-51.5280279999999991
0
LINE
8
BLACK
6
CONTINUOUS
10
82.015002999999993
20
-51.5280279999999991
11
81.8299930000000018
21
-51.4513940000000005
0
LINE
8
BLACK
6
CONTINUOUS
10
81.8299930000000018
20
-51.4513940000000005
11
81.6669739999999962
21
-51.4077130000000011
0
LINE
8
BLACK
6
CONTINUOUS
10
81.6669739999999962
20
-51.4077130000000011
11
81.6020139999999969
21
-51.390307
0
LINE
8
BLACK
6
CONTINUOUS
10
81.6020139999999969
20
-51.390307
11
81.6020129999999995
21
-51.3903059999999954
0
LINE
8
BLACK
6
CONTINUOUS
10
81.6020129999999995
20
-51.3903059999999954
11
81.6020099999999928
21
-51.3903059999999954
0
LINE
8
BLACK
6
CONTINUOUS
10
81.6020099999999928
20
-51.3903059999999954
11
81.3680200000000013
21
-51.3595009999999945
0
LINE
8
BLACK
6
CONTINUOUS
10
81.3680200000000013
20
-51.3595009999999945
11
81.3680169999999947
21
-51.359499999999997
0
LINE
8
BLACK
6
CONTINUOUS
10
81.3680169999999947
20
-51.359499999999997
11
81.3680109999999956
21
-51.359499999999997
0
LINE
8
BLACK
6
CONTINUOUS
10
81.3680109999999956
20
-51.359499999999997
11
81.1319889999999901
21
-51.359499999999997
0
LINE
8
BLACK
6
CONTINUOUS
10
81.1319889999999901
20
-51.359499999999997
11
81.1319829999999911
21
-51.359499999999997
0
LINE
8
BLACK
6
CONTINUOUS
10
81.1319829999999911
20
-51.359499999999997
11
81.1319790000000012
21
-51.3595009999999945
0
LINE
8
BLACK
6
CONTINUOUS
10
81.1319790000000012
20
-51.3595009999999945
11
80.8979870000000005
21
-51.3903059999999954
0
LINE
8
BLACK
6
CONTINUOUS
10
80.8979870000000005
20
-51.3903059999999954
11
80.6855919999999998
21
-51.4472179999999994
0
LINE
8
BLACK
6
CONTINUOUS
10
80.6855919999999998
20
-51.4472179999999994
11
80.6157429999999948
21
-51.4455549999999988
0
LINE
8
BLACK
6
CONTINUOUS
10
80.6157429999999948
20
-51.4455549999999988
11
80.5578799999999973
21
-51.4063929999999942
0
LINE
8
BLACK
6
CONTINUOUS
10
80.5578799999999973
20
-51.4063929999999942
11
80.5303759999999897
21
-51.3421639999999968
0
LINE
8
BLACK
6
CONTINUOUS
10
80.5303759999999897
20
-51.3421639999999968
11
80.5419619999999981
21
-51.2732619999999955
0
LINE
8
BLACK
6
CONTINUOUS
10
80.5419619999999981
20
-51.2732619999999955
11
80.565817999999993
21
-51.2397619999999989
0
LINE
8
BLACK
6
CONTINUOUS
10
80.565817999999993
20
-51.2397619999999989
11
81.8887619999999998
21
-49.9168179999999992
0
LINE
8
BLACK
6
CONTINUOUS
10
81.8887619999999998
20
-49.9168179999999992
11
81.9500850000000014
21
-49.8833330000000004
0
LINE
8
BLACK
6
CONTINUOUS
10
81.9500850000000014
20
-49.8833330000000004
11
81.9764430000000033
21
-49.8804990000000004
0
LINE
8
BLACK
6
CONTINUOUS
10
81.9764430000000033
20
-49.8804990000000004
11
82.3500019999999893
21
-49.8804990000000004
0
LINE
8
BLACK
6
CONTINUOUS
10
82.3500019999999893
20
-49.8804990000000004
11
82.3500080000000025
21
-49.8804990000000004
0
LINE
8
BLACK
6
CONTINUOUS
10
82.3500080000000025
20
-49.8804990000000004
11
82.4527969999999897
21
-49.869999
0
LINE
8
BLACK
6
CONTINUOUS
10
82.4527969999999897
20
-49.869999
11
82.5530029999999897
21
-49.8367939999999976
0
LINE
8
BLACK
6
CONTINUOUS
10
82.5530029999999897
20
-49.8367939999999976
11
82.5920069999999953
21
-49.8305000000000007
0
LINE
8
BLACK
6
CONTINUOUS
10
82.5920069999999953
20
-49.8305000000000007
11
96.1947270000000003
21
-49.8305000000000007
0
LINE
8
BLACK
6
CONTINUOUS
10
96.1947270000000003
20
-49.8305000000000007
11
96.1947339999999969
21
-49.8305000000000007
0
LINE
8
BLACK
6
CONTINUOUS
10
96.1947339999999969
20
-49.8305000000000007
11
96.3957709999999963
21
-49.8040319999999994
0
LINE
8
BLACK
6
CONTINUOUS
10
96.3957709999999963
20
-49.8040319999999994
11
96.3957719999999938
21
-49.8040319999999994
0
LINE
8
BLACK
6
CONTINUOUS
10
96.3957719999999938
20
-49.8040319999999994
11
96.4222290000000015
21
-49.8005500000000012
0
LINE
8
BLACK
6
CONTINUOUS
10
96.4222290000000015
20
-49.8005500000000012
11
96.4222339999999889
21
-49.8005479999999991
0
LINE
8
BLACK
6
CONTINUOUS
10
96.4222339999999889
20
-49.8005479999999991
11
96.4222389999999905
21
-49.8005479999999991
0
LINE
8
BLACK
6
CONTINUOUS
10
96.4222389999999905
20
-49.8005479999999991
11
96.6438869999999923
21
-49.7411579999999987
0
LINE
8
BLACK
6
CONTINUOUS
10
96.6438869999999923
20
-49.7411579999999987
11
96.8558879999999931
21
-49.653343999999997
0
LINE
8
BLACK
6
CONTINUOUS
10
96.8558879999999931
20
-49.653343999999997
11
97.0546119999999917
21
-49.538610999999996
0
LINE
8
BLACK
6
CONTINUOUS
10
97.0546119999999917
20
-49.538610999999996
11
97.1456359999999961
21
-49.4687649999999977
0
LINE
8
BLACK
6
CONTINUOUS
10
97.1456359999999961
20
-49.4687649999999977
11
97.236660999999998
21
-49.3989199999999968
0
LINE
8
BLACK
6
CONTINUOUS
10
97.236660999999998
20
-49.3989199999999968
11
97.2366679999999945
21
-49.3989130000000003
0
LINE
8
BLACK
6
CONTINUOUS
10
97.2366679999999945
20
-49.3989130000000003
11
97.3439379999999943
21
-49.291643999999998
0
LINE
8
BLACK
6
CONTINUOUS
10
97.3439379999999943
20
-49.291643999999998
11
98.7635669999999948
21
-47.8720140000000001
0
LINE
8
BLACK
6
CONTINUOUS
10
98.7635669999999948
20
-47.8720140000000001
11
98.8552990000000023
21
-47.7802819999999997
0
LINE
8
BLACK
6
CONTINUOUS
10
98.8552990000000023
20
-47.7802819999999997
11
100.1225879999999933
21
-46.5129929999999945
0
LINE
8
BLACK
6
CONTINUOUS
10
100.1225879999999933
20
-46.5129929999999945
11
102.6623189999999965
21
-43.9732610000000008
0
LINE
8
BLACK
6
CONTINUOUS
10
102.6623189999999965
20
-43.9732610000000008
11
102.7236419999999981
21
-43.9397759999999948
0
LINE
8
BLACK
6
CONTINUOUS
10
102.7236419999999981
20
-43.9397759999999948
11
102.7933340000000015
21
-43.9447599999999952
0
LINE
8
BLACK
6
CONTINUOUS
10
102.7933340000000015
20
-43.9447599999999952
11
102.8376809999999892
21
-43.9732610000000008
0
LINE
8
BLACK
6
CONTINUOUS
10
102.8376809999999892
20
-43.9732610000000008
11
107.7631809999999888
21
-48.8987610000000004
0
LINE
8
BLACK
6
CONTINUOUS
10
107.7631809999999888
20
-48.8987610000000004
11
107.7966660000000019
21
-48.9600839999999948
0
LINE
8
BLACK
6
CONTINUOUS
10
107.7966660000000019
20
-48.9600839999999948
11
107.7994999999999948
21
-48.9864419999999967
0
LINE
8
BLACK
6
CONTINUOUS
10
107.7994999999999948
20
-48.9864419999999967
11
107.7994999999999948
21
-50.5460560000000001
0
LINE
8
BLACK
6
CONTINUOUS
10
107.7994999999999948
20
-50.5460560000000001
11
107.7798149999999993
21
-50.6130949999999942
0
LINE
8
BLACK
6
CONTINUOUS
10
107.7798149999999993
20
-50.6130949999999942
11
107.7631809999999888
21
-50.6337369999999964
0
LINE
8
BLACK
6
CONTINUOUS
10
107.7631809999999888
20
-50.6337369999999964
11
104.6427379999999943
21
-53.7541799999999981
0
LINE
8
BLACK
6
CONTINUOUS
10
104.6427379999999943
20
-53.7541799999999981
11
104.5814149999999927
21
-53.787664999999997
0
LINE
8
BLACK
6
CONTINUOUS
10
104.5814149999999927
20
-53.787664999999997
11
104.5117229999999893
21
-53.7826809999999966
0
LINE
8
BLACK
6
CONTINUOUS
10
104.5117229999999893
20
-53.7826809999999966
11
104.4557899999999933
21
-53.7408089999999987
0
LINE
8
BLACK
6
CONTINUOUS
10
104.4557899999999933
20
-53.7408089999999987
11
104.4313729999999936
21
-53.6753450000000001
0
LINE
8
BLACK
6
CONTINUOUS
10
104.4313729999999936
20
-53.6753450000000001
11
104.4352809999999891
21
-53.634408999999998
0
LINE
8
BLACK
6
CONTINUOUS
10
104.4352809999999891
20
-53.634408999999998
11
104.4921930000000003
21
-53.4220139999999972
0
LINE
8
BLACK
6
CONTINUOUS
10
104.4921930000000003
20
-53.4220139999999972
11
104.5229999999999961
21
-53.1880109999999959
0
LINE
8
BLACK
6
CONTINUOUS
10
104.5229999999999961
20
-53.1880109999999959
11
104.5229999999999961
21
-52.9519889999999975
0
LINE
8
BLACK
6
CONTINUOUS
10
104.5229999999999961
20
-52.9519889999999975
11
104.4921930000000003
21
-52.7179859999999962
0
LINE
8
BLACK
6
CONTINUOUS
10
104.4921930000000003
20
-52.7179859999999962
11
104.4311059999999998
21
-52.4900069999999985
0
LINE
8
BLACK
6
CONTINUOUS
10
104.4311059999999998
20
-52.4900069999999985
11
104.3407839999999993
21
-52.2719509999999943
0
LINE
8
BLACK
6
CONTINUOUS
10
104.3407839999999993
20
-52.2719509999999943
11
104.3407819999999901
21
-52.2719479999999947
0
LINE
8
BLACK
6
CONTINUOUS
10
104.3407819999999901
20
-52.2719479999999947
11
104.3407799999999952
21
-52.2719430000000003
0
LINE
8
BLACK
6
CONTINUOUS
10
104.3407799999999952
20
-52.2719430000000003
11
104.2986179999999905
21
-52.198917999999999
0
LINE
8
BLACK
6
CONTINUOUS
10
104.2986179999999905
20
-52.198917999999999
11
104.2227729999999895
21
-52.0675499999999971
0
LINE
8
BLACK
6
CONTINUOUS
10
104.2227729999999895
20
-52.0675499999999971
11
104.1236619999999959
21
-51.9383859999999942
0
LINE
8
BLACK
6
CONTINUOUS
10
104.1236619999999959
20
-51.9383859999999942
11
104.0790930000000003
21
-51.8803020000000004
0
LINE
8
BLACK
6
CONTINUOUS
10
104.0790930000000003
20
-51.8803020000000004
11
104.0790870000000012
21
-51.8802949999999967
0
LINE
8
BLACK
6
CONTINUOUS
10
104.0790870000000012
20
-51.8802949999999967
11
103.9122039999999885
21
-51.7134119999999982
0
LINE
8
BLACK
6
CONTINUOUS
10
103.9122039999999885
20
-51.7134119999999982
11
103.9121969999999919
21
-51.7134059999999991
0
LINE
8
BLACK
6
CONTINUOUS
10
103.9121969999999919
20
-51.7134059999999991
11
103.7249539999999968
21
-51.5697299999999998
0
LINE
8
BLACK
6
CONTINUOUS
10
103.7249539999999968
20
-51.5697299999999998
11
103.7249529999999993
21
-51.5697289999999953
0
LINE
8
BLACK
6
CONTINUOUS
10
103.7249529999999993
20
-51.5697289999999953
11
103.7249499999999927
21
-51.5697270000000003
0
LINE
8
BLACK
6
CONTINUOUS
10
103.7249499999999927
20
-51.5697270000000003
11
103.6038589999999999
21
-51.4998149999999981
0
LINE
8
BLACK
6
CONTINUOUS
10
103.6038589999999999
20
-51.4998149999999981
11
103.5205559999999991
21
-51.4517189999999971
0
LINE
8
BLACK
6
CONTINUOUS
10
103.5205559999999991
20
-51.4517189999999971
11
103.5205449999999985
21
-51.4517139999999955
0
LINE
8
BLACK
6
CONTINUOUS
10
103.5205449999999985
20
-51.4517139999999955
11
103.3024929999999983
21
-51.3613939999999971
0
LINE
8
BLACK
6
CONTINUOUS
10
103.3024929999999983
20
-51.3613939999999971
11
103.146142999999995
21
-51.3194999999999979
0
LINE
8
BLACK
6
CONTINUOUS
10
103.146142999999995
20
-51.3194999999999979
11
103.0745139999999935
21
-51.3003069999999965
0
LINE
8
BLACK
6
CONTINUOUS
10
103.0745139999999935
20
-51.3003069999999965
11
103.0745129999999961
21
-51.3003059999999991
0
LINE
8
BLACK
6
CONTINUOUS
10
103.0745129999999961
20
-51.3003059999999991
11
103.0745099999999894
21
-51.3003059999999991
0
LINE
8
BLACK
6
CONTINUOUS
10
103.0745099999999894
20
-51.3003059999999991
11
102.8405199999999979
21
-51.2695009999999982
0
LINE
8
BLACK
6
CONTINUOUS
10
102.8405199999999979
20
-51.2695009999999982
11
102.8405169999999913
21
-51.2695000000000007
0
LINE
8
BLACK
6
CONTINUOUS
10
102.8405169999999913
20
-51.2695000000000007
11
102.8405109999999922
21
-51.2695000000000007
0
LINE
8
BLACK
6
CONTINUOUS
10
102.8405109999999922
20
-51.2695000000000007
11
102.6044890000000009
21
-51.2695000000000007
0
LINE
8
BLACK
6
CONTINUOUS
10
102.6044890000000009
20
-51.2695000000000007
11
102.6044830000000019
21
-51.2695000000000007
0
LINE
8
BLACK
6
CONTINUOUS
10
102.6044830000000019
20
-51.2695000000000007
11
102.6044789999999978
21
-51.2695009999999982
0
LINE
8
BLACK
6
CONTINUOUS
10
102.6044789999999978
20
-51.2695009999999982
11
102.3704889999999921
21
-51.3003059999999991
0
LINE
8
BLACK
6
CONTINUOUS
10
102.3704889999999921
20
-51.3003059999999991
11
102.1425059999999974
21
-51.3613939999999971
0
LINE
8
BLACK
6
CONTINUOUS
10
102.1425059999999974
20
-51.3613939999999971
11
101.9244539999999972
21
-51.4517139999999955
0
LINE
8
BLACK
6
CONTINUOUS
10
101.9244539999999972
20
-51.4517139999999955
11
101.9244429999999966
21
-51.4517189999999971
0
LINE
8
BLACK
6
CONTINUOUS
10
101.9244429999999966
20
-51.4517189999999971
11
101.8358199999999982
21
-51.5028870000000012
0
LINE
8
BLACK
6
CONTINUOUS
10
101.8358199999999982
20
-51.5028870000000012
11
101.7738200000000006
21
-51.5195000000000007
0
LINE
8
BLACK
6
CONTINUOUS
10
101.7738200000000006
20
-51.5195000000000007
11
95.9257619999999918
21
-51.5195000000000007
0
LINE
8
BLACK
6
CONTINUOUS
10
95.9257619999999918
20
-51.5195000000000007
11
95.8587229999999977
21
-51.4998149999999981
0
LINE
8
BLACK
6
CONTINUOUS
10
95.8587229999999977
20
-51.4998149999999981
11
95.8528769999999923
21
-51.4958179999999999
0
LINE
8
BLACK
6
CONTINUOUS
10
95.8528769999999923
20
-51.4958179999999999
11
95.7316129999999958
21
-51.4077149999999961
0
LINE
8
BLACK
6
CONTINUOUS
10
95.7316129999999958
20
-51.4077149999999961
11
95.7316119999999984
21
-51.4077139999999986
0
LINE
8
BLACK
6
CONTINUOUS
10
95.7316119999999984
20
-51.4077139999999986
11
95.7316099999999892
21
-51.4077130000000011
0
LINE
8
BLACK
6
CONTINUOUS
10
95.7316099999999892
20
-51.4077130000000011
11
95.6746529999999922
21
-51.3786909999999963
0
LINE
8
BLACK
6
CONTINUOUS
10
95.6746529999999922
20
-51.3786909999999963
11
95.5492229999999978
21
-51.3147809999999964
0
LINE
8
BLACK
6
CONTINUOUS
10
95.5492229999999978
20
-51.3147809999999964
11
95.354534000000001
21
-51.2515219999999943
0
LINE
8
BLACK
6
CONTINUOUS
10
95.354534000000001
20
-51.2515219999999943
11
95.179994999999991
21
-51.2238779999999991
0
LINE
8
BLACK
6
CONTINUOUS
10
95.179994999999991
20
-51.2238779999999991
11
95.1523519999999934
21
-51.2194999999999965
0
LINE
8
BLACK
6
CONTINUOUS
10
95.1523519999999934
20
-51.2194999999999965
11
94.9476480000000009
21
-51.2194999999999965
0
LINE
8
BLACK
6
CONTINUOUS
10
94.9476480000000009
20
-51.2194999999999965
11
94.9233289999999954
21
-51.223351000000001
0
LINE
8
BLACK
6
CONTINUOUS
10
94.9233289999999954
20
-51.223351000000001
11
94.7454649999999958
21
-51.2515219999999943
0
LINE
8
BLACK
6
CONTINUOUS
10
94.7454649999999958
20
-51.2515219999999943
11
94.550775999999999
21
-51.3147809999999964
0
LINE
8
BLACK
6
CONTINUOUS
10
94.550775999999999
20
-51.3147809999999964
11
94.368386000000001
21
-51.4077149999999961
0
LINE
8
BLACK
6
CONTINUOUS
10
94.368386000000001
20
-51.4077149999999961
11
94.202785999999989
21
-51.5280279999999991
0
LINE
8
BLACK
6
CONTINUOUS
10
94.202785999999989
20
-51.5280279999999991
11
94.0580279999999931
21
-51.672785999999995
0
LINE
8
BLACK
6
CONTINUOUS
10
94.0580279999999931
20
-51.672785999999995
11
93.9377149999999972
21
-51.8383859999999999
0
LINE
8
BLACK
6
CONTINUOUS
10
93.9377149999999972
20
-51.8383859999999999
11
93.8447809999999976
21
-52.0207759999999979
0
LINE
8
BLACK
6
CONTINUOUS
10
93.8447809999999976
20
-52.0207759999999979
11
93.7815219999999954
21
-52.2154649999999947
0
LINE
8
BLACK
6
CONTINUOUS
10
93.7815219999999954
20
-52.2154649999999947
11
93.7494999999999976
21
-52.4176479999999998
0
LINE
8
BLACK
6
CONTINUOUS
10
93.7494999999999976
20
-52.4176479999999998
11
93.7494999999999976
21
-52.6223509999999948
0
LINE
8
BLACK
6
CONTINUOUS
10
93.7494999999999976
20
-52.6223509999999948
11
93.7815219999999954
21
-52.8245339999999999
0
LINE
8
BLACK
6
CONTINUOUS
10
93.7815219999999954
20
-52.8245339999999999
11
93.8447809999999976
21
-53.0192229999999967
0
LINE
8
BLACK
6
CONTINUOUS
10
93.8447809999999976
20
-53.0192229999999967
11
93.9086909999999904
21
-53.1446529999999981
0
LINE
8
BLACK
6
CONTINUOUS
10
93.9086909999999904
20
-53.1446529999999981
11
93.9307799999999986
21
-53.1880039999999994
0
LINE
8
BLACK
6
CONTINUOUS
10
93.9307799999999986
20
-53.1880039999999994
11
93.9377149999999972
21
-53.2016129999999947
0
LINE
8
BLACK
6
CONTINUOUS
10
93.9377149999999972
20
-53.2016129999999947
11
94.0580279999999931
21
-53.3672129999999996
0
LINE
8
BLACK
6
CONTINUOUS
10
94.0580279999999931
20
-53.3672129999999996
11
94.202785999999989
21
-53.5119709999999955
0
LINE
8
BLACK
6
CONTINUOUS
10
94.202785999999989
20
-53.5119709999999955
11
94.3404199999999946
21
-53.6119659999999953
0
LINE
8
BLACK
6
CONTINUOUS
10
94.3404199999999946
20
-53.6119659999999953
11
94.3683899999999909
21
-53.632286999999998
0
LINE
8
BLACK
6
CONTINUOUS
10
94.3683899999999909
20
-53.632286999999998
11
94.4528959999999955
21
-53.6753450000000001
0
LINE
8
BLACK
6
CONTINUOUS
10
94.4528959999999955
20
-53.6753450000000001
11
94.550775999999999
21
-53.7252179999999981
0
LINE
8
BLACK
6
CONTINUOUS
10
94.550775999999999
20
-53.7252179999999981
11
94.550777999999994
21
-53.7252179999999981
0
LINE
8
BLACK
6
CONTINUOUS
10
94.550777999999994
20
-53.7252179999999981
11
94.5507810000000006
21
-53.7252200000000002
0
LINE
8
BLACK
6
CONTINUOUS
10
94.5507810000000006
20
-53.7252200000000002
11
94.6399109999999979
21
-53.7541799999999981
0
LINE
8
BLACK
6
CONTINUOUS
10
94.6399109999999979
20
-53.7541799999999981
11
94.7454649999999958
21
-53.7884770000000003
0
LINE
8
BLACK
6
CONTINUOUS
10
94.7454649999999958
20
-53.7884770000000003
11
94.84655699999999
21
-53.8044879999999992
0
LINE
8
BLACK
6
CONTINUOUS
10
94.84655699999999
20
-53.8044879999999992
11
94.9476480000000009
21
-53.8204999999999956
0
LINE
8
BLACK
6
CONTINUOUS
10
94.9476480000000009
20
-53.8204999999999956
11
94.9476489999999984
21
-53.8204999999999956
0
LINE
8
BLACK
6
CONTINUOUS
10
94.9476489999999984
20
-53.8204999999999956
11
95.1523509999999959
21
-53.8204999999999956
0
LINE
8
BLACK
6
CONTINUOUS
10
95.1523509999999959
20
-53.8204999999999956
11
95.1523519999999934
21
-53.8204999999999956
0
LINE
8
BLACK
6
CONTINUOUS
10
95.1523519999999934
20
-53.8204999999999956
11
95.354534000000001
21
-53.7884770000000003
0
LINE
8
BLACK
6
CONTINUOUS
10
95.354534000000001
20
-53.7884770000000003
11
95.5492189999999937
21
-53.7252200000000002
0
LINE
8
BLACK
6
CONTINUOUS
10
95.5492189999999937
20
-53.7252200000000002
11
95.7316099999999892
21
-53.632286999999998
0
LINE
8
BLACK
6
CONTINUOUS
10
95.7316099999999892
20
-53.632286999999998
11
95.8528769999999923
21
-53.5441809999999947
0
LINE
8
BLACK
6
CONTINUOUS
10
95.8528769999999923
20
-53.5441809999999947
11
95.9186830000000015
21
-53.520702
0
LINE
8
BLACK
6
CONTINUOUS
10
95.9186830000000015
20
-53.520702
11
95.9257619999999918
21
-53.5204999999999984
0
LINE
8
BLACK
6
CONTINUOUS
10
95.9257619999999918
20
-53.5204999999999984
11
100.8840479999999928
21
-53.5204999999999984
0
LINE
8
BLACK
6
CONTINUOUS
10
100.8840479999999928
20
-53.5204999999999984
11
100.9510870000000011
21
-53.540185000000001
0
LINE
8
BLACK
6
CONTINUOUS
10
100.9510870000000011
20
-53.540185000000001
11
100.9968420000000009
21
-53.5929889999999958
0
LINE
8
BLACK
6
CONTINUOUS
10
100.9968420000000009
20
-53.5929889999999958
11
101.003822999999997
21
-53.6124069999999975
0
LINE
8
BLACK
6
CONTINUOUS
10
101.003822999999997
20
-53.6124069999999975
11
101.0138929999999959
21
-53.649991
0
LINE
8
BLACK
6
CONTINUOUS
10
101.0138929999999959
20
-53.649991
11
101.1042139999999989
21
-53.8680449999999951
0
LINE
8
BLACK
6
CONTINUOUS
10
101.1042139999999989
20
-53.8680449999999951
11
101.1042190000000005
21
-53.8680559999999957
0
LINE
8
BLACK
6
CONTINUOUS
10
101.1042190000000005
20
-53.8680559999999957
11
101.1751769999999908
21
-53.9909569999999945
0
LINE
8
BLACK
6
CONTINUOUS
10
101.1751769999999908
20
-53.9909569999999945
11
101.2222269999999895
21
-54.0724499999999964
0
LINE
8
BLACK
6
CONTINUOUS
10
101.2222269999999895
20
-54.0724499999999964
11
101.2222289999999987
21
-54.0724529999999959
0
LINE
8
BLACK
6
CONTINUOUS
10
101.2222289999999987
20
-54.0724529999999959
11
101.2222299999999962
21
-54.0724540000000005
0
LINE
8
BLACK
6
CONTINUOUS
10
101.2222299999999962
20
-54.0724540000000005
11
101.3659059999999954
21
-54.2596969999999956
0
LINE
8
BLACK
6
CONTINUOUS
10
101.3659059999999954
20
-54.2596969999999956
11
101.3659119999999945
21
-54.2597039999999993
0
LINE
8
BLACK
6
CONTINUOUS
10
101.3659119999999945
20
-54.2597039999999993
11
101.532794999999993
21
-54.4265869999999978
0
LINE
8
BLACK
6
CONTINUOUS
10
101.532794999999993
20
-54.4265869999999978
11
101.5328009999999921
21
-54.4265919999999994
0
LINE
8
BLACK
6
CONTINUOUS
10
101.5328009999999921
20
-54.4265919999999994
11
101.7200500000000005
21
-54.5702730000000003
0
LINE
8
BLACK
6
CONTINUOUS
10
101.7200500000000005
20
-54.5702730000000003
11
101.8369579999999956
21
-54.6377699999999962
0
LINE
8
BLACK
6
CONTINUOUS
10
101.8369579999999956
20
-54.6377699999999962
11
101.9244429999999966
21
-54.6882799999999989
0
LINE
8
BLACK
6
CONTINUOUS
10
101.9244429999999966
20
-54.6882799999999989
11
101.9244479999999982
21
-54.6882820000000009
0
LINE
8
BLACK
6
CONTINUOUS
10
101.9244479999999982
20
-54.6882820000000009
11
101.9244509999999906
21
-54.6882839999999959
0
LINE
8
BLACK
6
CONTINUOUS
10
101.9244509999999906
20
-54.6882839999999959
11
102.1425069999999948
21
-54.7786059999999964
0
LINE
8
BLACK
6
CONTINUOUS
10
102.1425069999999948
20
-54.7786059999999964
11
102.3704859999999996
21
-54.8396929999999969
0
LINE
8
BLACK
6
CONTINUOUS
10
102.3704859999999996
20
-54.8396929999999969
11
102.6044890000000009
21
-54.8704999999999998
0
LINE
8
BLACK
6
CONTINUOUS
10
102.6044890000000009
20
-54.8704999999999998
11
102.6044959999999975
21
-54.8704999999999998
0
LINE
8
BLACK
6
CONTINUOUS
10
102.6044959999999975
20
-54.8704999999999998
11
102.8405039999999957
21
-54.8704999999999998
0
LINE
8
BLACK
6
CONTINUOUS
10
102.8405039999999957
20
-54.8704999999999998
11
102.8405109999999922
21
-54.8704999999999998
0
LINE
8
BLACK
6
CONTINUOUS
10
102.8405109999999922
20
-54.8704999999999998
11
103.0745139999999935
21
-54.8396929999999969
0
LINE
8
BLACK
6
CONTINUOUS
10
103.0745139999999935
20
-54.8396929999999969
11
103.2869069999999994
21
-54.7827819999999974
0
LINE
8
BLACK
6
CONTINUOUS
10
103.2869069999999994
20
-54.7827819999999974
11
103.3567539999999951
21
-54.7844449999999981
0
LINE
8
BLACK
6
CONTINUOUS
10
103.3567539999999951
20
-54.7844449999999981
11
103.4146169999999927
21
-54.8236069999999955
0
LINE
8
BLACK
6
CONTINUOUS
10
103.4146169999999927
20
-54.8236069999999955
11
103.4421210000000002
21
-54.8878349999999955
0
LINE
8
BLACK
6
CONTINUOUS
10
103.4421210000000002
20
-54.8878349999999955
11
103.4305349999999919
21
-54.9567379999999943
0
LINE
8
BLACK
6
CONTINUOUS
10
103.4305349999999919
20
-54.9567379999999943
11
103.4066789999999969
21
-54.990237999999998
0
LINE
8
BLACK
6
CONTINUOUS
10
103.4066789999999969
20
-54.990237999999998
11
102.0837360000000018
21
-56.3131810000000002
0
LINE
8
BLACK
6
CONTINUOUS
10
102.0837360000000018
20
-56.3131810000000002
11
102.0224130000000002
21
-56.346665999999999
0
LINE
8
BLACK
6
CONTINUOUS
10
102.0224130000000002
20
-56.346665999999999
11
101.9960549999999984
21
-56.349499999999999
0
LINE
8
BLACK
6
CONTINUOUS
10
101.9960549999999984
20
-56.349499999999999
11
101.6224979999999931
21
-56.349499999999999
0
LINE
8
BLACK
6
CONTINUOUS
10
101.6224979999999931
20
-56.349499999999999
11
101.6224799999999959
21
-56.3495009999999965
0
LINE
8
BLACK
6
CONTINUOUS
10
101.6224799999999959
20
-56.3495009999999965
11
101.5197029999999927
21
-56.3599999999999994
0
LINE
8
BLACK
6
CONTINUOUS
10
101.5197029999999927
20
-56.3599999999999994
11
101.5197000000000003
21
-56.3600009999999969
0
LINE
8
BLACK
6
CONTINUOUS
10
101.5197000000000003
20
-56.3600009999999969
11
101.3531679999999966
21
-56.4151849999999939
0
LINE
8
BLACK
6
CONTINUOUS
10
101.3531679999999966
20
-56.4151849999999939
11
101.353162999999995
21
-56.415186999999996
0
LINE
8
BLACK
6
CONTINUOUS
10
101.353162999999995
20
-56.415186999999996
11
101.2038419999999945
21
-56.5072890000000001
0
LINE
8
BLACK
6
CONTINUOUS
10
101.2038419999999945
20
-56.5072890000000001
11
101.079788999999991
21
-56.6313419999999965
0
LINE
8
BLACK
6
CONTINUOUS
10
101.079788999999991
20
-56.6313419999999965
11
100.987686999999994
21
-56.780662999999997
0
LINE
8
BLACK
6
CONTINUOUS
10
100.987686999999994
20
-56.780662999999997
11
100.987684999999999
21
-56.7806679999999986
0
LINE
8
BLACK
6
CONTINUOUS
10
100.987684999999999
20
-56.7806679999999986
11
100.9598489999999913
21
-56.8646699999999967
0
LINE
8
BLACK
6
CONTINUOUS
10
100.9598489999999913
20
-56.8646699999999967
11
100.932501000000002
21
-56.9472029999999947
0
LINE
8
BLACK
6
CONTINUOUS
10
100.932501000000002
20
-56.9472029999999947
11
100.932501000000002
21
-56.9472039999999993
0
LINE
8
BLACK
6
CONTINUOUS
10
100.932501000000002
20
-56.9472039999999993
11
100.9324999999999903
21
-56.9472039999999993
0
LINE
8
BLACK
6
CONTINUOUS
10
100.9324999999999903
20
-56.9472039999999993
11
100.921999999999997
21
-57.0499829999999974
0
LINE
8
BLACK
6
CONTINUOUS
10
100.921999999999997
20
-57.0499829999999974
11
100.921999999999997
21
-59.2500009999999975
0
LINE
8
BLACK
6
CONTINUOUS
10
100.921999999999997
20
-59.2500009999999975
11
100.9220009999999945
21
-59.2500179999999972
0
LINE
8
BLACK
6
CONTINUOUS
10
100.9220009999999945
20
-59.2500179999999972
11
100.9324999999999903
21
-59.3527959999999979
0
LINE
8
BLACK
6
CONTINUOUS
10
100.9324999999999903
20
-59.3527959999999979
11
100.932501000000002
21
-59.3527989999999974
0
LINE
8
BLACK
6
CONTINUOUS
10
100.932501000000002
20
-59.3527989999999974
11
100.9457499999999897
21
-59.3927809999999994
0
LINE
8
BLACK
6
CONTINUOUS
10
100.9457499999999897
20
-59.3927809999999994
11
100.9876859999999965
21
-59.5193340000000006
0
LINE
8
BLACK
6
CONTINUOUS
10
100.9876859999999965
20
-59.5193340000000006
11
101.0797879999999935
21
-59.6686559999999986
0
LINE
8
BLACK
6
CONTINUOUS
10
101.0797879999999935
20
-59.6686559999999986
11
101.2038439999999895
21
-59.7927119999999945
0
LINE
8
BLACK
6
CONTINUOUS
10
101.2038439999999895
20
-59.7927119999999945
11
101.3531660000000016
21
-59.8848139999999987
0
LINE
8
BLACK
6
CONTINUOUS
10
101.3531660000000016
20
-59.8848139999999987
11
101.5197029999999927
21
-59.9399990000000003
0
LINE
8
BLACK
6
CONTINUOUS
10
101.5197029999999927
20
-59.9399990000000003
11
101.6224909999999966
21
-59.9504999999999981
0
LINE
8
BLACK
6
CONTINUOUS
10
101.6224909999999966
20
-59.9504999999999981
11
103.8225079999999991
21
-59.9504990000000006
0
LINE
8
BLACK
6
CONTINUOUS
10
103.8225079999999991
20
-59.9504990000000006
11
103.9252970000000005
21
-59.9399990000000003
0
LINE
8
BLACK
6
CONTINUOUS
10
103.9252970000000005
20
-59.9399990000000003
11
104.0918339999999915
21
-59.8848139999999987
0
LINE
8
BLACK
6
CONTINUOUS
10
104.0918339999999915
20
-59.8848139999999987
11
104.2411559999999895
21
-59.7927119999999945
0
LINE
8
BLACK
6
CONTINUOUS
10
104.2411559999999895
20
-59.7927119999999945
11
104.3652119999999996
21
-59.6686559999999986
0
LINE
8
BLACK
6
CONTINUOUS
10
104.3652119999999996
20
-59.6686559999999986
11
104.4573139999999967
21
-59.5193340000000006
0
LINE
8
BLACK
6
CONTINUOUS
10
104.4573139999999967
20
-59.5193340000000006
11
104.5124989999999912
21
-59.3527969999999954
0
LINE
8
BLACK
6
CONTINUOUS
10
104.5124989999999912
20
-59.3527969999999954
11
104.5229999999999961
21
-59.2500089999999986
0
LINE
8
BLACK
6
CONTINUOUS
10
104.5229999999999961
20
-59.2500089999999986
11
104.5229989999999987
21
-58.8764409999999998
0
LINE
8
BLACK
6
CONTINUOUS
10
104.5229989999999987
20
-58.8764409999999998
11
104.5426829999999967
21
-58.8094029999999961
0
LINE
8
BLACK
6
CONTINUOUS
10
104.5426829999999967
20
-58.8094029999999961
11
104.5593129999999888
21
-58.7887659999999954
0
LINE
8
BLACK
6
CONTINUOUS
10
104.5593129999999888
20
-58.7887659999999954
11
110.8689199999999886
21
-52.4791609999999977
0
LINE
8
BLACK
6
CONTINUOUS
10
110.8689199999999886
20
-52.4791609999999977
11
110.9588579999999922
21
-52.3619509999999977
0
LINE
8
BLACK
6
CONTINUOUS
10
110.9588579999999922
20
-52.3619509999999977
11
111.0086110000000019
21
-52.2971119999999985
0
LINE
8
BLACK
6
CONTINUOUS
10
111.0086110000000019
20
-52.2971119999999985
11
111.1233439999999888
21
-52.0983879999999999
0
LINE
8
BLACK
6
CONTINUOUS
10
111.1233439999999888
20
-52.0983879999999999
11
111.2111579999999975
21
-51.8863869999999991
0
LINE
8
BLACK
6
CONTINUOUS
10
111.2111579999999975
20
-51.8863869999999991
11
111.2521589999999918
21
-51.7333679999999987
0
LINE
8
BLACK
6
CONTINUOUS
10
111.2521589999999918
20
-51.7333679999999987
11
111.2705479999999909
21
-51.6647389999999973
0
LINE
8
BLACK
6
CONTINUOUS
10
111.2705479999999909
20
-51.6647389999999973
11
111.2765039999999885
21
-51.6194999999999951
0
LINE
8
BLACK
6
CONTINUOUS
10
111.2765039999999885
20
-51.6194999999999951
11
111.3004999999999995
21
-51.4372339999999966
0
LINE
8
BLACK
6
CONTINUOUS
10
111.3004999999999995
20
-51.4372339999999966
11
111.3004999999999995
21
-48.0952659999999952
0
LINE
8
BLACK
6
CONTINUOUS
10
111.3004999999999995
20
-48.0952659999999952
11
111.2705479999999909
21
-47.867761999999999
0
LINE
8
BLACK
6
CONTINUOUS
10
111.2705479999999909
20
-47.867761999999999
11
111.2111579999999975
21
-47.6461129999999997
0
LINE
8
BLACK
6
CONTINUOUS
10
111.2111579999999975
20
-47.6461129999999997
11
111.1444690000000008
21
-47.4851120000000009
0
LINE
8
BLACK
6
CONTINUOUS
10
111.1444690000000008
20
-47.4851120000000009
11
111.1233489999999904
21
-47.4341229999999996
0
LINE
8
BLACK
6
CONTINUOUS
10
111.1233489999999904
20
-47.4341229999999996
11
111.123345999999998
21
-47.4341170000000005
0
LINE
8
BLACK
6
CONTINUOUS
10
111.123345999999998
20
-47.4341170000000005
11
111.1233439999999888
21
-47.4341119999999989
0
LINE
8
BLACK
6
CONTINUOUS
10
111.1233439999999888
20
-47.4341119999999989
11
111.0086110000000019
21
-47.2353880000000004
0
LINE
8
BLACK
6
CONTINUOUS
10
111.0086110000000019
20
-47.2353880000000004
11
111.0086079999999953
21
-47.2353850000000008
0
LINE
8
BLACK
6
CONTINUOUS
10
111.0086079999999953
20
-47.2353850000000008
11
111.0086069999999978
21
-47.2353820000000013
0
LINE
8
BLACK
6
CONTINUOUS
10
111.0086069999999978
20
-47.2353820000000013
11
110.8689179999999936
21
-47.0533379999999966
0
LINE
8
BLACK
6
CONTINUOUS
10
110.8689179999999936
20
-47.0533379999999966
11
110.7955630000000014
21
-46.9799829999999972
0
LINE
8
BLACK
6
CONTINUOUS
10
110.7955630000000014
20
-46.9799829999999972
11
110.7066609999999969
21
-46.8910809999999998
0
LINE
8
BLACK
6
CONTINUOUS
10
110.7066609999999969
20
-46.8910809999999998
11
104.5868179999999938
21
-40.7712369999999993
0
LINE
8
BLACK
6
CONTINUOUS
10
104.5868179999999938
20
-40.7712369999999993
11
104.553332999999995
21
-40.7099139999999977
0
LINE
8
BLACK
6
CONTINUOUS
10
104.553332999999995
20
-40.7099139999999977
11
104.5504990000000021
21
-40.6835559999999958
0
LINE
8
BLACK
6
CONTINUOUS
10
104.5504990000000021
20
-40.6835559999999958
11
104.5504990000000021
21
-40.3099980000000002
0
LINE
8
BLACK
6
CONTINUOUS
10
104.5504990000000021
20
-40.3099980000000002
11
104.5504979999999904
21
-40.3099810000000005
0
LINE
8
BLACK
6
CONTINUOUS
10
104.5504979999999904
20
-40.3099810000000005
11
104.5399989999999946
21
-40.2072029999999998
0
LINE
8
BLACK
6
CONTINUOUS
10
104.5399989999999946
20
-40.2072029999999998
11
104.5399979999999971
21
-40.2072000000000003
0
LINE
8
BLACK
6
CONTINUOUS
10
104.5399979999999971
20
-40.2072000000000003
11
104.4848140000000001
21
-40.0406660000000016
0
LINE
8
BLACK
6
CONTINUOUS
10
104.4848140000000001
20
-40.0406660000000016
11
104.3927119999999888
21
-39.8913439999999966
0
LINE
8
BLACK
6
CONTINUOUS
10
104.3927119999999888
20
-39.8913439999999966
11
104.2686559999999929
21
-39.7672880000000006
0
LINE
8
BLACK
6
CONTINUOUS
10
104.2686559999999929
20
-39.7672880000000006
11
104.1193339999999949
21
-39.6751859999999965
0
LINE
8
BLACK
6
CONTINUOUS
10
104.1193339999999949
20
-39.6751859999999965
11
103.9527969999999897
21
-39.6200009999999949
0
LINE
8
BLACK
6
CONTINUOUS
10
103.9527969999999897
20
-39.6200009999999949
11
103.9527949999999947
21
-39.6199999999999974
0
LINE
8
BLACK
6
CONTINUOUS
10
103.9527949999999947
20
-39.6199999999999974
11
103.8500099999999975
21
-39.609499999999997
0
LINE
8
BLACK
6
CONTINUOUS
10
103.8500099999999975
20
-39.609499999999997
11
101.6499979999999965
21
-39.609499999999997
0
LINE
8
BLACK
6
CONTINUOUS
10
101.6499979999999965
20
-39.609499999999997
11
101.6499809999999968
21
-39.6095010000000016
0
LINE
8
BLACK
6
CONTINUOUS
10
101.6499809999999968
20
-39.6095010000000016
11
101.5472029999999961
21
-39.6199999999999974
0
LINE
8
BLACK
6
CONTINUOUS
10
101.5472029999999961
20
-39.6199999999999974
11
101.5471999999999895
21
-39.6200009999999949
0
LINE
8
BLACK
6
CONTINUOUS
10
101.5471999999999895
20
-39.6200009999999949
11
101.380668
21
-39.675184999999999
0
LINE
8
BLACK
6
CONTINUOUS
10
101.380668
20
-39.675184999999999
11
101.3806629999999984
21
-39.6751870000000011
0
LINE
8
BLACK
6
CONTINUOUS
10
101.3806629999999984
20
-39.6751870000000011
11
101.2313419999999979
21
-39.7672889999999981
0
LINE
8
BLACK
6
CONTINUOUS
10
101.2313419999999979
20
-39.7672889999999981
11
101.1072889999999944
21
-39.8913420000000016
0
LINE
8
BLACK
6
CONTINUOUS
10
101.1072889999999944
20
-39.8913420000000016
11
101.0151869999999974
21
-40.040662999999995
0
LINE
8
BLACK
6
CONTINUOUS
10
101.0151869999999974
20
-40.040662999999995
11
101.0151859999999999
21
-40.0406660000000016
0
LINE
8
BLACK
6
CONTINUOUS
10
101.0151859999999999
20
-40.0406660000000016
11
100.9600009999999912
21
-40.2072029999999998
0
LINE
8
BLACK
6
CONTINUOUS
10
100.9600009999999912
20
-40.2072029999999998
11
100.9600009999999912
21
-40.2072039999999973
0
LINE
8
BLACK
6
CONTINUOUS
10
100.9600009999999912
20
-40.2072039999999973
11
100.9599999999999937
21
-40.2072039999999973
0
LINE
8
BLACK
6
CONTINUOUS
10
100.9599999999999937
20
-40.2072039999999973
11
100.9495000000000005
21
-40.3099829999999955
0
LINE
8
BLACK
6
CONTINUOUS
10
100.9495000000000005
20
-40.3099829999999955
11
100.9495000000000005
21
-40.6835559999999958
0
LINE
8
BLACK
6
CONTINUOUS
10
100.9495000000000005
20
-40.6835559999999958
11
100.9298149999999907
21
-40.750594999999997
0
LINE
8
BLACK
6
CONTINUOUS
10
100.9298149999999907
20
-40.750594999999997
11
100.9131809999999945
21
-40.7712369999999993
0
LINE
8
BLACK
6
CONTINUOUS
10
100.9131809999999945
20
-40.7712369999999993
11
95.3912380000000013
21
-46.293180999999997
0
LINE
8
BLACK
6
CONTINUOUS
10
95.3912380000000013
20
-46.293180999999997
11
95.3299149999999997
21
-46.3266659999999959
0
LINE
8
BLACK
6
CONTINUOUS
10
95.3299149999999997
20
-46.3266659999999959
11
95.3035569999999979
21
-46.3294999999999959
0
LINE
8
BLACK
6
CONTINUOUS
10
95.3035569999999979
20
-46.3294999999999959
11
85.6590159999999941
21
-46.3294999999999959
0
LINE
8
BLACK
6
CONTINUOUS
10
85.6590159999999941
20
-46.3294999999999959
11
85.591977
21
-46.3098150000000004
0
LINE
8
BLACK
6
CONTINUOUS
10
85.591977
20
-46.3098150000000004
11
85.5462220000000002
21
-46.2570109999999985
0
LINE
8
BLACK
6
CONTINUOUS
10
85.5462220000000002
20
-46.2570109999999985
11
85.5362779999999958
21
-46.1878529999999969
0
LINE
8
BLACK
6
CONTINUOUS
10
85.5362779999999958
20
-46.1878529999999969
11
85.5516289999999913
21
-46.1435010000000005
0
LINE
8
BLACK
6
CONTINUOUS
10
85.5516289999999913
20
-46.1435010000000005
11
85.5733379999999926
21
-46.1058979999999963
0
LINE
8
BLACK
6
CONTINUOUS
10
85.5733379999999926
20
-46.1058979999999963
11
85.5733439999999916
21
-46.1058880000000002
0
LINE
8
BLACK
6
CONTINUOUS
10
85.5733439999999916
20
-46.1058880000000002
11
85.6611580000000004
21
-45.8938869999999994
0
LINE
8
BLACK
6
CONTINUOUS
10
85.6611580000000004
20
-45.8938869999999994
11
85.7205479999999937
21
-45.6722380000000001
0
LINE
8
BLACK
6
CONTINUOUS
10
85.7205479999999937
20
-45.6722380000000001
11
85.7505000000000024
21
-45.4447339999999969
0
LINE
8
BLACK
6
CONTINUOUS
10
85.7505000000000024
20
-45.4447339999999969
11
85.7505000000000024
21
-38.8852660000000014
0
LINE
8
BLACK
6
CONTINUOUS
10
85.7505000000000024
20
-38.8852660000000014
11
85.7205479999999937
21
-38.6577619999999982
0
LINE
8
BLACK
6
CONTINUOUS
10
85.7205479999999937
20
-38.6577619999999982
11
85.6611580000000004
21
-38.4361129999999989
0
LINE
8
BLACK
6
CONTINUOUS
10
85.6611580000000004
20
-38.4361129999999989
11
85.5733439999999916
21
-38.2241119999999981
0
LINE
8
BLACK
6
CONTINUOUS
10
85.5733439999999916
20
-38.2241119999999981
11
85.4586109999999906
21
-38.0253879999999995
0
LINE
8
BLACK
6
CONTINUOUS
10
85.4586109999999906
20
-38.0253879999999995
11
85.4586079999999981
21
-38.025385
0
LINE
8
BLACK
6
CONTINUOUS
10
85.4586079999999981
20
-38.025385
11
85.4586070000000007
21
-38.0253820000000005
0
LINE
8
BLACK
6
CONTINUOUS
10
85.4586070000000007
20
-38.0253820000000005
11
85.3189179999999965
21
-37.8433379999999957
0
LINE
8
BLACK
6
CONTINUOUS
10
85.3189179999999965
20
-37.8433379999999957
11
85.3189109999999999
21
-37.8433300000000017
0
LINE
8
BLACK
6
CONTINUOUS
10
85.3189109999999999
20
-37.8433300000000017
11
85.282591999999994
21
-37.8070109999999957
0
LINE
8
BLACK
6
CONTINUOUS
10
85.282591999999994
20
-37.8070109999999957
11
85.2825869999999924
21
-37.8070069999999987
0
LINE
8
BLACK
6
CONTINUOUS
10
85.2825869999999924
20
-37.8070069999999987
11
85.2428559999999891
21
-37.7672759999999954
0
LINE
8
BLACK
6
CONTINUOUS
10
85.2428559999999891
20
-37.7672759999999954
11
85.1566609999999997
21
-37.6810809999999989
0
LINE
8
BLACK
6
CONTINUOUS
10
85.1566609999999997
20
-37.6810809999999989
11
84.603398999999996
21
-37.1278189999999952
0
LINE
8
BLACK
6
CONTINUOUS
10
84.603398999999996
20
-37.1278189999999952
11
83.7712250000000012
21
-36.2956439999999958
0
LINE
8
BLACK
6
CONTINUOUS
10
83.7712250000000012
20
-36.2956439999999958
11
83.6875950000000017
21
-36.2120139999999964
0
LINE
8
BLACK
6
CONTINUOUS
10
83.6875950000000017
20
-36.2120139999999964
11
83.0868179999999938
21
-35.6112369999999956
0
LINE
8
BLACK
6
CONTINUOUS
10
83.0868179999999938
20
-35.6112369999999956
11
83.053332999999995
21
-35.5499140000000011
0
LINE
8
BLACK
6
CONTINUOUS
10
83.053332999999995
20
-35.5499140000000011
11
83.0504990000000021
21
-35.5235559999999992
0
LINE
8
BLACK
6
CONTINUOUS
10
83.0504990000000021
20
-35.5235559999999992
11
83.0504990000000021
21
-35.1499979999999965
0
LINE
8
BLACK
6
CONTINUOUS
10
83.0504990000000021
20
-35.1499979999999965
11
83.0504979999999904
21
-35.1499809999999968
0
LINE
8
BLACK
6
CONTINUOUS
10
83.0504979999999904
20
-35.1499809999999968
11
83.0399989999999946
21
-35.0472029999999961
0
LINE
8
BLACK
6
CONTINUOUS
10
83.0399989999999946
20
-35.0472029999999961
11
82.9848140000000001
21
-34.880665999999998
0
LINE
8
BLACK
6
CONTINUOUS
10
82.9848140000000001
20
-34.880665999999998
11
82.8927120000000031
21
-34.731344
0
LINE
8
BLACK
6
CONTINUOUS
10
82.8927120000000031
20
-34.731344
11
82.7686559999999929
21
-34.6072879999999969
0
LINE
8
BLACK
6
CONTINUOUS
10
82.7686559999999929
20
-34.6072879999999969
11
82.6758880000000005
21
-34.5500690000000006
0
LINE
8
BLACK
6
CONTINUOUS
10
82.6758880000000005
20
-34.5500690000000006
11
82.6193359999999899
21
-34.5151869999999974
0
LINE
8
BLACK
6
CONTINUOUS
10
82.6193359999999899
20
-34.5151869999999974
11
82.6193310000000025
21
-34.5151849999999953
0
LINE
8
BLACK
6
CONTINUOUS
10
82.6193310000000025
20
-34.5151849999999953
11
82.6178620000000024
21
-34.5146979999999957
0
LINE
8
BLACK
6
CONTINUOUS
10
82.6178620000000024
20
-34.5146979999999957
11
82.4527969999999897
21
-34.4600009999999983
0
LINE
8
BLACK
6
CONTINUOUS
10
82.4527969999999897
20
-34.4600009999999983
11
82.4527949999999947
21
-34.4600000000000009
0
LINE
8
BLACK
6
CONTINUOUS
10
82.4527949999999947
20
-34.4600000000000009
11
82.3500099999999975
21
-34.4495000000000005
0
LINE
8
BLACK
6
CONTINUOUS
10
82.3500099999999975
20
-34.4495000000000005
11
80.1499979999999965
21
-34.4495000000000005
0
LINE
8
BLACK
6
CONTINUOUS
10
80.1499979999999965
20
-34.4495000000000005
11
80.1499809999999968
21
-34.4495009999999979
0
LINE
8
BLACK
6
CONTINUOUS
10
80.1499809999999968
20
-34.4495009999999979
11
80.0472029999999961
21
-34.4600000000000009
0
LINE
8
BLACK
6
CONTINUOUS
10
80.0472029999999961
20
-34.4600000000000009
11
80.0471999999999895
21
-34.4600009999999983
0
LINE
8
BLACK
6
CONTINUOUS
10
80.0471999999999895
20
-34.4600009999999983
11
79.880668
21
-34.5151849999999953
0
LINE
8
BLACK
6
CONTINUOUS
10
79.880668
20
-34.5151849999999953
11
79.8806629999999984
21
-34.5151869999999974
0
LINE
8
BLACK
6
CONTINUOUS
10
79.8806629999999984
20
-34.5151869999999974
11
79.7313419999999979
21
-34.6072890000000015
0
LINE
8
BLACK
6
CONTINUOUS
10
79.7313419999999979
20
-34.6072890000000015
11
79.6072889999999944
21
-34.7313419999999979
0
LINE
8
BLACK
6
CONTINUOUS
10
79.6072889999999944
20
-34.7313419999999979
11
79.5151869999999974
21
-34.8806629999999984
0
LINE
8
BLACK
6
CONTINUOUS
10
79.5151869999999974
20
-34.8806629999999984
11
79.5151850000000024
21
-34.880668
0
LINE
8
BLACK
6
CONTINUOUS
10
79.5151850000000024
20
-34.880668
11
79.5111909999999966
21
-34.8927210000000017
0
LINE
8
BLACK
6
CONTINUOUS
10
79.5111909999999966
20
-34.8927210000000017
11
79.4600009999999912
21
-35.0472029999999961
0
LINE
8
BLACK
6
CONTINUOUS
10
79.4600009999999912
20
-35.0472029999999961
11
79.4600009999999912
21
-35.0472040000000007
0
LINE
8
BLACK
6
CONTINUOUS
10
79.4600009999999912
20
-35.0472040000000007
11
79.4599999999999937
21
-35.0472040000000007
0
LINE
8
BLACK
6
CONTINUOUS
10
79.4599999999999937
20
-35.0472040000000007
11
79.4495000000000005
21
-35.1499829999999989
0
LINE
8
BLACK
6
CONTINUOUS
10
79.4495000000000005
20
-35.1499829999999989
11
79.4495000000000005
21
-37.3500009999999989
0
LINE
8
BLACK
6
CONTINUOUS
10
79.4495000000000005
20
-37.3500009999999989
11
79.4495009999999979
21
-37.3500179999999986
0
LINE
8
BLACK
6
CONTINUOUS
10
79.4495009999999979
20
-37.3500179999999986
11
79.4599999999999937
21
-37.4527959999999993
0
LINE
8
BLACK
6
CONTINUOUS
10
79.4599999999999937
20
-37.4527959999999993
11
79.4600009999999912
21
-37.4527989999999988
0
LINE
8
BLACK
6
CONTINUOUS
10
79.4600009999999912
20
-37.4527989999999988
11
79.5151850000000024
21
-37.6193309999999954
0
LINE
8
BLACK
6
CONTINUOUS
10
79.5151850000000024
20
-37.6193309999999954
11
79.5151859999999999
21
-37.6193339999999949
0
LINE
8
BLACK
6
CONTINUOUS
10
79.5151859999999999
20
-37.6193339999999949
11
79.6072879999999969
21
-37.768656
0
LINE
8
BLACK
6
CONTINUOUS
10
79.6072879999999969
20
-37.768656
11
79.7313439999999929
21
-37.892711999999996
0
LINE
8
BLACK
6
CONTINUOUS
10
79.7313439999999929
20
-37.892711999999996
11
79.8806659999999908
21
-37.9848140000000001
0
LINE
8
BLACK
6
CONTINUOUS
10
79.8806659999999908
20
-37.9848140000000001
11
80.0472029999999961
21
-38.0399990000000017
0
LINE
8
BLACK
6
CONTINUOUS
10
80.0472029999999961
20
-38.0399990000000017
11
80.149991
21
-38.0504999999999995
0
LINE
8
BLACK
6
CONTINUOUS
10
80.149991
20
-38.0504999999999995
11
80.5235569999999967
21
-38.050498999999995
0
LINE
8
BLACK
6
CONTINUOUS
10
80.5235569999999967
20
-38.050498999999995
11
80.5905959999999908
21
-38.0701830000000001
0
LINE
8
BLACK
6
CONTINUOUS
10
80.5905959999999908
20
-38.0701830000000001
11
80.6112380000000002
21
-38.0868180000000009
0
LINE
8
BLACK
6
CONTINUOUS
10
80.6112380000000002
20
-38.0868180000000009
11
81.9348889999999983
21
-39.4104689999999991
0
LINE
8
BLACK
6
CONTINUOUS
10
81.9348889999999983
20
-39.4104689999999991
11
81.9683739999999972
21
-39.4717920000000007
0
LINE
8
BLACK
6
CONTINUOUS
10
81.9683739999999972
20
-39.4717920000000007
11
81.9633899999999898
21
-39.541483999999997
0
LINE
8
BLACK
6
CONTINUOUS
10
81.9633899999999898
20
-39.541483999999997
11
81.9215179999999918
21
-39.5974170000000001
0
LINE
8
BLACK
6
CONTINUOUS
10
81.9215179999999918
20
-39.5974170000000001
11
81.8560540000000003
21
-39.6218339999999998
0
LINE
8
BLACK
6
CONTINUOUS
10
81.8560540000000003
20
-39.6218339999999998
11
81.8151149999999916
21
-39.6179249999999996
0
LINE
8
BLACK
6
CONTINUOUS
10
81.8151149999999916
20
-39.6179249999999996
11
81.6019149999999911
21
-39.5607989999999958
0
LINE
8
BLACK
6
CONTINUOUS
10
81.6019149999999911
20
-39.5607989999999958
11
81.3679849999999902
21
-39.5300000000000011
0
LINE
8
BLACK
6
CONTINUOUS
10
81.3679849999999902
20
-39.5300000000000011
11
81.1320139999999981
21
-39.5300000000000011
0
LINE
8
BLACK
6
CONTINUOUS
10
81.1320139999999981
20
-39.5300000000000011
11
80.8980849999999947
21
-39.5607989999999958
0
LINE
8
BLACK
6
CONTINUOUS
10
80.8980849999999947
20
-39.5607989999999958
11
80.6701619999999906
21
-39.6218700000000013
0
LINE
8
BLACK
6
CONTINUOUS
10
80.6701619999999906
20
-39.6218700000000013
11
80.4521799999999985
21
-39.7121599999999972
0
LINE
8
BLACK
6
CONTINUOUS
10
80.4521799999999985
20
-39.7121599999999972
11
80.4521709999999928
21
-39.7121649999999988
0
LINE
8
BLACK
6
CONTINUOUS
10
80.4521709999999928
20
-39.7121649999999988
11
80.2478279999999984
21
-39.8301439999999971
0
LINE
8
BLACK
6
CONTINUOUS
10
80.2478279999999984
20
-39.8301439999999971
11
80.2478179999999952
21
-39.8301499999999962
0
LINE
8
BLACK
6
CONTINUOUS
10
80.2478179999999952
20
-39.8301499999999962
11
80.1662749999999988
21
-39.8927199999999971
0
LINE
8
BLACK
6
CONTINUOUS
10
80.1662749999999988
20
-39.8927199999999971
11
80.1662749999999988
21
-39.8927210000000017
0
LINE
8
BLACK
6
CONTINUOUS
10
80.1662749999999988
20
-39.8927210000000017
11
80.5269469999999927
21
-40.2533929999999955
0
LINE
8
BLACK
6
CONTINUOUS
10
80.5269469999999927
20
-40.2533929999999955
11
80.5707519999999988
21
-40.2215679999999978
0
LINE
8
BLACK
6
CONTINUOUS
10
80.5707519999999988
20
-40.2215679999999978
11
80.7525119999999959
21
-40.1289569999999998
0
LINE
8
BLACK
6
CONTINUOUS
10
80.7525119999999959
20
-40.1289569999999998
11
80.94652099999999
21
-40.0659190000000009
0
LINE
8
BLACK
6
CONTINUOUS
10
80.94652099999999
20
-40.0659190000000009
11
81.1480030000000028
21
-40.0340069999999955
0
LINE
8
BLACK
6
CONTINUOUS
10
81.1480030000000028
20
-40.0340069999999955
11
81.3519969999999972
21
-40.0340069999999955
0
LINE
8
BLACK
6
CONTINUOUS
10
81.3519969999999972
20
-40.0340069999999955
11
81.5534789999999958
21
-40.0659190000000009
0
LINE
8
BLACK
6
CONTINUOUS
10
81.5534789999999958
20
-40.0659190000000009
11
81.7474879999999899
21
-40.1289569999999998
0
LINE
8
BLACK
6
CONTINUOUS
10
81.7474879999999899
20
-40.1289569999999998
11
81.9292480000000012
21
-40.2215679999999978
0
LINE
8
BLACK
6
CONTINUOUS
10
81.9292480000000012
20
-40.2215679999999978
11
82.0942819999999926
21
-40.341471999999996
0
LINE
8
BLACK
6
CONTINUOUS
10
82.0942819999999926
20
-40.341471999999996
11
82.2385280000000023
21
-40.4857179999999985
0
LINE
8
BLACK
6
CONTINUOUS
10
82.2385280000000023
20
-40.4857179999999985
11
82.3584319999999934
21
-40.6507519999999971
0
LINE
8
BLACK
6
CONTINUOUS
10
82.3584319999999934
20
-40.6507519999999971
11
82.4510429999999985
21
-40.8325120000000013
0
LINE
8
BLACK
6
CONTINUOUS
10
82.4510429999999985
20
-40.8325120000000013
11
82.5140809999999902
21
-41.0265209999999954
0
LINE
8
BLACK
6
CONTINUOUS
10
82.5140809999999902
20
-41.0265209999999954
11
82.5459929999999957
21
-41.2280030000000011
0
LINE
8
BLACK
6
CONTINUOUS
10
82.5459929999999957
20
-41.2280030000000011
11
82.5459929999999957
21
-41.4319969999999955
0
LINE
8
BLACK
6
CONTINUOUS
10
82.5459929999999957
20
-41.4319969999999955
11
82.5140809999999902
21
-41.6334790000000012
0
LINE
8
BLACK
6
CONTINUOUS
10
82.5140809999999902
20
-41.6334790000000012
11
82.4510429999999985
21
-41.8274879999999953
0
LINE
8
BLACK
6
CONTINUOUS
10
82.4510429999999985
20
-41.8274879999999953
11
82.3584319999999934
21
-42.0092479999999995
0
LINE
8
BLACK
6
CONTINUOUS
10
82.3584319999999934
20
-42.0092479999999995
11
82.2385280000000023
21
-42.174281999999998
0
LINE
8
BLACK
6
CONTINUOUS
10
82.2385280000000023
20
-42.174281999999998
11
82.0942819999999926
21
-42.3185280000000006
0
LINE
8
BLACK
6
CONTINUOUS
10
82.0942819999999926
20
-42.3185280000000006
11
81.9292480000000012
21
-42.4384319999999988
0
LINE
8
BLACK
6
CONTINUOUS
10
81.9292480000000012
20
-42.4384319999999988
11
81.7474879999999899
21
-42.5310429999999968
0
LINE
8
BLACK
6
CONTINUOUS
10
81.7474879999999899
20
-42.5310429999999968
11
81.5534789999999958
21
-42.5940809999999956
0
LINE
8
BLACK
6
CONTINUOUS
10
81.5534789999999958
20
-42.5940809999999956
11
81.3519969999999972
21
-42.6259930000000011
0
LINE
8
BLACK
6
CONTINUOUS
10
81.3519969999999972
20
-42.6259930000000011
11
81.1480030000000028
21
-42.6259930000000011
0
LINE
8
BLACK
6
CONTINUOUS
10
81.1480030000000028
20
-42.6259930000000011
11
80.94652099999999
21
-42.5940809999999956
0
LINE
8
BLACK
6
CONTINUOUS
10
80.94652099999999
20
-42.5940809999999956
11
80.7525119999999959
21
-42.5310429999999968
0
LINE
8
BLACK
6
CONTINUOUS
10
80.7525119999999959
20
-42.5310429999999968
11
80.5707519999999988
21
-42.4384319999999988
0
LINE
8
BLACK
6
CONTINUOUS
10
80.5707519999999988
20
-42.4384319999999988
11
80.5269459999999953
21
-42.406604999999999
0
LINE
8
BLACK
6
CONTINUOUS
10
80.5269459999999953
20
-42.406604999999999
11
80.1662749999999988
21
-42.767277
0
LINE
8
BLACK
6
CONTINUOUS
10
80.1662749999999988
20
-42.767277
11
80.2478270000000009
21
-42.8298539999999974
0
LINE
8
BLACK
6
CONTINUOUS
10
80.2478270000000009
20
-42.8298539999999974
11
80.2478279999999984
21
-42.8298549999999949
0
LINE
8
BLACK
6
CONTINUOUS
10
80.2478279999999984
20
-42.8298549999999949
11
80.4521709999999928
21
-42.9478340000000003
0
LINE
8
BLACK
6
CONTINUOUS
10
80.4521709999999928
20
-42.9478340000000003
11
80.4521799999999985
21
-42.9478389999999948
0
LINE
8
BLACK
6
CONTINUOUS
10
80.4521799999999985
20
-42.9478389999999948
11
80.6701630000000023
21
-43.0381289999999979
0
LINE
8
BLACK
6
CONTINUOUS
10
80.6701630000000023
20
-43.0381289999999979
11
80.6701609999999931
21
-43.0381289999999979
0
LINE
8
BLACK
6
CONTINUOUS
10
80.6701609999999931
20
-43.0381289999999979
11
80.8980849999999947
21
-43.0991999999999962
0
LINE
8
BLACK
6
CONTINUOUS
10
80.8980849999999947
20
-43.0991999999999962
11
81.1320139999999981
21
-43.129998999999998
0
LINE
8
BLACK
6
CONTINUOUS
10
81.1320139999999981
20
-43.129998999999998
11
81.1320290000000028
21
-43.1299999999999955
0
LINE
8
BLACK
6
CONTINUOUS
10
81.1320290000000028
20
-43.1299999999999955
11
81.3679709999999972
21
-43.1299999999999955
0
LINE
8
BLACK
6
CONTINUOUS
10
81.3679709999999972
20
-43.1299999999999955
11
81.3679849999999902
21
-43.129998999999998
0
LINE
8
BLACK
6
CONTINUOUS
10
81.3679849999999902
20
-43.129998999999998
11
81.6019139999999936
21
-43.0991999999999962
0
LINE
8
BLACK
6
CONTINUOUS
10
81.6019139999999936
20
-43.0991999999999962
11
81.8298369999999977
21
-43.0381289999999979
0
LINE
8
BLACK
6
CONTINUOUS
10
81.8298369999999977
20
-43.0381289999999979
11
82.0478189999999898
21
-42.9478389999999948
0
LINE
8
BLACK
6
CONTINUOUS
10
82.0478189999999898
20
-42.9478389999999948
11
82.0478319999999997
21
-42.9478319999999982
0
LINE
8
BLACK
6
CONTINUOUS
10
82.0478319999999997
20
-42.9478319999999982
11
82.0634979999999956
21
-42.9387879999999953
0
LINE
8
BLACK
6
CONTINUOUS
10
82.0634979999999956
20
-42.9387879999999953
11
82.1313979999999901
21
-42.9223140000000001
0
LINE
8
BLACK
6
CONTINUOUS
10
82.1313979999999901
20
-42.9223140000000001
11
82.197425999999993
21
-42.9451660000000004
0
LINE
8
BLACK
6
CONTINUOUS
10
82.197425999999993
20
-42.9451660000000004
11
82.2406170000000003
21
-43.000085999999996
0
LINE
8
BLACK
6
CONTINUOUS
10
82.2406170000000003
20
-43.000085999999996
11
82.2494999999999976
21
-43.0461740000000006
0
LINE
8
BLACK
6
CONTINUOUS
10
82.2494999999999976
20
-43.0461740000000006
11
82.2494999999999976
21
-44.5535560000000004
0
LINE
8
BLACK
6
CONTINUOUS
10
82.2494999999999976
20
-44.5535560000000004
11
82.2298150000000021
21
-44.6205949999999945
0
LINE
8
BLACK
6
CONTINUOUS
10
82.2298150000000021
20
-44.6205949999999945
11
82.2131809999999916
21
-44.6412369999999967
0
LINE
8
BLACK
6
CONTINUOUS
10
82.2131809999999916
20
-44.6412369999999967
11
80.611235999999991
21
-46.2431809999999999
0
LINE
8
BLACK
6
CONTINUOUS
10
80.611235999999991
20
-46.2431809999999999
11
80.5499129999999894
21
-46.2766659999999987
0
LINE
8
BLACK
6
CONTINUOUS
10
80.5499129999999894
20
-46.2766659999999987
11
80.5235550000000018
21
-46.2794999999999987
0
LINE
8
BLACK
6
CONTINUOUS
10
80.5235550000000018
20
-46.2794999999999987
11
80.1499979999999965
21
-46.2794999999999987
0
LINE
8
BLACK
6
CONTINUOUS
10
80.1499979999999965
20
-46.2794999999999987
11
80.1499799999999993
21
-46.2795009999999962
0
LINE
8
BLACK
6
CONTINUOUS
10
80.1499799999999993
20
-46.2795009999999962
11
80.0472029999999961
21
-46.2899999999999991
0
LINE
8
BLACK
6
CONTINUOUS
10
80.0472029999999961
20
-46.2899999999999991
11
80.0471999999999895
21
-46.2900009999999966
0
LINE
8
BLACK
6
CONTINUOUS
10
80.0471999999999895
20
-46.2900009999999966
11
79.880668
21
-46.3451850000000007
0
LINE
8
BLACK
6
CONTINUOUS
10
79.880668
20
-46.3451850000000007
11
79.8806629999999984
21
-46.3451869999999957
0
LINE
8
BLACK
6
CONTINUOUS
10
79.8806629999999984
20
-46.3451869999999957
11
79.7313419999999979
21
-46.4372889999999998
0
LINE
8
BLACK
6
CONTINUOUS
10
79.7313419999999979
20
-46.4372889999999998
11
79.6072889999999944
21
-46.5613419999999962
0
LINE
8
BLACK
6
CONTINUOUS
10
79.6072889999999944
20
-46.5613419999999962
11
79.5151869999999974
21
-46.7106629999999967
0
LINE
8
BLACK
6
CONTINUOUS
10
79.5151869999999974
20
-46.7106629999999967
11
79.5151859999999999
21
-46.7106659999999962
0
LINE
8
BLACK
6
CONTINUOUS
10
79.5151859999999999
20
-46.7106659999999962
11
79.4600009999999912
21
-46.8772029999999944
0
LINE
8
BLACK
6
CONTINUOUS
10
79.4600009999999912
20
-46.8772029999999944
11
79.4600009999999912
21
-46.877203999999999
0
LINE
8
BLACK
6
CONTINUOUS
10
79.4600009999999912
20
-46.877203999999999
11
79.4599999999999937
21
-46.877203999999999
0
LINE
8
BLACK
6
CONTINUOUS
10
79.4599999999999937
20
-46.877203999999999
11
79.4495000000000005
21
-46.9799829999999972
0
LINE
8
BLACK
6
CONTINUOUS
10
79.4495000000000005
20
-46.9799829999999972
11
79.4495000000000005
21
-47.3535559999999975
0
LINE
8
BLACK
6
CONTINUOUS
10
79.4495000000000005
20
-47.3535559999999975
11
79.4298149999999907
21
-47.4205949999999987
0
LINE
8
BLACK
6
CONTINUOUS
10
79.4298149999999907
20
-47.4205949999999987
11
79.4131809999999945
21
-47.441237000000001
0
LINE
8
BLACK
6
CONTINUOUS
10
79.4131809999999945
20
-47.441237000000001
11
73.0310839999999928
21
-53.8233329999999981
0
LINE
8
BLACK
6
CONTINUOUS
10
73.0310839999999928
20
-53.8233329999999981
11
73.0310779999999937
21
-53.8233399999999946
0
LINE
8
BLACK
6
CONTINUOUS
10
73.0310779999999937
20
-53.8233399999999946
11
72.9649659999999898
21
-53.9094999999999942
0
LINE
8
BLACK
6
CONTINUOUS
10
72.9649659999999898
20
-53.9094999999999942
11
72.8913879999999921
21
-54.0053879999999964
0
LINE
8
BLACK
6
CONTINUOUS
10
72.8913879999999921
20
-54.0053879999999964
11
72.7766570000000002
21
-54.204107999999998
0
LINE
8
BLACK
6
CONTINUOUS
10
72.7766570000000002
20
-54.204107999999998
11
72.7766500000000036
21
-54.2041229999999956
0
LINE
8
BLACK
6
CONTINUOUS
10
72.7766500000000036
20
-54.2041229999999956
11
72.688841999999994
21
-54.4161119999999983
0
LINE
8
BLACK
6
CONTINUOUS
10
72.688841999999994
20
-54.4161119999999983
11
72.6860339999999923
21
-54.4265919999999994
0
LINE
8
BLACK
6
CONTINUOUS
10
72.6860339999999923
20
-54.4265919999999994
11
72.6475369999999998
21
-54.5702689999999961
0
LINE
8
BLACK
6
CONTINUOUS
10
72.6475369999999998
20
-54.5702689999999961
11
72.629452999999998
21
-54.6377589999999955
0
LINE
8
BLACK
6
CONTINUOUS
10
72.629452999999998
20
-54.6377589999999955
11
72.6294510000000031
21
-54.6377699999999962
0
LINE
8
BLACK
6
CONTINUOUS
10
72.6294510000000031
20
-54.6377699999999962
11
72.5994999999999919
21
-54.8652579999999972
0
LINE
8
BLACK
6
CONTINUOUS
10
72.5994999999999919
20
-54.8652579999999972
11
72.5994999999999919
21
-82.2679929999999899
0
LINE
8
BLACK
6
CONTINUOUS
10
72.5994999999999919
20
-82.2679929999999899
11
72.5978250000000003
21
-82.2783670000000029
0
LINE
8
BLACK
6
CONTINUOUS
10
72.5978250000000003
20
-82.2783670000000029
11
72.5968689999999981
21
-82.2934010000000029
0
LINE
8
BLACK
6
CONTINUOUS
10
72.5968689999999981
20
-82.2934010000000029
11
72.5954229999999967
21
-82.3003029999999995
0
LINE
8
BLACK
6
CONTINUOUS
10
72.5954229999999967
20
-82.3003029999999995
11
72.5600009999999997
21
-82.4072029999999955
0
LINE
8
BLACK
6
CONTINUOUS
10
72.5600009999999997
20
-82.4072029999999955
11
72.5494999999999948
21
-82.5099909999999994
0
LINE
8
BLACK
6
CONTINUOUS
10
72.5494999999999948
20
-82.5099909999999994
11
72.5494999999999948
21
-82.5196729999999974
0
LINE
8
BLACK
6
CONTINUOUS
10
93.6035499999999985
20
-98.5600000000000023
11
93.7528939999999977
21
-98.5600000000000023
0
LINE
8
BLACK
6
CONTINUOUS
10
93.7528939999999977
20
-98.5600000000000023
11
93.8862909999999999
21
-98.4266020000000026
0
LINE
8
BLACK
6
CONTINUOUS
10
93.8862909999999999
20
-98.4266020000000026
11
93.8618589999999955
21
-98.3786499999999933
0
LINE
8
BLACK
6
CONTINUOUS
10
93.8618589999999955
20
-98.3786499999999933
11
93.8294739999999905
21
-98.3340769999999935
0
LINE
8
BLACK
6
CONTINUOUS
10
93.8294739999999905
20
-98.3340769999999935
11
93.8294739999999905
21
-98.334075999999996
0
LINE
8
BLACK
6
CONTINUOUS
10
93.8294739999999905
20
-98.334075999999996
11
93.6035499999999985
21
-98.5600000000000023
0
LINE
8
BLACK
6
CONTINUOUS
10
97.3381430000000023
20
-98.3786439999999942
11
97.2457369999999912
21
-98.5600000000000023
0
LINE
8
BLACK
6
CONTINUOUS
10
97.2457369999999912
20
-98.5600000000000023
11
97.5099999999999909
21
-98.5600000000000023
0
LINE
8
BLACK
6
CONTINUOUS
10
97.5099999999999909
20
-98.5600000000000023
11
97.5099999999999909
21
-98.4735529999999954
0
LINE
8
BLACK
6
CONTINUOUS
10
97.5099999999999909
20
-98.4735529999999954
11
97.370523999999989
21
-98.3340769999999935
0
LINE
8
BLACK
6
CONTINUOUS
10
97.370523999999989
20
-98.3340769999999935
11
97.3705229999999915
21
-98.3340769999999935
0
LINE
8
BLACK
6
CONTINUOUS
10
97.3705229999999915
20
-98.3340769999999935
11
97.3381430000000023
21
-98.3786439999999942
0
LINE
8
BLACK
6
CONTINUOUS
10
92.4455820000000017
20
-97.7920089999999931
11
92.2509680000000003
21
-97.855243999999999
0
LINE
8
BLACK
6
CONTINUOUS
10
92.2509680000000003
20
-97.855243999999999
11
92.0686439999999919
21
-97.9481430000000017
0
LINE
8
BLACK
6
CONTINUOUS
10
92.0686439999999919
20
-97.9481430000000017
11
92.0240769999999912
21
-97.9805229999999909
0
LINE
8
BLACK
6
CONTINUOUS
10
92.0240769999999912
20
-97.9805229999999909
11
92.0240769999999912
21
-97.9805240000000026
0
LINE
8
BLACK
6
CONTINUOUS
10
92.0240769999999912
20
-97.9805240000000026
11
92.3906549999999953
21
-98.347100999999995
0
LINE
8
BLACK
6
CONTINUOUS
10
92.3906549999999953
20
-98.347100999999995
11
92.5177719999999937
21
-98.2944479999999885
0
LINE
8
BLACK
6
CONTINUOUS
10
92.5177719999999937
20
-98.2944479999999885
11
92.6715859999999907
21
-98.263852
0
LINE
8
BLACK
6
CONTINUOUS
10
92.6715859999999907
20
-98.263852
11
92.8284139999999951
21
-98.263852
0
LINE
8
BLACK
6
CONTINUOUS
10
92.8284139999999951
20
-98.263852
11
92.9822279999999921
21
-98.2944479999999885
0
LINE
8
BLACK
6
CONTINUOUS
10
92.9822279999999921
20
-98.2944479999999885
11
93.109343999999993
21
-98.347100999999995
0
LINE
8
BLACK
6
CONTINUOUS
10
93.109343999999993
20
-98.347100999999995
11
93.4759219999999971
21
-97.9805240000000026
0
LINE
8
BLACK
6
CONTINUOUS
10
93.4759219999999971
20
-97.9805240000000026
11
93.4759209999999996
21
-97.9805229999999909
0
LINE
8
BLACK
6
CONTINUOUS
10
93.4759209999999996
20
-97.9805229999999909
11
93.4313590000000005
21
-97.9481469999999916
0
LINE
8
BLACK
6
CONTINUOUS
10
93.4313590000000005
20
-97.9481469999999916
11
93.4313499999999948
21
-97.9481409999999926
0
LINE
8
BLACK
6
CONTINUOUS
10
93.4313499999999948
20
-97.9481409999999926
11
93.2490310000000022
21
-97.855243999999999
0
LINE
8
BLACK
6
CONTINUOUS
10
93.2490310000000022
20
-97.855243999999999
11
93.0544170000000008
21
-97.7920089999999931
0
LINE
8
BLACK
6
CONTINUOUS
10
93.0544170000000008
20
-97.7920089999999931
11
92.8523169999999993
21
-97.7599999999999909
0
LINE
8
BLACK
6
CONTINUOUS
10
92.8523169999999993
20
-97.7599999999999909
11
92.6476830000000007
21
-97.7599999999999909
0
LINE
8
BLACK
6
CONTINUOUS
10
92.6476830000000007
20
-97.7599999999999909
11
92.4455820000000017
21
-97.7920089999999931
0
LINE
8
BLACK
6
CONTINUOUS
10
98.5099999999999909
20
-98.263852
11
98.5284139999999979
21
-98.263852
0
LINE
8
BLACK
6
CONTINUOUS
10
98.5284139999999979
20
-98.263852
11
98.6822279999999949
21
-98.2944479999999885
0
LINE
8
BLACK
6
CONTINUOUS
10
98.6822279999999949
20
-98.2944479999999885
11
98.8093439999999958
21
-98.347100999999995
0
LINE
8
BLACK
6
CONTINUOUS
10
98.8093439999999958
20
-98.347100999999995
11
99.1759219999999999
21
-97.9805240000000026
0
LINE
8
BLACK
6
CONTINUOUS
10
99.1759219999999999
20
-97.9805240000000026
11
99.1759210000000024
21
-97.9805229999999909
0
LINE
8
BLACK
6
CONTINUOUS
10
99.1759210000000024
20
-97.9805229999999909
11
99.1313589999999891
21
-97.9481469999999916
0
LINE
8
BLACK
6
CONTINUOUS
10
99.1313589999999891
20
-97.9481469999999916
11
99.1313499999999976
21
-97.9481409999999926
0
LINE
8
BLACK
6
CONTINUOUS
10
99.1313499999999976
20
-97.9481409999999926
11
98.9490309999999909
21
-97.855243999999999
0
LINE
8
BLACK
6
CONTINUOUS
10
98.9490309999999909
20
-97.855243999999999
11
98.7544169999999895
21
-97.7920089999999931
0
LINE
8
BLACK
6
CONTINUOUS
10
98.7544169999999895
20
-97.7920089999999931
11
98.5523170000000022
21
-97.7599999999999909
0
LINE
8
BLACK
6
CONTINUOUS
10
98.5523170000000022
20
-97.7599999999999909
11
98.5099999999999909
21
-97.7599999999999909
0
LINE
8
BLACK
6
CONTINUOUS
10
98.5099999999999909
20
-97.7599999999999909
11
98.5099999999999909
21
-98.263852
0
LINE
8
BLACK
6
CONTINUOUS
10
97.7144789999999972
20
-91.8290749999999889
11
97.7144759999999906
21
-91.8290749999999889
0
LINE
8
BLACK
6
CONTINUOUS
10
97.7144759999999906
20
-91.8290749999999889
11
97.5255619999999936
21
-91.8904569999999978
0
LINE
8
BLACK
6
CONTINUOUS
10
97.5255619999999936
20
-91.8904569999999978
11
97.3485639999999961
21
-91.9806430000000006
0
LINE
8
BLACK
6
CONTINUOUS
10
97.3485639999999961
20
-91.9806430000000006
11
97.3112829999999889
21
-92.0077289999999977
0
LINE
8
BLACK
6
CONTINUOUS
10
97.3112829999999889
20
-92.0077289999999977
11
97.3112819999999914
21
-92.0077299999999951
0
LINE
8
BLACK
6
CONTINUOUS
10
97.3112819999999914
20
-92.0077299999999951
11
97.6795979999999986
21
-92.3760449999999906
0
LINE
8
BLACK
6
CONTINUOUS
10
97.6795979999999986
20
-92.3760449999999906
11
97.7888030000000015
21
-92.3308109999999971
0
LINE
8
BLACK
6
CONTINUOUS
10
97.7888030000000015
20
-92.3308109999999971
11
97.9353109999999987
21
-92.3016689999999898
0
LINE
8
BLACK
6
CONTINUOUS
10
97.9353109999999987
20
-92.3016689999999898
11
98.0846889999999973
21
-92.3016689999999898
0
LINE
8
BLACK
6
CONTINUOUS
10
98.0846889999999973
20
-92.3016689999999898
11
98.2311969999999945
21
-92.3308109999999971
0
LINE
8
BLACK
6
CONTINUOUS
10
98.2311969999999945
20
-92.3308109999999971
11
98.340401
21
-92.3760449999999906
0
LINE
8
BLACK
6
CONTINUOUS
10
98.340401
20
-92.3760449999999906
11
98.7087159999999955
21
-92.0077309999999926
0
LINE
8
BLACK
6
CONTINUOUS
10
98.7087159999999955
20
-92.0077309999999926
11
98.708714999999998
21
-92.0077299999999951
0
LINE
8
BLACK
6
CONTINUOUS
10
98.708714999999998
20
-92.0077299999999951
11
98.6714319999999958
21
-91.9806409999999914
0
LINE
8
BLACK
6
CONTINUOUS
10
98.6714319999999958
20
-91.9806409999999914
11
98.4944369999999907
21
-91.8904569999999978
0
LINE
8
BLACK
6
CONTINUOUS
10
98.4944369999999907
20
-91.8904569999999978
11
98.3055219999999963
21
-91.8290749999999889
0
LINE
8
BLACK
6
CONTINUOUS
10
98.3055219999999963
20
-91.8290749999999889
11
98.1093209999999942
21
-91.7980000000000018
0
LINE
8
BLACK
6
CONTINUOUS
10
98.1093209999999942
20
-91.7980000000000018
11
97.9106790000000018
21
-91.7980000000000018
0
LINE
8
BLACK
6
CONTINUOUS
10
97.9106790000000018
20
-91.7980000000000018
11
97.7144789999999972
21
-91.8290749999999889
0
LINE
8
BLACK
6
CONTINUOUS
10
73.2662749999999932
20
-90.1272769999999923
11
73.3478269999999952
21
-90.1898539999999969
0
LINE
8
BLACK
6
CONTINUOUS
10
73.3478269999999952
20
-90.1898539999999969
11
73.3478279999999927
21
-90.1898549999999943
0
LINE
8
BLACK
6
CONTINUOUS
10
73.3478279999999927
20
-90.1898549999999943
11
73.5521710000000013
21
-90.3078339999999997
0
LINE
8
BLACK
6
CONTINUOUS
10
73.5521710000000013
20
-90.3078339999999997
11
73.5521799999999928
21
-90.3078390000000013
0
LINE
8
BLACK
6
CONTINUOUS
10
73.5521799999999928
20
-90.3078390000000013
11
73.7701629999999966
21
-90.3981289999999973
0
LINE
8
BLACK
6
CONTINUOUS
10
73.7701629999999966
20
-90.3981289999999973
11
73.7701610000000016
21
-90.3981289999999973
0
LINE
8
BLACK
6
CONTINUOUS
10
73.7701610000000016
20
-90.3981289999999973
11
73.9980850000000032
21
-90.4591999999999956
0
LINE
8
BLACK
6
CONTINUOUS
10
73.9980850000000032
20
-90.4591999999999956
11
74.2320139999999924
21
-90.4899989999999974
0
LINE
8
BLACK
6
CONTINUOUS
10
74.2320139999999924
20
-90.4899989999999974
11
74.2320289999999972
21
-90.4899999999999949
0
LINE
8
BLACK
6
CONTINUOUS
10
74.2320289999999972
20
-90.4899999999999949
11
74.4679709999999915
21
-90.4899999999999949
0
LINE
8
BLACK
6
CONTINUOUS
10
74.4679709999999915
20
-90.4899999999999949
11
74.4679849999999988
21
-90.4899989999999974
0
LINE
8
BLACK
6
CONTINUOUS
10
74.4679849999999988
20
-90.4899989999999974
11
74.7019140000000021
21
-90.4591999999999956
0
LINE
8
BLACK
6
CONTINUOUS
10
74.7019140000000021
20
-90.4591999999999956
11
74.929836999999992
21
-90.3981289999999973
0
LINE
8
BLACK
6
CONTINUOUS
10
74.929836999999992
20
-90.3981289999999973
11
75.1478189999999984
21
-90.3078390000000013
0
LINE
8
BLACK
6
CONTINUOUS
10
75.1478189999999984
20
-90.3078390000000013
11
75.1478279999999899
21
-90.3078339999999997
0
LINE
8
BLACK
6
CONTINUOUS
10
75.1478279999999899
20
-90.3078339999999997
11
75.3521810000000016
21
-90.1898499999999927
0
LINE
8
BLACK
6
CONTINUOUS
10
75.3521810000000016
20
-90.1898499999999927
11
75.4337230000000005
21
-90.1272790000000015
0
LINE
8
BLACK
6
CONTINUOUS
10
75.4337230000000005
20
-90.1272790000000015
11
75.4337230000000005
21
-90.1272759999999948
0
LINE
8
BLACK
6
CONTINUOUS
10
75.4337230000000005
20
-90.1272759999999948
11
75.0730519999999899
21
-89.7666059999999959
0
LINE
8
BLACK
6
CONTINUOUS
10
75.0730519999999899
20
-89.7666059999999959
11
75.0292479999999955
21
-89.7984319999999911
0
LINE
8
BLACK
6
CONTINUOUS
10
75.0292479999999955
20
-89.7984319999999911
11
74.8474879999999985
21
-89.8910429999999963
0
LINE
8
BLACK
6
CONTINUOUS
10
74.8474879999999985
20
-89.8910429999999963
11
74.6534789999999902
21
-89.9540810000000022
0
LINE
8
BLACK
6
CONTINUOUS
10
74.6534789999999902
20
-89.9540810000000022
11
74.4519969999999915
21
-89.9859929999999935
0
LINE
8
BLACK
6
CONTINUOUS
10
74.4519969999999915
20
-89.9859929999999935
11
74.2480029999999971
21
-89.9859929999999935
0
LINE
8
BLACK
6
CONTINUOUS
10
74.2480029999999971
20
-89.9859929999999935
11
74.0465209999999985
21
-89.9540810000000022
0
LINE
8
BLACK
6
CONTINUOUS
10
74.0465209999999985
20
-89.9540810000000022
11
73.8525119999999902
21
-89.8910429999999963
0
LINE
8
BLACK
6
CONTINUOUS
10
73.8525119999999902
20
-89.8910429999999963
11
73.6707519999999931
21
-89.7984319999999911
0
LINE
8
BLACK
6
CONTINUOUS
10
73.6707519999999931
20
-89.7984319999999911
11
73.6269459999999896
21
-89.7666049999999984
0
LINE
8
BLACK
6
CONTINUOUS
10
73.6269459999999896
20
-89.7666049999999984
11
73.2662749999999932
21
-90.1272769999999923
0
LINE
8
BLACK
6
CONTINUOUS
10
72.8501499999999993
20
-87.6878179999999929
11
72.8501440000000002
21
-87.6878279999999961
0
LINE
8
BLACK
6
CONTINUOUS
10
72.8501440000000002
20
-87.6878279999999961
11
72.7321649999999948
21
-87.8921709999999905
0
LINE
8
BLACK
6
CONTINUOUS
10
72.7321649999999948
20
-87.8921709999999905
11
72.7321599999999933
21
-87.8921799999999962
0
LINE
8
BLACK
6
CONTINUOUS
10
72.7321599999999933
20
-87.8921799999999962
11
72.6418699999999973
21
-88.1101620000000025
0
LINE
8
BLACK
6
CONTINUOUS
10
72.6418699999999973
20
-88.1101620000000025
11
72.580798999999999
21
-88.3380849999999924
0
LINE
8
BLACK
6
CONTINUOUS
10
72.580798999999999
20
-88.3380849999999924
11
72.5499999999999972
21
-88.5720139999999958
0
LINE
8
BLACK
6
CONTINUOUS
10
72.5499999999999972
20
-88.5720139999999958
11
72.5499999999999972
21
-88.8079850000000022
0
LINE
8
BLACK
6
CONTINUOUS
10
72.5499999999999972
20
-88.8079850000000022
11
72.580798999999999
21
-89.0419139999999913
0
LINE
8
BLACK
6
CONTINUOUS
10
72.580798999999999
20
-89.0419139999999913
11
72.6418699999999973
21
-89.2698369999999954
0
LINE
8
BLACK
6
CONTINUOUS
10
72.6418699999999973
20
-89.2698369999999954
11
72.7321599999999933
21
-89.4878190000000018
0
LINE
8
BLACK
6
CONTINUOUS
10
72.7321599999999933
20
-89.4878190000000018
11
72.7321649999999948
21
-89.4878279999999933
0
LINE
8
BLACK
6
CONTINUOUS
10
72.7321649999999948
20
-89.4878279999999933
11
72.8501440000000002
21
-89.6921710000000019
0
LINE
8
BLACK
6
CONTINUOUS
10
72.8501440000000002
20
-89.6921710000000019
11
72.8501449999999977
21
-89.6921719999999993
0
LINE
8
BLACK
6
CONTINUOUS
10
72.8501449999999977
20
-89.6921719999999993
11
72.9127209999999906
21
-89.7737229999999897
0
LINE
8
BLACK
6
CONTINUOUS
10
72.9127209999999906
20
-89.7737229999999897
11
73.2733920000000012
21
-89.4130509999999958
0
LINE
8
BLACK
6
CONTINUOUS
10
73.2733920000000012
20
-89.4130509999999958
11
73.2415680000000009
21
-89.3692479999999989
0
LINE
8
BLACK
6
CONTINUOUS
10
73.2415680000000009
20
-89.3692479999999989
11
73.1489569999999958
21
-89.1874880000000019
0
LINE
8
BLACK
6
CONTINUOUS
10
73.1489569999999958
20
-89.1874880000000019
11
73.0859189999999899
21
-88.9934789999999936
0
LINE
8
BLACK
6
CONTINUOUS
10
73.0859189999999899
20
-88.9934789999999936
11
73.0540069999999986
21
-88.791996999999995
0
LINE
8
BLACK
6
CONTINUOUS
10
73.0540069999999986
20
-88.791996999999995
11
73.0540069999999986
21
-88.5880030000000005
0
LINE
8
BLACK
6
CONTINUOUS
10
73.0540069999999986
20
-88.5880030000000005
11
73.0859189999999899
21
-88.3865210000000019
0
LINE
8
BLACK
6
CONTINUOUS
10
73.0859189999999899
20
-88.3865210000000019
11
73.1489569999999958
21
-88.1925119999999936
0
LINE
8
BLACK
6
CONTINUOUS
10
73.1489569999999958
20
-88.1925119999999936
11
73.2415680000000009
21
-88.0107519999999965
0
LINE
8
BLACK
6
CONTINUOUS
10
73.2415680000000009
20
-88.0107519999999965
11
73.2733929999999987
21
-87.9669469999999905
0
LINE
8
BLACK
6
CONTINUOUS
10
73.2733929999999987
20
-87.9669469999999905
11
72.9127209999999906
21
-87.6062749999999966
0
LINE
8
BLACK
6
CONTINUOUS
10
72.9127209999999906
20
-87.6062749999999966
11
72.9127199999999931
21
-87.6062749999999966
0
LINE
8
BLACK
6
CONTINUOUS
10
72.9127199999999931
20
-87.6062749999999966
11
72.8501499999999993
21
-87.6878179999999929
0
LINE
8
BLACK
6
CONTINUOUS
10
87.1086439999999982
20
-72.4181430000000006
11
87.0640769999999975
21
-72.4505229999999898
0
LINE
8
BLACK
6
CONTINUOUS
10
87.0640769999999975
20
-72.4505229999999898
11
87.0640769999999975
21
-72.4505240000000015
0
LINE
8
BLACK
6
CONTINUOUS
10
87.0640769999999975
20
-72.4505240000000015
11
87.289999999999992
21
-72.6764459999999985
0
LINE
8
BLACK
6
CONTINUOUS
10
87.289999999999992
20
-72.6764459999999985
11
87.289999999999992
21
-72.3257370000000037
0
LINE
8
BLACK
6
CONTINUOUS
10
87.289999999999992
20
-72.3257370000000037
11
87.1086439999999982
21
-72.4181430000000006
0
LINE
8
BLACK
6
CONTINUOUS
10
88.289999999999992
20
-72.6764459999999985
11
88.5159219999999891
21
-72.4505240000000015
0
LINE
8
BLACK
6
CONTINUOUS
10
88.5159219999999891
20
-72.4505240000000015
11
88.5159209999999916
21
-72.4505229999999898
0
LINE
8
BLACK
6
CONTINUOUS
10
88.5159209999999916
20
-72.4505229999999898
11
88.4713589999999925
21
-72.4181469999999905
0
LINE
8
BLACK
6
CONTINUOUS
10
88.4713589999999925
20
-72.4181469999999905
11
88.471350000000001
21
-72.4181409999999914
0
LINE
8
BLACK
6
CONTINUOUS
10
88.471350000000001
20
-72.4181409999999914
11
88.289999999999992
21
-72.3257370000000037
0
LINE
8
BLACK
6
CONTINUOUS
10
88.289999999999992
20
-72.3257370000000037
11
88.289999999999992
21
-72.6764459999999985
0
LINE
8
BLACK
6
CONTINUOUS
10
104.9628969999999981
20
-70.7506520000000023
11
105.0155519999999996
21
-70.8777719999999931
0
LINE
8
BLACK
6
CONTINUOUS
10
105.0155519999999996
20
-70.8777719999999931
11
105.0461480000000023
21
-71.0315859999999901
0
LINE
8
BLACK
6
CONTINUOUS
10
105.0461480000000023
20
-71.0315859999999901
11
105.0461480000000023
21
-71.1884139999999945
0
LINE
8
BLACK
6
CONTINUOUS
10
105.0461480000000023
20
-71.1884139999999945
11
105.0155519999999996
21
-71.3422279999999915
0
LINE
8
BLACK
6
CONTINUOUS
10
105.0155519999999996
20
-71.3422279999999915
11
104.9628979999999956
21
-71.4693449999999899
0
LINE
8
BLACK
6
CONTINUOUS
10
104.9628979999999956
20
-71.4693449999999899
11
105.3294739999999905
21
-71.835920999999999
0
LINE
8
BLACK
6
CONTINUOUS
10
105.3294739999999905
20
-71.835920999999999
11
105.3618589999999955
21
-71.7913489999999967
0
LINE
8
BLACK
6
CONTINUOUS
10
105.3618589999999955
20
-71.7913489999999967
11
105.4547549999999916
21
-71.6090310000000017
0
LINE
8
BLACK
6
CONTINUOUS
10
105.4547549999999916
20
-71.6090310000000017
11
105.5179899999999975
21
-71.4144170000000003
0
LINE
8
BLACK
6
CONTINUOUS
10
105.5179899999999975
20
-71.4144170000000003
11
105.5499999999999972
21
-71.2123169999999988
0
LINE
8
BLACK
6
CONTINUOUS
10
105.5499999999999972
20
-71.2123169999999988
11
105.5499999999999972
21
-71.0076820000000026
0
LINE
8
BLACK
6
CONTINUOUS
10
105.5499999999999972
20
-71.0076820000000026
11
105.5179899999999975
21
-70.8055820000000011
0
LINE
8
BLACK
6
CONTINUOUS
10
105.5179899999999975
20
-70.8055820000000011
11
105.4547549999999916
21
-70.6109679999999997
0
LINE
8
BLACK
6
CONTINUOUS
10
105.4547549999999916
20
-70.6109679999999997
11
105.3618589999999955
21
-70.4286499999999904
0
LINE
8
BLACK
6
CONTINUOUS
10
105.3618589999999955
20
-70.4286499999999904
11
105.3294739999999905
21
-70.3840769999999907
0
LINE
8
BLACK
6
CONTINUOUS
10
105.3294739999999905
20
-70.3840769999999907
11
105.3294739999999905
21
-70.3840759999999932
0
LINE
8
BLACK
6
CONTINUOUS
10
105.3294739999999905
20
-70.3840759999999932
11
104.9628969999999981
21
-70.7506520000000023
0
LINE
8
BLACK
6
CONTINUOUS
10
103.9455820000000017
20
-69.8420089999999902
11
103.7509680000000003
21
-69.9052439999999962
0
LINE
8
BLACK
6
CONTINUOUS
10
103.7509680000000003
20
-69.9052439999999962
11
103.5686439999999919
21
-69.9981429999999989
0
LINE
8
BLACK
6
CONTINUOUS
10
103.5686439999999919
20
-69.9981429999999989
11
103.5240769999999912
21
-70.0305230000000023
0
LINE
8
BLACK
6
CONTINUOUS
10
103.5240769999999912
20
-70.0305230000000023
11
103.5240769999999912
21
-70.0305239999999998
0
LINE
8
BLACK
6
CONTINUOUS
10
103.5240769999999912
20
-70.0305239999999998
11
103.8906549999999953
21
-70.3971009999999922
0
LINE
8
BLACK
6
CONTINUOUS
10
103.8906549999999953
20
-70.3971009999999922
11
104.0177719999999937
21
-70.3444479999999999
0
LINE
8
BLACK
6
CONTINUOUS
10
104.0177719999999937
20
-70.3444479999999999
11
104.1715859999999907
21
-70.3138519999999971
0
LINE
8
BLACK
6
CONTINUOUS
10
104.1715859999999907
20
-70.3138519999999971
11
104.3284139999999951
21
-70.3138519999999971
0
LINE
8
BLACK
6
CONTINUOUS
10
104.3284139999999951
20
-70.3138519999999971
11
104.4822279999999921
21
-70.3444479999999999
0
LINE
8
BLACK
6
CONTINUOUS
10
104.4822279999999921
20
-70.3444479999999999
11
104.609343999999993
21
-70.3971009999999922
0
LINE
8
BLACK
6
CONTINUOUS
10
104.609343999999993
20
-70.3971009999999922
11
104.9759219999999971
21
-70.0305239999999998
0
LINE
8
BLACK
6
CONTINUOUS
10
104.9759219999999971
20
-70.0305239999999998
11
104.9759209999999996
21
-70.0305230000000023
0
LINE
8
BLACK
6
CONTINUOUS
10
104.9759209999999996
20
-70.0305230000000023
11
104.9313590000000005
21
-69.998147000000003
0
LINE
8
BLACK
6
CONTINUOUS
10
104.9313590000000005
20
-69.998147000000003
11
104.9313499999999948
21
-69.9981409999999897
0
LINE
8
BLACK
6
CONTINUOUS
10
104.9313499999999948
20
-69.9981409999999897
11
104.7490310000000022
21
-69.9052439999999962
0
LINE
8
BLACK
6
CONTINUOUS
10
104.7490310000000022
20
-69.9052439999999962
11
104.5544170000000008
21
-69.8420089999999902
0
LINE
8
BLACK
6
CONTINUOUS
10
104.5544170000000008
20
-69.8420089999999902
11
104.3523169999999993
21
-69.8100000000000023
0
LINE
8
BLACK
6
CONTINUOUS
10
104.3523169999999993
20
-69.8100000000000023
11
104.1476830000000007
21
-69.8100000000000023
0
LINE
8
BLACK
6
CONTINUOUS
10
104.1476830000000007
20
-69.8100000000000023
11
103.9455820000000017
21
-69.8420089999999902
0
LINE
8
BLACK
6
CONTINUOUS
10
86.9571069999999935
20
-64.9099999999999966
11
86.7813089999999931
21
-65.085796000000002
0
LINE
8
BLACK
6
CONTINUOUS
10
86.7813089999999931
20
-65.085796000000002
11
86.6777129999999971
21
-65.2283879999999954
0
LINE
8
BLACK
6
CONTINUOUS
10
86.6777129999999971
20
-65.2283879999999954
11
86.6302029999999945
21
-65.321629999999999
0
LINE
8
BLACK
6
CONTINUOUS
10
86.6302029999999945
20
-65.321629999999999
11
86.5822280000000006
21
-65.3724259999999902
0
LINE
8
BLACK
6
CONTINUOUS
10
86.5822280000000006
20
-65.3724259999999902
11
86.5144069999999914
21
-65.3892199999999946
0
LINE
8
BLACK
6
CONTINUOUS
10
86.5144069999999914
20
-65.3892199999999946
11
86.4871679999999969
21
-65.3799369999999982
0
LINE
8
BLACK
6
CONTINUOUS
10
86.4871679999999969
20
-65.3799369999999982
11
86.0443839999999938
21
-65.8227210000000014
0
LINE
8
BLACK
6
CONTINUOUS
10
86.0443839999999938
20
-65.8227210000000014
11
86.0461480000000023
21
-65.8315860000000015
0
LINE
8
BLACK
6
CONTINUOUS
10
86.0461480000000023
20
-65.8315860000000015
11
86.0461480000000023
21
-65.9884139999999917
0
LINE
8
BLACK
6
CONTINUOUS
10
86.0461480000000023
20
-65.9884139999999917
11
86.0443839999999938
21
-65.9972779999999943
0
LINE
8
BLACK
6
CONTINUOUS
10
86.0443839999999938
20
-65.9972779999999943
11
86.4872429999999923
21
-66.4401359999999954
0
LINE
8
BLACK
6
CONTINUOUS
10
86.4872429999999923
20
-66.4401359999999954
11
86.5250279999999918
21
-66.4307790000000011
0
LINE
8
BLACK
6
CONTINUOUS
10
86.5250279999999918
20
-66.4307790000000011
11
86.591163999999992
21
-66.4533160000000009
0
LINE
8
BLACK
6
CONTINUOUS
10
86.591163999999992
20
-66.4533160000000009
11
86.6302029999999945
21
-66.4983689999999967
0
LINE
8
BLACK
6
CONTINUOUS
10
86.6302029999999945
20
-66.4983689999999967
11
86.6777129999999971
21
-66.5916110000000003
0
LINE
8
BLACK
6
CONTINUOUS
10
86.6777129999999971
20
-66.5916110000000003
11
86.7813129999999973
21
-66.7342060000000004
0
LINE
8
BLACK
6
CONTINUOUS
10
86.7813129999999973
20
-66.7342060000000004
11
86.9657919999999933
21
-66.9186849999999964
0
LINE
8
BLACK
6
CONTINUOUS
10
86.9657919999999933
20
-66.9186849999999964
11
87.0632260000000002
21
-66.9894740000000013
0
LINE
8
BLACK
6
CONTINUOUS
10
87.0632260000000002
20
-66.9894740000000013
11
87.10839
21
-67.0222869999999915
0
LINE
8
BLACK
6
CONTINUOUS
10
87.10839
20
-67.0222869999999915
11
87.2246069999999918
21
-67.0815029999999979
0
LINE
8
BLACK
6
CONTINUOUS
10
87.2246069999999918
20
-67.0815029999999979
11
87.2907759999999939
21
-67.1152179999999987
0
LINE
8
BLACK
6
CONTINUOUS
10
87.2907759999999939
20
-67.1152179999999987
11
87.2907780000000031
21
-67.1152179999999987
0
LINE
8
BLACK
6
CONTINUOUS
10
87.2907780000000031
20
-67.1152179999999987
11
87.2907809999999955
21
-67.1152199999999937
0
LINE
8
BLACK
6
CONTINUOUS
10
87.2907809999999955
20
-67.1152199999999937
11
87.3818559999999991
21
-67.1448120000000017
0
LINE
8
BLACK
6
CONTINUOUS
10
87.3818559999999991
20
-67.1448120000000017
11
87.4854649999999907
21
-67.1784770000000009
0
LINE
8
BLACK
6
CONTINUOUS
10
87.4854649999999907
20
-67.1784770000000009
11
87.5865569999999991
21
-67.1944879999999927
0
LINE
8
BLACK
6
CONTINUOUS
10
87.5865569999999991
20
-67.1944879999999927
11
87.6876479999999958
21
-67.2104999999999961
0
LINE
8
BLACK
6
CONTINUOUS
10
87.6876479999999958
20
-67.2104999999999961
11
87.6876489999999933
21
-67.2104999999999961
0
LINE
8
BLACK
6
CONTINUOUS
10
87.6876489999999933
20
-67.2104999999999961
11
87.8923509999999908
21
-67.2104999999999961
0
LINE
8
BLACK
6
CONTINUOUS
10
87.8923509999999908
20
-67.2104999999999961
11
87.8923520000000025
21
-67.2104999999999961
0
LINE
8
BLACK
6
CONTINUOUS
10
87.8923520000000025
20
-67.2104999999999961
11
88.0945339999999959
21
-67.1784770000000009
0
LINE
8
BLACK
6
CONTINUOUS
10
88.0945339999999959
20
-67.1784770000000009
11
88.2892190000000028
21
-67.1152199999999937
0
LINE
8
BLACK
6
CONTINUOUS
10
88.2892190000000028
20
-67.1152199999999937
11
88.4716099999999983
21
-67.0222869999999915
0
LINE
8
BLACK
6
CONTINUOUS
10
88.4716099999999983
20
-67.0222869999999915
11
88.6004819999999995
21
-66.9286570000000012
0
LINE
8
BLACK
6
CONTINUOUS
10
88.6004819999999995
20
-66.9286570000000012
11
88.6372130000000027
21
-66.9019710000000032
0
LINE
8
BLACK
6
CONTINUOUS
10
88.6372130000000027
20
-66.9019710000000032
11
88.6372149999999976
21
-66.9019679999999966
0
LINE
8
BLACK
6
CONTINUOUS
10
88.6372149999999976
20
-66.9019679999999966
11
88.6372190000000018
21
-66.9019660000000016
0
LINE
8
BLACK
6
CONTINUOUS
10
88.6372190000000018
20
-66.9019660000000016
11
88.7819659999999971
21
-66.7572189999999921
0
LINE
8
BLACK
6
CONTINUOUS
10
88.7819659999999971
20
-66.7572189999999921
11
88.781967999999992
21
-66.7572150000000022
0
LINE
8
BLACK
6
CONTINUOUS
10
88.781967999999992
20
-66.7572150000000022
11
88.7819709999999986
21
-66.757212999999993
0
LINE
8
BLACK
6
CONTINUOUS
10
88.7819709999999986
20
-66.757212999999993
11
88.9022859999999895
21
-66.5916110000000003
0
LINE
8
BLACK
6
CONTINUOUS
10
88.9022859999999895
20
-66.5916110000000003
11
88.9024149999999906
21
-66.5913589999999971
0
LINE
8
BLACK
6
CONTINUOUS
10
88.9024149999999906
20
-66.5913589999999971
11
88.9497949999999946
21
-66.4983689999999967
0
LINE
8
BLACK
6
CONTINUOUS
10
88.9497949999999946
20
-66.4983689999999967
11
88.997768999999991
21
-66.4475729999999913
0
LINE
8
BLACK
6
CONTINUOUS
10
88.997768999999991
20
-66.4475729999999913
11
89.0655900000000003
21
-66.4307780000000037
0
LINE
8
BLACK
6
CONTINUOUS
10
89.0655900000000003
20
-66.4307780000000037
11
89.131725000000003
21
-66.4533150000000035
0
LINE
8
BLACK
6
CONTINUOUS
10
89.131725000000003
20
-66.4533150000000035
11
89.1707650000000029
21
-66.4983689999999967
0
LINE
8
BLACK
6
CONTINUOUS
10
89.1707650000000029
20
-66.4983689999999967
11
89.2181410000000028
21
-66.5913499999999914
0
LINE
8
BLACK
6
CONTINUOUS
10
89.2181410000000028
20
-66.5913499999999914
11
89.2181470000000019
21
-66.5913589999999971
0
LINE
8
BLACK
6
CONTINUOUS
10
89.2181470000000019
20
-66.5913589999999971
11
89.2505230000000012
21
-66.6359209999999962
0
LINE
8
BLACK
6
CONTINUOUS
10
89.2505230000000012
20
-66.6359209999999962
11
89.2505239999999986
21
-66.6359219999999937
0
LINE
8
BLACK
6
CONTINUOUS
10
89.2505239999999986
20
-66.6359219999999937
11
89.617100999999991
21
-66.2693440000000038
0
LINE
8
BLACK
6
CONTINUOUS
10
89.617100999999991
20
-66.2693440000000038
11
89.5644479999999987
21
-66.1422280000000029
0
LINE
8
BLACK
6
CONTINUOUS
10
89.5644479999999987
20
-66.1422280000000029
11
89.533851999999996
21
-65.9884139999999917
0
LINE
8
BLACK
6
CONTINUOUS
10
89.533851999999996
20
-65.9884139999999917
11
89.533851999999996
21
-65.8315860000000015
0
LINE
8
BLACK
6
CONTINUOUS
10
89.533851999999996
20
-65.8315860000000015
11
89.5356149999999928
21
-65.8227210000000014
0
LINE
8
BLACK
6
CONTINUOUS
10
89.5356149999999928
20
-65.8227210000000014
11
89.0927559999999943
21
-65.3798630000000003
0
LINE
8
BLACK
6
CONTINUOUS
10
89.0927559999999943
20
-65.3798630000000003
11
89.0549689999999998
21
-65.389220999999992
0
LINE
8
BLACK
6
CONTINUOUS
10
89.0549689999999998
20
-65.389220999999992
11
88.9888339999999971
21
-65.3666829999999948
0
LINE
8
BLACK
6
CONTINUOUS
10
88.9888339999999971
20
-65.3666829999999948
11
88.9497949999999946
21
-65.321629999999999
0
LINE
8
BLACK
6
CONTINUOUS
10
88.9497949999999946
20
-65.321629999999999
11
88.9024160000000023
21
-65.2286440000000027
0
LINE
8
BLACK
6
CONTINUOUS
10
88.9024160000000023
20
-65.2286440000000027
11
88.9022870000000012
21
-65.2283899999999903
0
LINE
8
BLACK
6
CONTINUOUS
10
88.9022870000000012
20
-65.2283899999999903
11
88.902284999999992
21
-65.2283869999999979
0
LINE
8
BLACK
6
CONTINUOUS
10
88.902284999999992
20
-65.2283869999999979
11
88.9022839999999945
21
-65.2283850000000029
0
LINE
8
BLACK
6
CONTINUOUS
10
88.9022839999999945
20
-65.2283850000000029
11
88.7986849999999919
21
-65.0857910000000004
0
LINE
8
BLACK
6
CONTINUOUS
10
88.7986849999999919
20
-65.0857910000000004
11
88.6228940000000023
21
-64.9099999999999966
0
LINE
8
BLACK
6
CONTINUOUS
10
88.6228940000000023
20
-64.9099999999999966
11
86.9571069999999935
21
-64.9099999999999966
0
LINE
8
BLACK
6
CONTINUOUS
10
84.5240759999999938
20
-66.9894740000000013
11
84.568649999999991
21
-67.0218589999999921
0
LINE
8
BLACK
6
CONTINUOUS
10
84.568649999999991
20
-67.0218589999999921
11
84.7509680000000003
21
-67.1147550000000024
0
LINE
8
BLACK
6
CONTINUOUS
10
84.7509680000000003
20
-67.1147550000000024
11
84.9455820000000017
21
-67.1779899999999941
0
LINE
8
BLACK
6
CONTINUOUS
10
84.9455820000000017
20
-67.1779899999999941
11
85.1476830000000007
21
-67.2099999999999937
0
LINE
8
BLACK
6
CONTINUOUS
10
85.1476830000000007
20
-67.2099999999999937
11
85.3523169999999993
21
-67.2099999999999937
0
LINE
8
BLACK
6
CONTINUOUS
10
85.3523169999999993
20
-67.2099999999999937
11
85.5544170000000008
21
-67.1779899999999941
0
LINE
8
BLACK
6
CONTINUOUS
10
85.5544170000000008
20
-67.1779899999999941
11
85.7479869999999949
21
-67.1150939999999991
0
LINE
8
BLACK
6
CONTINUOUS
10
85.7479869999999949
20
-67.1150939999999991
11
85.3372779999999977
21
-66.7043839999999904
0
LINE
8
BLACK
6
CONTINUOUS
10
85.3372779999999977
20
-66.7043839999999904
11
85.3284139999999951
21
-66.7061479999999989
0
LINE
8
BLACK
6
CONTINUOUS
10
85.3284139999999951
20
-66.7061479999999989
11
85.1715859999999907
21
-66.7061479999999989
0
LINE
8
BLACK
6
CONTINUOUS
10
85.1715859999999907
20
-66.7061479999999989
11
85.0177719999999937
21
-66.6755519999999962
0
LINE
8
BLACK
6
CONTINUOUS
10
85.0177719999999937
20
-66.6755519999999962
11
84.8906530000000004
21
-66.6228969999999947
0
LINE
8
BLACK
6
CONTINUOUS
10
84.8906530000000004
20
-66.6228969999999947
11
84.5240759999999938
21
-66.9894740000000013
0
LINE
8
BLACK
6
CONTINUOUS
10
89.6040759999999921
20
-66.9894740000000013
11
89.6486499999999893
21
-67.0218589999999921
0
LINE
8
BLACK
6
CONTINUOUS
10
89.6486499999999893
20
-67.0218589999999921
11
89.8309679999999986
21
-67.1147550000000024
0
LINE
8
BLACK
6
CONTINUOUS
10
89.8309679999999986
20
-67.1147550000000024
11
90.025582
21
-67.1779899999999941
0
LINE
8
BLACK
6
CONTINUOUS
10
90.025582
20
-67.1779899999999941
11
90.227682999999999
21
-67.2099999999999937
0
LINE
8
BLACK
6
CONTINUOUS
10
90.227682999999999
20
-67.2099999999999937
11
90.4323169999999976
21
-67.2099999999999937
0
LINE
8
BLACK
6
CONTINUOUS
10
90.4323169999999976
20
-67.2099999999999937
11
90.6344169999999991
21
-67.1779899999999941
0
LINE
8
BLACK
6
CONTINUOUS
10
90.6344169999999991
20
-67.1779899999999941
11
90.8279869999999931
21
-67.1150939999999991
0
LINE
8
BLACK
6
CONTINUOUS
10
90.8279869999999931
20
-67.1150939999999991
11
90.417277999999996
21
-66.7043839999999904
0
LINE
8
BLACK
6
CONTINUOUS
10
90.417277999999996
20
-66.7043839999999904
11
90.4084139999999934
21
-66.7061479999999989
0
LINE
8
BLACK
6
CONTINUOUS
10
90.4084139999999934
20
-66.7061479999999989
11
90.251585999999989
21
-66.7061479999999989
0
LINE
8
BLACK
6
CONTINUOUS
10
90.251585999999989
20
-66.7061479999999989
11
90.097771999999992
21
-66.6755519999999962
0
LINE
8
BLACK
6
CONTINUOUS
10
90.097771999999992
20
-66.6755519999999962
11
89.9706529999999987
21
-66.6228969999999947
0
LINE
8
BLACK
6
CONTINUOUS
10
89.9706529999999987
20
-66.6228969999999947
11
89.6040759999999921
21
-66.9894740000000013
0
LINE
8
BLACK
6
CONTINUOUS
10
84.1381429999999995
20
-65.2286440000000027
11
84.0452439999999967
21
-65.4109679999999969
0
LINE
8
BLACK
6
CONTINUOUS
10
84.0452439999999967
20
-65.4109679999999969
11
83.9820089999999908
21
-65.6055819999999983
0
LINE
8
BLACK
6
CONTINUOUS
10
83.9820089999999908
20
-65.6055819999999983
11
83.9500000000000028
21
-65.8076819999999998
0
LINE
8
BLACK
6
CONTINUOUS
10
83.9500000000000028
20
-65.8076819999999998
11
83.9500000000000028
21
-66.0123169999999959
0
LINE
8
BLACK
6
CONTINUOUS
10
83.9500000000000028
20
-66.0123169999999959
11
83.9820089999999908
21
-66.2144169999999974
0
LINE
8
BLACK
6
CONTINUOUS
10
83.9820089999999908
20
-66.2144169999999974
11
84.0452439999999967
21
-66.4090309999999988
0
LINE
8
BLACK
6
CONTINUOUS
10
84.0452439999999967
20
-66.4090309999999988
11
84.1381409999999903
21
-66.5913499999999914
0
LINE
8
BLACK
6
CONTINUOUS
10
84.1381409999999903
20
-66.5913499999999914
11
84.1381469999999894
21
-66.5913589999999971
0
LINE
8
BLACK
6
CONTINUOUS
10
84.1381469999999894
20
-66.5913589999999971
11
84.1705230000000029
21
-66.6359209999999962
0
LINE
8
BLACK
6
CONTINUOUS
10
84.1705230000000029
20
-66.6359209999999962
11
84.1705240000000003
21
-66.6359219999999937
0
LINE
8
BLACK
6
CONTINUOUS
10
84.1705240000000003
20
-66.6359219999999937
11
84.5371009999999927
21
-66.2693440000000038
0
LINE
8
BLACK
6
CONTINUOUS
10
84.5371009999999927
20
-66.2693440000000038
11
84.4844480000000004
21
-66.1422280000000029
0
LINE
8
BLACK
6
CONTINUOUS
10
84.4844480000000004
20
-66.1422280000000029
11
84.4538519999999977
21
-65.9884139999999917
0
LINE
8
BLACK
6
CONTINUOUS
10
84.4538519999999977
20
-65.9884139999999917
11
84.4538519999999977
21
-65.8315860000000015
0
LINE
8
BLACK
6
CONTINUOUS
10
84.4538519999999977
20
-65.8315860000000015
11
84.4844480000000004
21
-65.6777719999999903
0
LINE
8
BLACK
6
CONTINUOUS
10
84.4844480000000004
20
-65.6777719999999903
11
84.5371009999999927
21
-65.5506539999999944
0
LINE
8
BLACK
6
CONTINUOUS
10
84.5371009999999927
20
-65.5506539999999944
11
84.1705240000000003
21
-65.184077000000002
0
LINE
8
BLACK
6
CONTINUOUS
10
84.1705240000000003
20
-65.184077000000002
11
84.1705230000000029
21
-65.184077000000002
0
LINE
8
BLACK
6
CONTINUOUS
10
84.1705230000000029
20
-65.184077000000002
11
84.1381429999999995
21
-65.2286440000000027
0
LINE
8
BLACK
6
CONTINUOUS
10
84.9455820000000017
20
-64.6420090000000016
11
84.7509680000000003
21
-64.7052439999999933
0
LINE
8
BLACK
6
CONTINUOUS
10
84.7509680000000003
20
-64.7052439999999933
11
84.5686439999999919
21
-64.7981429999999961
0
LINE
8
BLACK
6
CONTINUOUS
10
84.5686439999999919
20
-64.7981429999999961
11
84.5240769999999912
21
-64.8305229999999995
0
LINE
8
BLACK
6
CONTINUOUS
10
84.5240769999999912
20
-64.8305229999999995
11
84.5240769999999912
21
-64.8305239999999969
0
LINE
8
BLACK
6
CONTINUOUS
10
84.5240769999999912
20
-64.8305239999999969
11
84.8906549999999953
21
-65.1971010000000035
0
LINE
8
BLACK
6
CONTINUOUS
10
84.8906549999999953
20
-65.1971010000000035
11
85.0177719999999937
21
-65.144447999999997
0
LINE
8
BLACK
6
CONTINUOUS
10
85.0177719999999937
20
-65.144447999999997
11
85.1715859999999907
21
-65.1138519999999943
0
LINE
8
BLACK
6
CONTINUOUS
10
85.1715859999999907
20
-65.1138519999999943
11
85.3284139999999951
21
-65.1138519999999943
0
LINE
8
BLACK
6
CONTINUOUS
10
85.3284139999999951
20
-65.1138519999999943
11
85.3372779999999977
21
-65.1156149999999911
0
LINE
8
BLACK
6
CONTINUOUS
10
85.3372779999999977
20
-65.1156149999999911
11
85.7479879999999923
21
-64.7049049999999966
0
LINE
8
BLACK
6
CONTINUOUS
10
85.7479879999999923
20
-64.7049049999999966
11
85.5544170000000008
21
-64.6420090000000016
0
LINE
8
BLACK
6
CONTINUOUS
10
85.5544170000000008
20
-64.6420090000000016
11
85.3523169999999993
21
-64.6099999999999994
0
LINE
8
BLACK
6
CONTINUOUS
10
85.3523169999999993
20
-64.6099999999999994
11
85.1476830000000007
21
-64.6099999999999994
0
LINE
8
BLACK
6
CONTINUOUS
10
85.1476830000000007
20
-64.6099999999999994
11
84.9455820000000017
21
-64.6420090000000016
0
LINE
8
BLACK
6
CONTINUOUS
10
90.025582
20
-64.6420090000000016
11
89.8320109999999943
21
-64.7049039999999991
0
LINE
8
BLACK
6
CONTINUOUS
10
89.8320109999999943
20
-64.7049039999999991
11
90.2427209999999889
21
-65.1156149999999911
0
LINE
8
BLACK
6
CONTINUOUS
10
90.2427209999999889
20
-65.1156149999999911
11
90.251585999999989
21
-65.1138519999999943
0
LINE
8
BLACK
6
CONTINUOUS
10
90.251585999999989
20
-65.1138519999999943
11
90.4084139999999934
21
-65.1138519999999943
0
LINE
8
BLACK
6
CONTINUOUS
10
90.4084139999999934
20
-65.1138519999999943
11
90.5622279999999904
21
-65.144447999999997
0
LINE
8
BLACK
6
CONTINUOUS
10
90.5622279999999904
20
-65.144447999999997
11
90.6893439999999913
21
-65.1971010000000035
0
LINE
8
BLACK
6
CONTINUOUS
10
90.6893439999999913
20
-65.1971010000000035
11
91.0559219999999954
21
-64.8305239999999969
0
LINE
8
BLACK
6
CONTINUOUS
10
91.0559219999999954
20
-64.8305239999999969
11
91.0559209999999979
21
-64.8305229999999995
0
LINE
8
BLACK
6
CONTINUOUS
10
91.0559209999999979
20
-64.8305229999999995
11
91.0113589999999988
21
-64.7981470000000002
0
LINE
8
BLACK
6
CONTINUOUS
10
91.0113589999999988
20
-64.7981470000000002
11
91.0113499999999931
21
-64.7981410000000011
0
LINE
8
BLACK
6
CONTINUOUS
10
91.0113499999999931
20
-64.7981410000000011
11
90.8290310000000005
21
-64.7052439999999933
0
LINE
8
BLACK
6
CONTINUOUS
10
90.8290310000000005
20
-64.7052439999999933
11
90.6344169999999991
21
-64.6420090000000016
0
LINE
8
BLACK
6
CONTINUOUS
10
90.6344169999999991
20
-64.6420090000000016
11
90.4323169999999976
21
-64.6099999999999994
0
LINE
8
BLACK
6
CONTINUOUS
10
90.4323169999999976
20
-64.6099999999999994
11
90.227682999999999
21
-64.6099999999999994
0
LINE
8
BLACK
6
CONTINUOUS
10
90.227682999999999
20
-64.6099999999999994
11
90.025582
21
-64.6420090000000016
0
LINE
8
BLACK
6
CONTINUOUS
10
79.7501499999999908
20
-57.2378179999999972
11
79.7501439999999917
21
-57.2378280000000004
0
LINE
8
BLACK
6
CONTINUOUS
10
79.7501439999999917
20
-57.2378280000000004
11
79.6321650000000005
21
-57.4421709999999948
0
LINE
8
BLACK
6
CONTINUOUS
10
79.6321650000000005
20
-57.4421709999999948
11
79.6321599999999989
21
-57.4421800000000005
0
LINE
8
BLACK
6
CONTINUOUS
10
79.6321599999999989
20
-57.4421800000000005
11
79.541870000000003
21
-57.6601619999999997
0
LINE
8
BLACK
6
CONTINUOUS
10
79.541870000000003
20
-57.6601619999999997
11
79.4807989999999904
21
-57.8880849999999967
0
LINE
8
BLACK
6
CONTINUOUS
10
79.4807989999999904
20
-57.8880849999999967
11
79.4500000000000028
21
-58.1220140000000001
0
LINE
8
BLACK
6
CONTINUOUS
10
79.4500000000000028
20
-58.1220140000000001
11
79.4500000000000028
21
-58.3579849999999993
0
LINE
8
BLACK
6
CONTINUOUS
10
79.4500000000000028
20
-58.3579849999999993
11
79.4807989999999904
21
-58.5919139999999956
0
LINE
8
BLACK
6
CONTINUOUS
10
79.4807989999999904
20
-58.5919139999999956
11
79.541870000000003
21
-58.8198369999999997
0
LINE
8
BLACK
6
CONTINUOUS
10
79.541870000000003
20
-58.8198369999999997
11
79.6321599999999989
21
-59.0378189999999989
0
LINE
8
BLACK
6
CONTINUOUS
10
79.6321599999999989
20
-59.0378189999999989
11
79.6321650000000005
21
-59.0378279999999975
0
LINE
8
BLACK
6
CONTINUOUS
10
79.6321650000000005
20
-59.0378279999999975
11
79.7501439999999917
21
-59.242170999999999
0
LINE
8
BLACK
6
CONTINUOUS
10
79.7501439999999917
20
-59.242170999999999
11
79.7501450000000034
21
-59.2421719999999965
0
LINE
8
BLACK
6
CONTINUOUS
10
79.7501450000000034
20
-59.2421719999999965
11
79.8127209999999963
21
-59.323722999999994
0
LINE
8
BLACK
6
CONTINUOUS
10
79.8127209999999963
20
-59.323722999999994
11
80.1733919999999927
21
-58.9630510000000001
0
LINE
8
BLACK
6
CONTINUOUS
10
80.1733919999999927
20
-58.9630510000000001
11
80.1415679999999924
21
-58.9192479999999961
0
LINE
8
BLACK
6
CONTINUOUS
10
80.1415679999999924
20
-58.9192479999999961
11
80.0489570000000015
21
-58.737487999999999
0
LINE
8
BLACK
6
CONTINUOUS
10
80.0489570000000015
20
-58.737487999999999
11
79.9859189999999955
21
-58.5434789999999978
0
LINE
8
BLACK
6
CONTINUOUS
10
79.9859189999999955
20
-58.5434789999999978
11
79.9540069999999901
21
-58.3419969999999992
0
LINE
8
BLACK
6
CONTINUOUS
10
79.9540069999999901
20
-58.3419969999999992
11
79.9540069999999901
21
-58.1380029999999977
0
LINE
8
BLACK
6
CONTINUOUS
10
79.9540069999999901
20
-58.1380029999999977
11
79.9859189999999955
21
-57.936520999999999
0
LINE
8
BLACK
6
CONTINUOUS
10
79.9859189999999955
20
-57.936520999999999
11
80.0489570000000015
21
-57.7425119999999978
0
LINE
8
BLACK
6
CONTINUOUS
10
80.0489570000000015
20
-57.7425119999999978
11
80.1415679999999924
21
-57.5607520000000008
0
LINE
8
BLACK
6
CONTINUOUS
10
80.1415679999999924
20
-57.5607520000000008
11
80.1733929999999901
21
-57.5169469999999947
0
LINE
8
BLACK
6
CONTINUOUS
10
80.1733929999999901
20
-57.5169469999999947
11
79.8127209999999963
21
-57.1562750000000008
0
LINE
8
BLACK
6
CONTINUOUS
10
79.8127209999999963
20
-57.1562750000000008
11
79.8127199999999988
21
-57.1562750000000008
0
LINE
8
BLACK
6
CONTINUOUS
10
79.8127199999999988
20
-57.1562750000000008
11
79.7501499999999908
21
-57.2378179999999972
0
LINE
8
BLACK
6
CONTINUOUS
10
80.8980849999999947
20
-56.4707989999999995
11
80.6701619999999906
21
-56.5318699999999978
0
LINE
8
BLACK
6
CONTINUOUS
10
80.6701619999999906
20
-56.5318699999999978
11
80.4521799999999985
21
-56.6221600000000009
0
LINE
8
BLACK
6
CONTINUOUS
10
80.4521799999999985
20
-56.6221600000000009
11
80.4521709999999928
21
-56.6221649999999954
0
LINE
8
BLACK
6
CONTINUOUS
10
80.4521709999999928
20
-56.6221649999999954
11
80.2478279999999984
21
-56.7401440000000008
0
LINE
8
BLACK
6
CONTINUOUS
10
80.2478279999999984
20
-56.7401440000000008
11
80.2478179999999952
21
-56.7401499999999999
0
LINE
8
BLACK
6
CONTINUOUS
10
80.2478179999999952
20
-56.7401499999999999
11
80.1662749999999988
21
-56.8027200000000008
0
LINE
8
BLACK
6
CONTINUOUS
10
80.1662749999999988
20
-56.8027200000000008
11
80.1662749999999988
21
-56.8027209999999982
0
LINE
8
BLACK
6
CONTINUOUS
10
80.1662749999999988
20
-56.8027209999999982
11
80.5269469999999927
21
-57.1633929999999992
0
LINE
8
BLACK
6
CONTINUOUS
10
80.5269469999999927
20
-57.1633929999999992
11
80.5707519999999988
21
-57.1315679999999944
0
LINE
8
BLACK
6
CONTINUOUS
10
80.5707519999999988
20
-57.1315679999999944
11
80.7525119999999959
21
-57.0389569999999964
0
LINE
8
BLACK
6
CONTINUOUS
10
80.7525119999999959
20
-57.0389569999999964
11
80.94652099999999
21
-56.9759189999999975
0
LINE
8
BLACK
6
CONTINUOUS
10
80.94652099999999
20
-56.9759189999999975
11
81.1480030000000028
21
-56.9440069999999992
0
LINE
8
BLACK
6
CONTINUOUS
10
81.1480030000000028
20
-56.9440069999999992
11
81.3519969999999972
21
-56.9440069999999992
0
LINE
8
BLACK
6
CONTINUOUS
10
81.3519969999999972
20
-56.9440069999999992
11
81.5534789999999958
21
-56.9759189999999975
0
LINE
8
BLACK
6
CONTINUOUS
10
81.5534789999999958
20
-56.9759189999999975
11
81.7448069999999944
21
-57.0380859999999998
0
LINE
8
BLACK
6
CONTINUOUS
10
81.7448069999999944
20
-57.0380859999999998
11
82.1194029999999913
21
-56.6634889999999984
0
LINE
8
BLACK
6
CONTINUOUS
10
82.1194029999999913
20
-56.6634889999999984
11
82.0478279999999955
21
-56.6221649999999954
0
LINE
8
BLACK
6
CONTINUOUS
10
82.0478279999999955
20
-56.6221649999999954
11
82.0478189999999898
21
-56.6221600000000009
0
LINE
8
BLACK
6
CONTINUOUS
10
82.0478189999999898
20
-56.6221600000000009
11
81.8298360000000002
21
-56.5318699999999978
0
LINE
8
BLACK
6
CONTINUOUS
10
81.8298360000000002
20
-56.5318699999999978
11
81.8298379999999952
21
-56.5318699999999978
0
LINE
8
BLACK
6
CONTINUOUS
10
81.8298379999999952
20
-56.5318699999999978
11
81.6019139999999936
21
-56.4707989999999995
0
LINE
8
BLACK
6
CONTINUOUS
10
81.6019139999999936
20
-56.4707989999999995
11
81.3679849999999902
21
-56.4399999999999977
0
LINE
8
BLACK
6
CONTINUOUS
10
81.3679849999999902
20
-56.4399999999999977
11
81.1320139999999981
21
-56.4399999999999977
0
LINE
8
BLACK
6
CONTINUOUS
10
81.1320139999999981
20
-56.4399999999999977
11
80.8980849999999947
21
-56.4707989999999995
0
LINE
8
BLACK
6
CONTINUOUS
10
101.6387749999999954
20
-49.4272769999999966
11
101.7203269999999975
21
-49.4898540000000011
0
LINE
8
BLACK
6
CONTINUOUS
10
101.7203269999999975
20
-49.4898540000000011
11
101.720327999999995
21
-49.4898549999999986
0
LINE
8
BLACK
6
CONTINUOUS
10
101.720327999999995
20
-49.4898549999999986
11
101.9246709999999894
21
-49.6078339999999969
0
LINE
8
BLACK
6
CONTINUOUS
10
101.9246709999999894
20
-49.6078339999999969
11
101.9246799999999951
21
-49.6078389999999985
0
LINE
8
BLACK
6
CONTINUOUS
10
101.9246799999999951
20
-49.6078389999999985
11
102.1426629999999989
21
-49.6981289999999944
0
LINE
8
BLACK
6
CONTINUOUS
10
102.1426629999999989
20
-49.6981289999999944
11
102.1426609999999897
21
-49.6981289999999944
0
LINE
8
BLACK
6
CONTINUOUS
10
102.1426609999999897
20
-49.6981289999999944
11
102.3705849999999913
21
-49.7591999999999999
0
LINE
8
BLACK
6
CONTINUOUS
10
102.3705849999999913
20
-49.7591999999999999
11
102.6045139999999947
21
-49.7899989999999946
0
LINE
8
BLACK
6
CONTINUOUS
10
102.6045139999999947
20
-49.7899989999999946
11
102.6045289999999994
21
-49.7899999999999991
0
LINE
8
BLACK
6
CONTINUOUS
10
102.6045289999999994
20
-49.7899999999999991
11
102.8404709999999938
21
-49.7899999999999991
0
LINE
8
BLACK
6
CONTINUOUS
10
102.8404709999999938
20
-49.7899999999999991
11
102.840485000000001
21
-49.7899989999999946
0
LINE
8
BLACK
6
CONTINUOUS
10
102.840485000000001
20
-49.7899989999999946
11
103.0744139999999902
21
-49.7591999999999999
0
LINE
8
BLACK
6
CONTINUOUS
10
103.0744139999999902
20
-49.7591999999999999
11
103.3023369999999943
21
-49.6981289999999944
0
LINE
8
BLACK
6
CONTINUOUS
10
103.3023369999999943
20
-49.6981289999999944
11
103.5203190000000006
21
-49.6078389999999985
0
LINE
8
BLACK
6
CONTINUOUS
10
103.5203190000000006
20
-49.6078389999999985
11
103.5203279999999921
21
-49.6078339999999969
0
LINE
8
BLACK
6
CONTINUOUS
10
103.5203279999999921
20
-49.6078339999999969
11
103.7246809999999897
21
-49.489849999999997
0
LINE
8
BLACK
6
CONTINUOUS
10
103.7246809999999897
20
-49.489849999999997
11
103.8062229999999886
21
-49.4272789999999986
0
LINE
8
BLACK
6
CONTINUOUS
10
103.8062229999999886
20
-49.4272789999999986
11
103.8062229999999886
21
-49.4272759999999991
0
LINE
8
BLACK
6
CONTINUOUS
10
103.8062229999999886
20
-49.4272759999999991
11
103.4455519999999922
21
-49.0666060000000002
0
LINE
8
BLACK
6
CONTINUOUS
10
103.4455519999999922
20
-49.0666060000000002
11
103.4017479999999978
21
-49.0984319999999954
0
LINE
8
BLACK
6
CONTINUOUS
10
103.4017479999999978
20
-49.0984319999999954
11
103.2199880000000007
21
-49.1910430000000005
0
LINE
8
BLACK
6
CONTINUOUS
10
103.2199880000000007
20
-49.1910430000000005
11
103.0259789999999924
21
-49.2540809999999993
0
LINE
8
BLACK
6
CONTINUOUS
10
103.0259789999999924
20
-49.2540809999999993
11
102.8244969999999938
21
-49.2859929999999977
0
LINE
8
BLACK
6
CONTINUOUS
10
102.8244969999999938
20
-49.2859929999999977
11
102.6205029999999994
21
-49.2859929999999977
0
LINE
8
BLACK
6
CONTINUOUS
10
102.6205029999999994
20
-49.2859929999999977
11
102.4190210000000008
21
-49.2540809999999993
0
LINE
8
BLACK
6
CONTINUOUS
10
102.4190210000000008
20
-49.2540809999999993
11
102.2250119999999924
21
-49.1910430000000005
0
LINE
8
BLACK
6
CONTINUOUS
10
102.2250119999999924
20
-49.1910430000000005
11
102.0432519999999954
21
-49.0984319999999954
0
LINE
8
BLACK
6
CONTINUOUS
10
102.0432519999999954
20
-49.0984319999999954
11
101.9994459999999918
21
-49.0666049999999956
0
LINE
8
BLACK
6
CONTINUOUS
10
101.9994459999999918
20
-49.0666049999999956
11
101.6387749999999954
21
-49.4272769999999966
0
LINE
8
BLACK
6
CONTINUOUS
10
103.7991049999999973
20
-47.2669459999999972
11
103.83093199999999
21
-47.3107520000000008
0
LINE
8
BLACK
6
CONTINUOUS
10
103.83093199999999
20
-47.3107520000000008
11
103.9235429999999951
21
-47.4925119999999978
0
LINE
8
BLACK
6
CONTINUOUS
10
103.9235429999999951
20
-47.4925119999999978
11
103.986581000000001
21
-47.686520999999999
0
LINE
8
BLACK
6
CONTINUOUS
10
103.986581000000001
20
-47.686520999999999
11
104.0184929999999923
21
-47.8880029999999977
0
LINE
8
BLACK
6
CONTINUOUS
10
104.0184929999999923
20
-47.8880029999999977
11
104.0184929999999923
21
-48.0919969999999992
0
LINE
8
BLACK
6
CONTINUOUS
10
104.0184929999999923
20
-48.0919969999999992
11
103.986581000000001
21
-48.2934789999999978
0
LINE
8
BLACK
6
CONTINUOUS
10
103.986581000000001
20
-48.2934789999999978
11
103.9235429999999951
21
-48.487487999999999
0
LINE
8
BLACK
6
CONTINUOUS
10
103.9235429999999951
20
-48.487487999999999
11
103.83093199999999
21
-48.6692479999999961
0
LINE
8
BLACK
6
CONTINUOUS
10
103.83093199999999
20
-48.6692479999999961
11
103.7991059999999948
21
-48.7130519999999976
0
LINE
8
BLACK
6
CONTINUOUS
10
103.7991059999999948
20
-48.7130519999999976
11
104.1597759999999937
21
-49.0737230000000011
0
LINE
8
BLACK
6
CONTINUOUS
10
104.1597759999999937
20
-49.0737230000000011
11
104.1597790000000003
21
-49.0737230000000011
0
LINE
8
BLACK
6
CONTINUOUS
10
104.1597790000000003
20
-49.0737230000000011
11
104.2223499999999916
21
-48.9921809999999951
0
LINE
8
BLACK
6
CONTINUOUS
10
104.2223499999999916
20
-48.9921809999999951
11
104.3403339999999986
21
-48.7878279999999975
0
LINE
8
BLACK
6
CONTINUOUS
10
104.3403339999999986
20
-48.7878279999999975
11
104.3403390000000002
21
-48.7878189999999989
0
LINE
8
BLACK
6
CONTINUOUS
10
104.3403390000000002
20
-48.7878189999999989
11
104.4306289999999962
21
-48.5698369999999997
0
LINE
8
BLACK
6
CONTINUOUS
10
104.4306289999999962
20
-48.5698369999999997
11
104.4916999999999945
21
-48.3419139999999956
0
LINE
8
BLACK
6
CONTINUOUS
10
104.4916999999999945
20
-48.3419139999999956
11
104.5224989999999963
21
-48.1079849999999993
0
LINE
8
BLACK
6
CONTINUOUS
10
104.5224989999999963
20
-48.1079849999999993
11
104.5224999999999937
21
-48.1079709999999992
0
LINE
8
BLACK
6
CONTINUOUS
10
104.5224999999999937
20
-48.1079709999999992
11
104.5224999999999937
21
-47.8720280000000002
0
LINE
8
BLACK
6
CONTINUOUS
10
104.5224999999999937
20
-47.8720280000000002
11
104.5224989999999963
21
-47.8720140000000001
0
LINE
8
BLACK
6
CONTINUOUS
10
104.5224989999999963
20
-47.8720140000000001
11
104.4916999999999945
21
-47.6380849999999967
0
LINE
8
BLACK
6
CONTINUOUS
10
104.4916999999999945
20
-47.6380849999999967
11
104.4306289999999962
21
-47.4101619999999997
0
LINE
8
BLACK
6
CONTINUOUS
10
104.4306289999999962
20
-47.4101619999999997
11
104.3403390000000002
21
-47.1921800000000005
0
LINE
8
BLACK
6
CONTINUOUS
10
104.3403390000000002
20
-47.1921800000000005
11
104.3403339999999986
21
-47.1921709999999948
0
LINE
8
BLACK
6
CONTINUOUS
10
104.3403339999999986
20
-47.1921709999999948
11
104.2223549999999932
21
-46.9878280000000004
0
LINE
8
BLACK
6
CONTINUOUS
10
104.2223549999999932
20
-46.9878280000000004
11
104.2223539999999957
21
-46.9878269999999958
0
LINE
8
BLACK
6
CONTINUOUS
10
104.2223539999999957
20
-46.9878269999999958
11
104.1597769999999912
21
-46.9062750000000008
0
LINE
8
BLACK
6
CONTINUOUS
10
104.1597769999999912
20
-46.9062750000000008
11
103.7991049999999973
21
-47.2669459999999972
0
LINE
8
BLACK
6
CONTINUOUS
10
102.3705849999999913
20
-46.2207989999999995
11
102.1426620000000014
21
-46.2818699999999978
0
LINE
8
BLACK
6
CONTINUOUS
10
102.1426620000000014
20
-46.2818699999999978
11
101.9246799999999951
21
-46.3721600000000009
0
LINE
8
BLACK
6
CONTINUOUS
10
101.9246799999999951
20
-46.3721600000000009
11
101.9246709999999894
21
-46.3721649999999954
0
LINE
8
BLACK
6
CONTINUOUS
10
101.9246709999999894
20
-46.3721649999999954
11
101.720327999999995
21
-46.4901440000000008
0
LINE
8
BLACK
6
CONTINUOUS
10
101.720327999999995
20
-46.4901440000000008
11
101.7203179999999918
21
-46.4901499999999999
0
LINE
8
BLACK
6
CONTINUOUS
10
101.7203179999999918
20
-46.4901499999999999
11
101.6387749999999954
21
-46.5527200000000008
0
LINE
8
BLACK
6
CONTINUOUS
10
101.6387749999999954
20
-46.5527200000000008
11
101.6387749999999954
21
-46.5527209999999982
0
LINE
8
BLACK
6
CONTINUOUS
10
101.6387749999999954
20
-46.5527209999999982
11
101.9994469999999893
21
-46.9133929999999992
0
LINE
8
BLACK
6
CONTINUOUS
10
101.9994469999999893
20
-46.9133929999999992
11
102.0432519999999954
21
-46.8815679999999944
0
LINE
8
BLACK
6
CONTINUOUS
10
102.0432519999999954
20
-46.8815679999999944
11
102.2250119999999924
21
-46.7889569999999964
0
LINE
8
BLACK
6
CONTINUOUS
10
102.2250119999999924
20
-46.7889569999999964
11
102.4190210000000008
21
-46.7259189999999975
0
LINE
8
BLACK
6
CONTINUOUS
10
102.4190210000000008
20
-46.7259189999999975
11
102.6205029999999994
21
-46.6940069999999992
0
LINE
8
BLACK
6
CONTINUOUS
10
102.6205029999999994
20
-46.6940069999999992
11
102.8244969999999938
21
-46.6940069999999992
0
LINE
8
BLACK
6
CONTINUOUS
10
102.8244969999999938
20
-46.6940069999999992
11
103.0259789999999924
21
-46.7259189999999975
0
LINE
8
BLACK
6
CONTINUOUS
10
103.0259789999999924
20
-46.7259189999999975
11
103.2199880000000007
21
-46.7889569999999964
0
LINE
8
BLACK
6
CONTINUOUS
10
103.2199880000000007
20
-46.7889569999999964
11
103.4017479999999978
21
-46.8815679999999944
0
LINE
8
BLACK
6
CONTINUOUS
10
103.4017479999999978
20
-46.8815679999999944
11
103.4455509999999947
21
-46.9133929999999992
0
LINE
8
BLACK
6
CONTINUOUS
10
103.4455509999999947
20
-46.9133929999999992
11
103.8062229999999886
21
-46.5527209999999982
0
LINE
8
BLACK
6
CONTINUOUS
10
103.8062229999999886
20
-46.5527209999999982
11
103.7246719999999982
21
-46.4901449999999983
0
LINE
8
BLACK
6
CONTINUOUS
10
103.7246719999999982
20
-46.4901449999999983
11
103.7246710000000007
21
-46.4901440000000008
0
LINE
8
BLACK
6
CONTINUOUS
10
103.7246710000000007
20
-46.4901440000000008
11
103.5203279999999921
21
-46.3721649999999954
0
LINE
8
BLACK
6
CONTINUOUS
10
103.5203279999999921
20
-46.3721649999999954
11
103.5203190000000006
21
-46.3721600000000009
0
LINE
8
BLACK
6
CONTINUOUS
10
103.5203190000000006
20
-46.3721600000000009
11
103.3023359999999968
21
-46.2818699999999978
0
LINE
8
BLACK
6
CONTINUOUS
10
103.3023359999999968
20
-46.2818699999999978
11
103.3023379999999918
21
-46.2818699999999978
0
LINE
8
BLACK
6
CONTINUOUS
10
103.3023379999999918
20
-46.2818699999999978
11
103.0744139999999902
21
-46.2207989999999995
0
LINE
8
BLACK
6
CONTINUOUS
10
103.0744139999999902
20
-46.2207989999999995
11
102.840485000000001
21
-46.1899999999999977
0
LINE
8
BLACK
6
CONTINUOUS
10
102.840485000000001
20
-46.1899999999999977
11
102.6045139999999947
21
-46.1899999999999977
0
LINE
8
BLACK
6
CONTINUOUS
10
102.6045139999999947
20
-46.1899999999999977
11
102.3705849999999913
21
-46.2207989999999995
0
LINE
8
BLACK
6
CONTINUOUS
10
79.7501499999999908
20
-40.3278180000000006
11
79.7501439999999917
21
-40.3278279999999967
0
LINE
8
BLACK
6
CONTINUOUS
10
79.7501439999999917
20
-40.3278279999999967
11
79.6321650000000005
21
-40.5321709999999982
0
LINE
8
BLACK
6
CONTINUOUS
10
79.6321650000000005
20
-40.5321709999999982
11
79.6321599999999989
21
-40.5321799999999968
0
LINE
8
BLACK
6
CONTINUOUS
10
79.6321599999999989
20
-40.5321799999999968
11
79.541870000000003
21
-40.750161999999996
0
LINE
8
BLACK
6
CONTINUOUS
10
79.541870000000003
20
-40.750161999999996
11
79.4807989999999904
21
-40.9780850000000001
0
LINE
8
BLACK
6
CONTINUOUS
10
79.4807989999999904
20
-40.9780850000000001
11
79.4500000000000028
21
-41.2120139999999964
0
LINE
8
BLACK
6
CONTINUOUS
10
79.4500000000000028
20
-41.2120139999999964
11
79.4500000000000028
21
-41.4479849999999956
0
LINE
8
BLACK
6
CONTINUOUS
10
79.4500000000000028
20
-41.4479849999999956
11
79.4807989999999904
21
-41.681913999999999
0
LINE
8
BLACK
6
CONTINUOUS
10
79.4807989999999904
20
-41.681913999999999
11
79.541870000000003
21
-41.909836999999996
0
LINE
8
BLACK
6
CONTINUOUS
10
79.541870000000003
20
-41.909836999999996
11
79.6321599999999989
21
-42.1278189999999952
0
LINE
8
BLACK
6
CONTINUOUS
10
79.6321599999999989
20
-42.1278189999999952
11
79.6321650000000005
21
-42.1278280000000009
0
LINE
8
BLACK
6
CONTINUOUS
10
79.6321650000000005
20
-42.1278280000000009
11
79.7501439999999917
21
-42.3321709999999953
0
LINE
8
BLACK
6
CONTINUOUS
10
79.7501439999999917
20
-42.3321709999999953
11
79.7501450000000034
21
-42.3321719999999999
0
LINE
8
BLACK
6
CONTINUOUS
10
79.7501450000000034
20
-42.3321719999999999
11
79.8127209999999963
21
-42.4137229999999974
0
LINE
8
BLACK
6
CONTINUOUS
10
79.8127209999999963
20
-42.4137229999999974
11
80.1733919999999927
21
-42.0530509999999964
0
LINE
8
BLACK
6
CONTINUOUS
10
80.1733919999999927
20
-42.0530509999999964
11
80.1415679999999924
21
-42.0092479999999995
0
LINE
8
BLACK
6
CONTINUOUS
10
80.1415679999999924
20
-42.0092479999999995
11
80.0489570000000015
21
-41.8274879999999953
0
LINE
8
BLACK
6
CONTINUOUS
10
80.0489570000000015
20
-41.8274879999999953
11
79.9859189999999955
21
-41.6334790000000012
0
LINE
8
BLACK
6
CONTINUOUS
10
79.9859189999999955
20
-41.6334790000000012
11
79.9540069999999901
21
-41.4319969999999955
0
LINE
8
BLACK
6
CONTINUOUS
10
79.9540069999999901
20
-41.4319969999999955
11
79.9540069999999901
21
-41.2280030000000011
0
LINE
8
BLACK
6
CONTINUOUS
10
79.9540069999999901
20
-41.2280030000000011
11
79.9859189999999955
21
-41.0265209999999954
0
LINE
8
BLACK
6
CONTINUOUS
10
79.9859189999999955
20
-41.0265209999999954
11
80.0489570000000015
21
-40.8325120000000013
0
LINE
8
BLACK
6
CONTINUOUS
10
80.0489570000000015
20
-40.8325120000000013
11
80.1415679999999924
21
-40.6507519999999971
0
LINE
8
BLACK
6
CONTINUOUS
10
80.1415679999999924
20
-40.6507519999999971
11
80.1733929999999901
21
-40.6069469999999981
0
LINE
8
BLACK
6
CONTINUOUS
10
80.1733929999999901
20
-40.6069469999999981
11
79.8127209999999963
21
-40.2462749999999971
0
LINE
8
BLACK
6
CONTINUOUS
10
79.8127209999999963
20
-40.2462749999999971
11
79.8127199999999988
21
-40.2462749999999971
0
LINE
8
BLACK
6
CONTINUOUS
10
79.8127199999999988
20
-40.2462749999999971
11
79.7501499999999908
21
-40.3278180000000006
0
LINE
8
BLACK
6
CONTINUOUS
10
101.6662749999999988
20
-37.767277
11
101.7478270000000009
21
-37.8298539999999974
0
LINE
8
BLACK
6
CONTINUOUS
10
101.7478270000000009
20
-37.8298539999999974
11
101.7478279999999984
21
-37.8298549999999949
0
LINE
8
BLACK
6
CONTINUOUS
10
101.7478279999999984
20
-37.8298549999999949
11
101.9521709999999928
21
-37.9478340000000003
0
LINE
8
BLACK
6
CONTINUOUS
10
101.9521709999999928
20
-37.9478340000000003
11
101.9521799999999985
21
-37.9478389999999948
0
LINE
8
BLACK
6
CONTINUOUS
10
101.9521799999999985
20
-37.9478389999999948
11
102.1701630000000023
21
-38.0381289999999979
0
LINE
8
BLACK
6
CONTINUOUS
10
102.1701630000000023
20
-38.0381289999999979
11
102.1701609999999931
21
-38.0381289999999979
0
LINE
8
BLACK
6
CONTINUOUS
10
102.1701609999999931
20
-38.0381289999999979
11
102.3980849999999947
21
-38.0991999999999962
0
LINE
8
BLACK
6
CONTINUOUS
10
102.3980849999999947
20
-38.0991999999999962
11
102.6320139999999981
21
-38.129998999999998
0
LINE
8
BLACK
6
CONTINUOUS
10
102.6320139999999981
20
-38.129998999999998
11
102.6320289999999886
21
-38.1299999999999955
0
LINE
8
BLACK
6
CONTINUOUS
10
102.6320289999999886
20
-38.1299999999999955
11
102.8679709999999972
21
-38.1299999999999955
0
LINE
8
BLACK
6
CONTINUOUS
10
102.8679709999999972
20
-38.1299999999999955
11
102.8679849999999902
21
-38.129998999999998
0
LINE
8
BLACK
6
CONTINUOUS
10
102.8679849999999902
20
-38.129998999999998
11
103.1019139999999936
21
-38.0991999999999962
0
LINE
8
BLACK
6
CONTINUOUS
10
103.1019139999999936
20
-38.0991999999999962
11
103.3298369999999977
21
-38.0381289999999979
0
LINE
8
BLACK
6
CONTINUOUS
10
103.3298369999999977
20
-38.0381289999999979
11
103.5478189999999898
21
-37.9478389999999948
0
LINE
8
BLACK
6
CONTINUOUS
10
103.5478189999999898
20
-37.9478389999999948
11
103.5478279999999955
21
-37.9478340000000003
0
LINE
8
BLACK
6
CONTINUOUS
10
103.5478279999999955
20
-37.9478340000000003
11
103.7521809999999931
21
-37.8298500000000004
0
LINE
8
BLACK
6
CONTINUOUS
10
103.7521809999999931
20
-37.8298500000000004
11
103.833722999999992
21
-37.7672789999999949
0
LINE
8
BLACK
6
CONTINUOUS
10
103.833722999999992
20
-37.7672789999999949
11
103.833722999999992
21
-37.7672759999999954
0
LINE
8
BLACK
6
CONTINUOUS
10
103.833722999999992
20
-37.7672759999999954
11
103.4730519999999956
21
-37.4066059999999965
0
LINE
8
BLACK
6
CONTINUOUS
10
103.4730519999999956
20
-37.4066059999999965
11
103.4292480000000012
21
-37.4384319999999988
0
LINE
8
BLACK
6
CONTINUOUS
10
103.4292480000000012
20
-37.4384319999999988
11
103.2474879999999899
21
-37.5310429999999968
0
LINE
8
BLACK
6
CONTINUOUS
10
103.2474879999999899
20
-37.5310429999999968
11
103.0534789999999958
21
-37.5940809999999956
0
LINE
8
BLACK
6
CONTINUOUS
10
103.0534789999999958
20
-37.5940809999999956
11
102.8519969999999972
21
-37.6259930000000011
0
LINE
8
BLACK
6
CONTINUOUS
10
102.8519969999999972
20
-37.6259930000000011
11
102.6480029999999886
21
-37.6259930000000011
0
LINE
8
BLACK
6
CONTINUOUS
10
102.6480029999999886
20
-37.6259930000000011
11
102.44652099999999
21
-37.5940809999999956
0
LINE
8
BLACK
6
CONTINUOUS
10
102.44652099999999
20
-37.5940809999999956
11
102.2525119999999959
21
-37.5310429999999968
0
LINE
8
BLACK
6
CONTINUOUS
10
102.2525119999999959
20
-37.5310429999999968
11
102.0707519999999988
21
-37.4384319999999988
0
LINE
8
BLACK
6
CONTINUOUS
10
102.0707519999999988
20
-37.4384319999999988
11
102.0269459999999953
21
-37.406604999999999
0
LINE
8
BLACK
6
CONTINUOUS
10
102.0269459999999953
20
-37.406604999999999
11
101.6662749999999988
21
-37.767277
0
LINE
8
BLACK
6
CONTINUOUS
10
103.8266050000000007
20
-35.6069460000000007
11
103.8584319999999934
21
-35.6507519999999971
0
LINE
8
BLACK
6
CONTINUOUS
10
103.8584319999999934
20
-35.6507519999999971
11
103.9510429999999985
21
-35.8325120000000013
0
LINE
8
BLACK
6
CONTINUOUS
10
103.9510429999999985
20
-35.8325120000000013
11
104.0140809999999902
21
-36.0265209999999954
0
LINE
8
BLACK
6
CONTINUOUS
10
104.0140809999999902
20
-36.0265209999999954
11
104.0459929999999957
21
-36.2280030000000011
0
LINE
8
BLACK
6
CONTINUOUS
10
104.0459929999999957
20
-36.2280030000000011
11
104.0459929999999957
21
-36.4319969999999955
0
LINE
8
BLACK
6
CONTINUOUS
10
104.0459929999999957
20
-36.4319969999999955
11
104.0140809999999902
21
-36.6334790000000012
0
LINE
8
BLACK
6
CONTINUOUS
10
104.0140809999999902
20
-36.6334790000000012
11
103.9510429999999985
21
-36.8274879999999953
0
LINE
8
BLACK
6
CONTINUOUS
10
103.9510429999999985
20
-36.8274879999999953
11
103.8584319999999934
21
-37.0092479999999995
0
LINE
8
BLACK
6
CONTINUOUS
10
103.8584319999999934
20
-37.0092479999999995
11
103.8266050000000007
21
-37.053052000000001
0
LINE
8
BLACK
6
CONTINUOUS
10
103.8266050000000007
20
-37.053052000000001
11
104.1872759999999971
21
-37.4137229999999974
0
LINE
8
BLACK
6
CONTINUOUS
10
104.1872759999999971
20
-37.4137229999999974
11
104.1872789999999895
21
-37.4137229999999974
0
LINE
8
BLACK
6
CONTINUOUS
10
104.1872789999999895
20
-37.4137229999999974
11
104.249849999999995
21
-37.3321809999999985
0
LINE
8
BLACK
6
CONTINUOUS
10
104.249849999999995
20
-37.3321809999999985
11
104.367834000000002
21
-37.1278280000000009
0
LINE
8
BLACK
6
CONTINUOUS
10
104.367834000000002
20
-37.1278280000000009
11
104.3678389999999894
21
-37.1278189999999952
0
LINE
8
BLACK
6
CONTINUOUS
10
104.3678389999999894
20
-37.1278189999999952
11
104.4581289999999996
21
-36.909836999999996
0
LINE
8
BLACK
6
CONTINUOUS
10
104.4581289999999996
20
-36.909836999999996
11
104.5191999999999979
21
-36.681913999999999
0
LINE
8
BLACK
6
CONTINUOUS
10
104.5191999999999979
20
-36.681913999999999
11
104.5499989999999997
21
-36.4479849999999956
0
LINE
8
BLACK
6
CONTINUOUS
10
104.5499989999999997
20
-36.4479849999999956
11
104.5499999999999972
21
-36.4479709999999955
0
LINE
8
BLACK
6
CONTINUOUS
10
104.5499999999999972
20
-36.4479709999999955
11
104.5499999999999972
21
-36.2120279999999966
0
LINE
8
BLACK
6
CONTINUOUS
10
104.5499999999999972
20
-36.2120279999999966
11
104.5499989999999997
21
-36.2120139999999964
0
LINE
8
BLACK
6
CONTINUOUS
10
104.5499989999999997
20
-36.2120139999999964
11
104.5191999999999979
21
-35.9780850000000001
0
LINE
8
BLACK
6
CONTINUOUS
10
104.5191999999999979
20
-35.9780850000000001
11
104.4581289999999996
21
-35.750161999999996
0
LINE
8
BLACK
6
CONTINUOUS
10
104.4581289999999996
20
-35.750161999999996
11
104.3678389999999894
21
-35.5321799999999968
0
LINE
8
BLACK
6
CONTINUOUS
10
104.3678389999999894
20
-35.5321799999999968
11
104.367834000000002
21
-35.5321709999999982
0
LINE
8
BLACK
6
CONTINUOUS
10
104.367834000000002
20
-35.5321709999999982
11
104.2498549999999966
21
-35.3278279999999967
0
LINE
8
BLACK
6
CONTINUOUS
10
104.2498549999999966
20
-35.3278279999999967
11
104.2498539999999991
21
-35.3278269999999992
0
LINE
8
BLACK
6
CONTINUOUS
10
104.2498539999999991
20
-35.3278269999999992
11
104.1872769999999946
21
-35.2462749999999971
0
LINE
8
BLACK
6
CONTINUOUS
10
104.1872769999999946
20
-35.2462749999999971
11
103.8266050000000007
21
-35.6069460000000007
0
LINE
8
BLACK
6
CONTINUOUS
10
102.3980849999999947
20
-34.5607989999999958
11
102.1701619999999906
21
-34.6218700000000013
0
LINE
8
BLACK
6
CONTINUOUS
10
102.1701619999999906
20
-34.6218700000000013
11
101.9521799999999985
21
-34.7121599999999972
0
LINE
8
BLACK
6
CONTINUOUS
10
101.9521799999999985
20
-34.7121599999999972
11
101.9521709999999928
21
-34.7121649999999988
0
LINE
8
BLACK
6
CONTINUOUS
10
101.9521709999999928
20
-34.7121649999999988
11
101.7478279999999984
21
-34.8301439999999971
0
LINE
8
BLACK
6
CONTINUOUS
10
101.7478279999999984
20
-34.8301439999999971
11
101.7478179999999952
21
-34.8301499999999962
0
LINE
8
BLACK
6
CONTINUOUS
10
101.7478179999999952
20
-34.8301499999999962
11
101.6662749999999988
21
-34.8927199999999971
0
LINE
8
BLACK
6
CONTINUOUS
10
101.6662749999999988
20
-34.8927199999999971
11
101.6662749999999988
21
-34.8927210000000017
0
LINE
8
BLACK
6
CONTINUOUS
10
101.6662749999999988
20
-34.8927210000000017
11
102.0269469999999927
21
-35.2533929999999955
0
LINE
8
BLACK
6
CONTINUOUS
10
102.0269469999999927
20
-35.2533929999999955
11
102.0707519999999988
21
-35.2215679999999978
0
LINE
8
BLACK
6
CONTINUOUS
10
102.0707519999999988
20
-35.2215679999999978
11
102.2525119999999959
21
-35.1289569999999998
0
LINE
8
BLACK
6
CONTINUOUS
10
102.2525119999999959
20
-35.1289569999999998
11
102.44652099999999
21
-35.0659190000000009
0
LINE
8
BLACK
6
CONTINUOUS
10
102.44652099999999
20
-35.0659190000000009
11
102.6480029999999886
21
-35.0340069999999955
0
LINE
8
BLACK
6
CONTINUOUS
10
102.6480029999999886
20
-35.0340069999999955
11
102.8519969999999972
21
-35.0340069999999955
0
LINE
8
BLACK
6
CONTINUOUS
10
102.8519969999999972
20
-35.0340069999999955
11
103.0534789999999958
21
-35.0659190000000009
0
LINE
8
BLACK
6
CONTINUOUS
10
103.0534789999999958
20
-35.0659190000000009
11
103.2474879999999899
21
-35.1289569999999998
0
LINE
8
BLACK
6
CONTINUOUS
10
103.2474879999999899
20
-35.1289569999999998
11
103.4292480000000012
21
-35.2215679999999978
0
LINE
8
BLACK
6
CONTINUOUS
10
103.4292480000000012
20
-35.2215679999999978
11
103.4730509999999981
21
-35.2533929999999955
0
LINE
8
BLACK
6
CONTINUOUS
10
103.4730509999999981
20
-35.2533929999999955
11
103.833722999999992
21
-34.8927210000000017
0
LINE
8
BLACK
6
CONTINUOUS
10
103.833722999999992
20
-34.8927210000000017
11
103.7521720000000016
21
-34.8301450000000017
0
LINE
8
BLACK
6
CONTINUOUS
10
103.7521720000000016
20
-34.8301450000000017
11
103.7521709999999899
21
-34.8301439999999971
0
LINE
8
BLACK
6
CONTINUOUS
10
103.7521709999999899
20
-34.8301439999999971
11
103.5478279999999955
21
-34.7121649999999988
0
LINE
8
BLACK
6
CONTINUOUS
10
103.5478279999999955
20
-34.7121649999999988
11
103.5478189999999898
21
-34.7121599999999972
0
LINE
8
BLACK
6
CONTINUOUS
10
103.5478189999999898
20
-34.7121599999999972
11
103.3298360000000002
21
-34.6218700000000013
0
LINE
8
BLACK
6
CONTINUOUS
10
103.3298360000000002
20
-34.6218700000000013
11
103.3298379999999952
21
-34.6218700000000013
0
LINE
8
BLACK
6
CONTINUOUS
10
103.3298379999999952
20
-34.6218700000000013
11
103.1019139999999936
21
-34.5607989999999958
0
LINE
8
BLACK
6
CONTINUOUS
10
103.1019139999999936
20
-34.5607989999999958
11
102.8679849999999902
21
-34.5300000000000011
0
LINE
8
BLACK
6
CONTINUOUS
10
102.8679849999999902
20
-34.5300000000000011
11
102.6320139999999981
21
-34.5300000000000011
0
LINE
8
BLACK
6
CONTINUOUS
10
102.6320139999999981
20
-34.5300000000000011
11
102.3980849999999947
21
-34.5607989999999958
0
LINE
8
BLACK
6
CONTINUOUS
10
71.7994999999999948
20
-100.8312880000000007
11
71.8311609999999945
21
-101.0717849999999913
0
LINE
8
BLACK
6
CONTINUOUS
10
71.8311609999999945
20
-101.0717849999999913
11
71.8939469999999972
21
-101.3061039999999906
0
LINE
8
BLACK
6
CONTINUOUS
10
71.8939469999999972
20
-101.3061039999999906
11
71.9867729999999995
21
-101.5302049999999952
0
LINE
8
BLACK
6
CONTINUOUS
10
71.9867729999999995
20
-101.5302049999999952
11
71.9867759999999919
21
-101.5302119999999917
0
LINE
8
BLACK
6
CONTINUOUS
10
71.9867759999999919
20
-101.5302119999999917
11
72.1080639999999988
21
-101.74028899999999
0
LINE
8
BLACK
6
CONTINUOUS
10
72.1080639999999988
20
-101.74028899999999
11
72.1080659999999938
21
-101.7402919999999966
0
LINE
8
BLACK
6
CONTINUOUS
10
72.1080659999999938
20
-101.7402919999999966
11
72.1080669999999913
21
-101.7402929999999941
0
LINE
8
BLACK
6
CONTINUOUS
10
72.1080669999999913
20
-101.7402929999999941
11
72.2557329999999922
21
-101.9327359999999913
0
LINE
8
BLACK
6
CONTINUOUS
10
72.2557329999999922
20
-101.9327359999999913
11
72.2557389999999913
21
-101.9327430000000021
0
LINE
8
BLACK
6
CONTINUOUS
10
72.2557389999999913
20
-101.9327430000000021
11
72.4272559999999999
21
-102.1042599999999965
0
LINE
8
BLACK
6
CONTINUOUS
10
72.4272559999999999
20
-102.1042599999999965
11
72.4272619999999989
21
-102.1042649999999981
0
LINE
8
BLACK
6
CONTINUOUS
10
72.4272619999999989
20
-102.1042649999999981
11
72.6197109999999952
21
-102.2519360000000006
0
LINE
8
BLACK
6
CONTINUOUS
10
72.6197109999999952
20
-102.2519360000000006
11
72.8297879999999935
21
-102.3732239999999933
0
LINE
8
BLACK
6
CONTINUOUS
10
72.8297879999999935
20
-102.3732239999999933
11
73.0538999999999987
21
-102.4660539999999997
0
LINE
8
BLACK
6
CONTINUOUS
10
73.0538999999999987
20
-102.4660539999999997
11
73.2882109999999898
21
-102.5288379999999933
0
LINE
8
BLACK
6
CONTINUOUS
10
73.2882109999999898
20
-102.5288379999999933
11
73.4685860000000019
21
-102.552583999999996
0
LINE
8
BLACK
6
CONTINUOUS
10
73.4685860000000019
20
-102.552583999999996
11
73.5287110000000013
21
-102.5604999999999905
0
LINE
8
BLACK
6
CONTINUOUS
10
73.5287110000000013
20
-102.5604999999999905
11
73.5287119999999987
21
-102.5604999999999905
0
LINE
8
BLACK
6
CONTINUOUS
10
73.5287119999999987
20
-102.5604999999999905
11
73.7712889999999959
21
-102.5604999999999905
0
LINE
8
BLACK
6
CONTINUOUS
10
73.7712889999999959
20
-102.5604999999999905
11
73.8193880000000036
21
-102.5541669999999925
0
LINE
8
BLACK
6
CONTINUOUS
10
73.8193880000000036
20
-102.5541669999999925
11
74.0117889999999932
21
-102.5288379999999933
0
LINE
8
BLACK
6
CONTINUOUS
10
74.0117889999999932
20
-102.5288379999999933
11
74.2460999999999984
21
-102.4660539999999997
0
LINE
8
BLACK
6
CONTINUOUS
10
74.2460999999999984
20
-102.4660539999999997
11
74.4702120000000036
21
-102.3732239999999933
0
LINE
8
BLACK
6
CONTINUOUS
10
74.4702120000000036
20
-102.3732239999999933
11
74.6802890000000019
21
-102.2519360000000006
0
LINE
8
BLACK
6
CONTINUOUS
10
74.6802890000000019
20
-102.2519360000000006
11
74.8727379999999982
21
-102.1042649999999981
0
LINE
8
BLACK
6
CONTINUOUS
10
74.8727379999999982
20
-102.1042649999999981
11
75.0442649999999958
21
-101.9327380000000005
0
LINE
8
BLACK
6
CONTINUOUS
10
75.0442649999999958
20
-101.9327380000000005
11
75.1919359999999983
21
-101.74028899999999
0
LINE
8
BLACK
6
CONTINUOUS
10
75.1919359999999983
20
-101.74028899999999
11
75.3132239999999911
21
-101.5302119999999917
0
LINE
8
BLACK
6
CONTINUOUS
10
75.3132239999999911
20
-101.5302119999999917
11
75.4060539999999975
21
-101.3061000000000007
0
LINE
8
BLACK
6
CONTINUOUS
10
75.4060539999999975
20
-101.3061000000000007
11
75.468837999999991
21
-101.0717889999999954
0
LINE
8
BLACK
6
CONTINUOUS
10
75.468837999999991
20
-101.0717889999999954
11
75.5005000000000024
21
-100.8312880000000007
0
LINE
8
BLACK
6
CONTINUOUS
10
75.5005000000000024
20
-100.8312880000000007
11
75.5005000000000024
21
-100.588712000000001
0
LINE
8
BLACK
6
CONTINUOUS
10
75.5005000000000024
20
-100.588712000000001
11
75.468837999999991
21
-100.3482109999999921
0
LINE
8
BLACK
6
CONTINUOUS
10
75.468837999999991
20
-100.3482109999999921
11
75.4060539999999975
21
-100.113900000000001
0
LINE
8
BLACK
6
CONTINUOUS
10
75.4060539999999975
20
-100.113900000000001
11
75.3132239999999911
21
-99.8897879999999958
0
LINE
8
BLACK
6
CONTINUOUS
10
75.3132239999999911
20
-99.8897879999999958
11
75.1919359999999983
21
-99.6797109999999975
0
LINE
8
BLACK
6
CONTINUOUS
10
75.1919359999999983
20
-99.6797109999999975
11
75.1310179999999974
21
-99.6003209999999939
0
LINE
8
BLACK
6
CONTINUOUS
10
75.1310179999999974
20
-99.6003209999999939
11
75.0442659999999933
21
-99.4872629999999987
0
LINE
8
BLACK
6
CONTINUOUS
10
75.0442659999999933
20
-99.4872629999999987
11
75.0442599999999942
21
-99.4872560000000021
0
LINE
8
BLACK
6
CONTINUOUS
10
75.0442599999999942
20
-99.4872560000000021
11
74.8727429999999998
21
-99.3157389999999936
0
LINE
8
BLACK
6
CONTINUOUS
10
74.8727429999999998
20
-99.3157389999999936
11
74.8727360000000033
21
-99.3157329999999945
0
LINE
8
BLACK
6
CONTINUOUS
10
74.8727360000000033
20
-99.3157329999999945
11
74.6802929999999918
21
-99.1680669999999935
0
LINE
8
BLACK
6
CONTINUOUS
10
74.6802929999999918
20
-99.1680669999999935
11
74.6802919999999943
21
-99.1680659999999961
0
LINE
8
BLACK
6
CONTINUOUS
10
74.6802919999999943
20
-99.1680659999999961
11
74.6802890000000019
21
-99.1680640000000011
0
LINE
8
BLACK
6
CONTINUOUS
10
74.6802890000000019
20
-99.1680640000000011
11
74.4702120000000036
21
-99.0467759999999942
0
LINE
8
BLACK
6
CONTINUOUS
10
74.4702120000000036
20
-99.0467759999999942
11
74.4702049999999929
21
-99.0467730000000017
0
LINE
8
BLACK
6
CONTINUOUS
10
74.4702049999999929
20
-99.0467730000000017
11
74.2461040000000025
21
-98.9539469999999994
0
LINE
8
BLACK
6
CONTINUOUS
10
74.2461040000000025
20
-98.9539469999999994
11
74.0117850000000033
21
-98.8911609999999968
0
LINE
8
BLACK
6
CONTINUOUS
10
74.0117850000000033
20
-98.8911609999999968
11
73.7712889999999959
21
-98.859499999999997
0
LINE
8
BLACK
6
CONTINUOUS
10
73.7712889999999959
20
-98.859499999999997
11
73.7712879999999984
21
-98.859499999999997
0
LINE
8
BLACK
6
CONTINUOUS
10
73.7712879999999984
20
-98.859499999999997
11
73.5287119999999987
21
-98.859499999999997
0
LINE
8
BLACK
6
CONTINUOUS
10
73.5287119999999987
20
-98.859499999999997
11
73.5287110000000013
21
-98.859499999999997
0
LINE
8
BLACK
6
CONTINUOUS
10
73.5287110000000013
20
-98.859499999999997
11
73.2882139999999964
21
-98.8911609999999968
0
LINE
8
BLACK
6
CONTINUOUS
10
73.2882139999999964
20
-98.8911609999999968
11
73.0538949999999971
21
-98.9539469999999994
0
LINE
8
BLACK
6
CONTINUOUS
10
73.0538949999999971
20
-98.9539469999999994
11
72.8297939999999926
21
-99.0467730000000017
0
LINE
8
BLACK
6
CONTINUOUS
10
72.8297939999999926
20
-99.0467730000000017
11
72.8297850000000011
21
-99.0467769999999916
0
LINE
8
BLACK
6
CONTINUOUS
10
72.8297850000000011
20
-99.0467769999999916
11
72.6197059999999937
21
-99.1680669999999935
0
LINE
8
BLACK
6
CONTINUOUS
10
72.6197059999999937
20
-99.1680669999999935
11
72.4272629999999964
21
-99.3157329999999945
0
LINE
8
BLACK
6
CONTINUOUS
10
72.4272629999999964
20
-99.3157329999999945
11
72.4272559999999999
21
-99.3157389999999936
0
LINE
8
BLACK
6
CONTINUOUS
10
72.4272559999999999
20
-99.3157389999999936
11
72.2557389999999913
21
-99.4872560000000021
0
LINE
8
BLACK
6
CONTINUOUS
10
72.2557389999999913
20
-99.4872560000000021
11
72.2557329999999922
21
-99.4872629999999987
0
LINE
8
BLACK
6
CONTINUOUS
10
72.2557329999999922
20
-99.4872629999999987
11
72.1080669999999913
21
-99.6797059999999959
0
LINE
8
BLACK
6
CONTINUOUS
10
72.1080669999999913
20
-99.6797059999999959
11
72.1080639999999988
21
-99.67971
0
LINE
8
BLACK
6
CONTINUOUS
10
72.1080639999999988
20
-99.67971
11
72.1080639999999988
21
-99.6797109999999975
0
LINE
8
BLACK
6
CONTINUOUS
10
72.1080639999999988
20
-99.6797109999999975
11
72.0975770000000011
21
-99.6978749999999962
0
LINE
8
BLACK
6
CONTINUOUS
10
72.0975770000000011
20
-99.6978749999999962
11
71.9867770000000036
21
-99.8897849999999892
0
LINE
8
BLACK
6
CONTINUOUS
10
71.9867770000000036
20
-99.8897849999999892
11
71.9867729999999995
21
-99.8897939999999949
0
LINE
8
BLACK
6
CONTINUOUS
10
71.9867729999999995
20
-99.8897939999999949
11
71.8939469999999972
21
-100.1138949999999994
0
LINE
8
BLACK
6
CONTINUOUS
10
71.8939469999999972
20
-100.1138949999999994
11
71.8311609999999945
21
-100.3482139999999987
0
LINE
8
BLACK
6
CONTINUOUS
10
71.8311609999999945
20
-100.3482139999999987
11
71.7994999999999948
21
-100.5887109999999893
0
LINE
8
BLACK
6
CONTINUOUS
10
71.7994999999999948
20
-100.5887109999999893
11
71.7994999999999948
21
-100.8312880000000007
0
LINE
8
BLACK
6
CONTINUOUS
10
108.1995000000000005
20
-100.8312880000000007
11
108.2311610000000002
21
-101.0717849999999913
0
LINE
8
BLACK
6
CONTINUOUS
10
108.2311610000000002
20
-101.0717849999999913
11
108.2939469999999886
21
-101.3061039999999906
0
LINE
8
BLACK
6
CONTINUOUS
10
108.2939469999999886
20
-101.3061039999999906
11
108.3867729999999909
21
-101.5302049999999952
0
LINE
8
BLACK
6
CONTINUOUS
10
108.3867729999999909
20
-101.5302049999999952
11
108.3867759999999976
21
-101.5302119999999917
0
LINE
8
BLACK
6
CONTINUOUS
10
108.3867759999999976
20
-101.5302119999999917
11
108.5080639999999903
21
-101.74028899999999
0
LINE
8
BLACK
6
CONTINUOUS
10
108.5080639999999903
20
-101.74028899999999
11
108.5080659999999995
21
-101.7402919999999966
0
LINE
8
BLACK
6
CONTINUOUS
10
108.5080659999999995
20
-101.7402919999999966
11
108.5080669999999969
21
-101.7402929999999941
0
LINE
8
BLACK
6
CONTINUOUS
10
108.5080669999999969
20
-101.7402929999999941
11
108.6557329999999979
21
-101.9327359999999913
0
LINE
8
BLACK
6
CONTINUOUS
10
108.6557329999999979
20
-101.9327359999999913
11
108.655738999999997
21
-101.9327430000000021
0
LINE
8
BLACK
6
CONTINUOUS
10
108.655738999999997
20
-101.9327430000000021
11
108.8272559999999913
21
-102.1042599999999965
0
LINE
8
BLACK
6
CONTINUOUS
10
108.8272559999999913
20
-102.1042599999999965
11
108.8272619999999904
21
-102.1042649999999981
0
LINE
8
BLACK
6
CONTINUOUS
10
108.8272619999999904
20
-102.1042649999999981
11
109.0197110000000009
21
-102.2519360000000006
0
LINE
8
BLACK
6
CONTINUOUS
10
109.0197110000000009
20
-102.2519360000000006
11
109.2297879999999992
21
-102.3732239999999933
0
LINE
8
BLACK
6
CONTINUOUS
10
109.2297879999999992
20
-102.3732239999999933
11
109.4538999999999902
21
-102.4660539999999997
0
LINE
8
BLACK
6
CONTINUOUS
10
109.4538999999999902
20
-102.4660539999999997
11
109.6882109999999955
21
-102.5288379999999933
0
LINE
8
BLACK
6
CONTINUOUS
10
109.6882109999999955
20
-102.5288379999999933
11
109.8685859999999934
21
-102.552583999999996
0
LINE
8
BLACK
6
CONTINUOUS
10
109.8685859999999934
20
-102.552583999999996
11
109.9287109999999927
21
-102.5604999999999905
0
LINE
8
BLACK
6
CONTINUOUS
10
109.9287109999999927
20
-102.5604999999999905
11
109.9287119999999902
21
-102.5604999999999905
0
LINE
8
BLACK
6
CONTINUOUS
10
109.9287119999999902
20
-102.5604999999999905
11
110.1712890000000016
21
-102.5604999999999905
0
LINE
8
BLACK
6
CONTINUOUS
10
110.1712890000000016
20
-102.5604999999999905
11
110.219387999999995
21
-102.5541669999999925
0
LINE
8
BLACK
6
CONTINUOUS
10
110.219387999999995
20
-102.5541669999999925
11
110.4117889999999989
21
-102.5288379999999933
0
LINE
8
BLACK
6
CONTINUOUS
10
110.4117889999999989
20
-102.5288379999999933
11
110.6460999999999899
21
-102.4660539999999997
0
LINE
8
BLACK
6
CONTINUOUS
10
110.6460999999999899
20
-102.4660539999999997
11
110.8702119999999951
21
-102.3732239999999933
0
LINE
8
BLACK
6
CONTINUOUS
10
110.8702119999999951
20
-102.3732239999999933
11
111.0802889999999934
21
-102.2519360000000006
0
LINE
8
BLACK
6
CONTINUOUS
10
111.0802889999999934
20
-102.2519360000000006
11
111.2727379999999897
21
-102.1042649999999981
0
LINE
8
BLACK
6
CONTINUOUS
10
111.2727379999999897
20
-102.1042649999999981
11
111.4442650000000015
21
-101.9327380000000005
0
LINE
8
BLACK
6
CONTINUOUS
10
111.4442650000000015
20
-101.9327380000000005
11
111.5919359999999898
21
-101.74028899999999
0
LINE
8
BLACK
6
CONTINUOUS
10
111.5919359999999898
20
-101.74028899999999
11
111.7132239999999967
21
-101.5302119999999917
0
LINE
8
BLACK
6
CONTINUOUS
10
111.7132239999999967
20
-101.5302119999999917
11
111.8060539999999889
21
-101.3061000000000007
0
LINE
8
BLACK
6
CONTINUOUS
10
111.8060539999999889
20
-101.3061000000000007
11
111.8688379999999967
21
-101.0717889999999954
0
LINE
8
BLACK
6
CONTINUOUS
10
111.8688379999999967
20
-101.0717889999999954
11
111.9004999999999939
21
-100.8312880000000007
0
LINE
8
BLACK
6
CONTINUOUS
10
111.9004999999999939
20
-100.8312880000000007
11
111.9004999999999939
21
-100.588712000000001
0
LINE
8
BLACK
6
CONTINUOUS
10
111.9004999999999939
20
-100.588712000000001
11
111.8688379999999967
21
-100.3482109999999921
0
LINE
8
BLACK
6
CONTINUOUS
10
111.8688379999999967
20
-100.3482109999999921
11
111.8060539999999889
21
-100.113900000000001
0
LINE
8
BLACK
6
CONTINUOUS
10
111.8060539999999889
20
-100.113900000000001
11
111.7132239999999967
21
-99.8897879999999958
0
LINE
8
BLACK
6
CONTINUOUS
10
111.7132239999999967
20
-99.8897879999999958
11
111.5919359999999898
21
-99.6797109999999975
0
LINE
8
BLACK
6
CONTINUOUS
10
111.5919359999999898
20
-99.6797109999999975
11
111.5310179999999889
21
-99.6003209999999939
0
LINE
8
BLACK
6
CONTINUOUS
10
111.5310179999999889
20
-99.6003209999999939
11
111.4442659999999989
21
-99.4872629999999987
0
LINE
8
BLACK
6
CONTINUOUS
10
111.4442659999999989
20
-99.4872629999999987
11
111.4442599999999999
21
-99.4872560000000021
0
LINE
8
BLACK
6
CONTINUOUS
10
111.4442599999999999
20
-99.4872560000000021
11
111.2727429999999913
21
-99.3157389999999936
0
LINE
8
BLACK
6
CONTINUOUS
10
111.2727429999999913
20
-99.3157389999999936
11
111.2727359999999948
21
-99.3157329999999945
0
LINE
8
BLACK
6
CONTINUOUS
10
111.2727359999999948
20
-99.3157329999999945
11
111.0802929999999975
21
-99.1680669999999935
0
LINE
8
BLACK
6
CONTINUOUS
10
111.0802929999999975
20
-99.1680669999999935
11
111.080292
21
-99.1680659999999961
0
LINE
8
BLACK
6
CONTINUOUS
10
111.080292
20
-99.1680659999999961
11
111.0802889999999934
21
-99.1680640000000011
0
LINE
8
BLACK
6
CONTINUOUS
10
111.0802889999999934
20
-99.1680640000000011
11
110.8702119999999951
21
-99.0467759999999942
0
LINE
8
BLACK
6
CONTINUOUS
10
110.8702119999999951
20
-99.0467759999999942
11
110.8702049999999986
21
-99.0467730000000017
0
LINE
8
BLACK
6
CONTINUOUS
10
110.8702049999999986
20
-99.0467730000000017
11
110.646103999999994
21
-98.9539469999999994
0
LINE
8
BLACK
6
CONTINUOUS
10
110.646103999999994
20
-98.9539469999999994
11
110.4117849999999947
21
-98.8911609999999968
0
LINE
8
BLACK
6
CONTINUOUS
10
110.4117849999999947
20
-98.8911609999999968
11
110.1712890000000016
21
-98.859499999999997
0
LINE
8
BLACK
6
CONTINUOUS
10
110.1712890000000016
20
-98.859499999999997
11
110.1712879999999899
21
-98.859499999999997
0
LINE
8
BLACK
6
CONTINUOUS
10
110.1712879999999899
20
-98.859499999999997
11
109.9287119999999902
21
-98.859499999999997
0
LINE
8
BLACK
6
CONTINUOUS
10
109.9287119999999902
20
-98.859499999999997
11
109.9287109999999927
21
-98.859499999999997
0
LINE
8
BLACK
6
CONTINUOUS
10
109.9287109999999927
20
-98.859499999999997
11
109.6882140000000021
21
-98.8911609999999968
0
LINE
8
BLACK
6
CONTINUOUS
10
109.6882140000000021
20
-98.8911609999999968
11
109.4538949999999886
21
-98.9539469999999994
0
LINE
8
BLACK
6
CONTINUOUS
10
109.4538949999999886
20
-98.9539469999999994
11
109.2297939999999983
21
-99.0467730000000017
0
LINE
8
BLACK
6
CONTINUOUS
10
109.2297939999999983
20
-99.0467730000000017
11
109.2297849999999926
21
-99.0467769999999916
0
LINE
8
BLACK
6
CONTINUOUS
10
109.2297849999999926
20
-99.0467769999999916
11
109.0197059999999993
21
-99.1680669999999935
0
LINE
8
BLACK
6
CONTINUOUS
10
109.0197059999999993
20
-99.1680669999999935
11
108.8272630000000021
21
-99.3157329999999945
0
LINE
8
BLACK
6
CONTINUOUS
10
108.8272630000000021
20
-99.3157329999999945
11
108.8272559999999913
21
-99.3157389999999936
0
LINE
8
BLACK
6
CONTINUOUS
10
108.8272559999999913
20
-99.3157389999999936
11
108.655738999999997
21
-99.4872560000000021
0
LINE
8
BLACK
6
CONTINUOUS
10
108.655738999999997
20
-99.4872560000000021
11
108.6557329999999979
21
-99.4872629999999987
0
LINE
8
BLACK
6
CONTINUOUS
10
108.6557329999999979
20
-99.4872629999999987
11
108.5080669999999969
21
-99.6797059999999959
0
LINE
8
BLACK
6
CONTINUOUS
10
108.5080669999999969
20
-99.6797059999999959
11
108.5080639999999903
21
-99.67971
0
LINE
8
BLACK
6
CONTINUOUS
10
108.5080639999999903
20
-99.67971
11
108.5080639999999903
21
-99.6797109999999975
0
LINE
8
BLACK
6
CONTINUOUS
10
108.5080639999999903
20
-99.6797109999999975
11
108.4975769999999926
21
-99.6978749999999962
0
LINE
8
BLACK
6
CONTINUOUS
10
108.4975769999999926
20
-99.6978749999999962
11
108.386776999999995
21
-99.8897849999999892
0
LINE
8
BLACK
6
CONTINUOUS
10
108.386776999999995
20
-99.8897849999999892
11
108.3867729999999909
21
-99.8897939999999949
0
LINE
8
BLACK
6
CONTINUOUS
10
108.3867729999999909
20
-99.8897939999999949
11
108.2939469999999886
21
-100.1138949999999994
0
LINE
8
BLACK
6
CONTINUOUS
10
108.2939469999999886
20
-100.1138949999999994
11
108.2311610000000002
21
-100.3482139999999987
0
LINE
8
BLACK
6
CONTINUOUS
10
108.2311610000000002
20
-100.3482139999999987
11
108.1995000000000005
21
-100.5887109999999893
0
LINE
8
BLACK
6
CONTINUOUS
10
108.1995000000000005
20
-100.5887109999999893
11
108.1995000000000005
21
-100.8312880000000007
0
LINE
8
BLACK
6
CONTINUOUS
10
100.9224999999999994
20
-48.1079849999999993
11
100.9532990000000012
21
-48.3419139999999956
0
LINE
8
BLACK
6
CONTINUOUS
10
100.9532990000000012
20
-48.3419139999999956
11
101.0143699999999995
21
-48.5698369999999997
0
LINE
8
BLACK
6
CONTINUOUS
10
101.0143699999999995
20
-48.5698369999999997
11
101.1046599999999955
21
-48.7878189999999989
0
LINE
8
BLACK
6
CONTINUOUS
10
101.1046599999999955
20
-48.7878189999999989
11
101.1046649999999971
21
-48.7878279999999975
0
LINE
8
BLACK
6
CONTINUOUS
10
101.1046649999999971
20
-48.7878279999999975
11
101.2226440000000025
21
-48.992170999999999
0
LINE
8
BLACK
6
CONTINUOUS
10
101.2226440000000025
20
-48.992170999999999
11
101.222645
21
-48.9921719999999965
0
LINE
8
BLACK
6
CONTINUOUS
10
101.222645
20
-48.9921719999999965
11
101.2852209999999928
21
-49.0737230000000011
0
LINE
8
BLACK
6
CONTINUOUS
10
101.2852209999999928
20
-49.0737230000000011
11
101.6458919999999893
21
-48.7130510000000001
0
LINE
8
BLACK
6
CONTINUOUS
10
101.6458919999999893
20
-48.7130510000000001
11
101.614067999999989
21
-48.6692479999999961
0
LINE
8
BLACK
6
CONTINUOUS
10
101.614067999999989
20
-48.6692479999999961
11
101.5214569999999981
21
-48.487487999999999
0
LINE
8
BLACK
6
CONTINUOUS
10
101.5214569999999981
20
-48.487487999999999
11
101.4584189999999921
21
-48.2934789999999978
0
LINE
8
BLACK
6
CONTINUOUS
10
101.4584189999999921
20
-48.2934789999999978
11
101.4265070000000009
21
-48.0919969999999992
0
LINE
8
BLACK
6
CONTINUOUS
10
101.4265070000000009
20
-48.0919969999999992
11
101.4265070000000009
21
-47.8880029999999977
0
LINE
8
BLACK
6
CONTINUOUS
10
101.4265070000000009
20
-47.8880029999999977
11
101.4584189999999921
21
-47.686520999999999
0
LINE
8
BLACK
6
CONTINUOUS
10
101.4584189999999921
20
-47.686520999999999
11
101.5214569999999981
21
-47.4925119999999978
0
LINE
8
BLACK
6
CONTINUOUS
10
101.5214569999999981
20
-47.4925119999999978
11
101.614067999999989
21
-47.3107520000000008
0
LINE
8
BLACK
6
CONTINUOUS
10
101.614067999999989
20
-47.3107520000000008
11
101.6458930000000009
21
-47.2669469999999947
0
LINE
8
BLACK
6
CONTINUOUS
10
101.6458930000000009
20
-47.2669469999999947
11
101.2852209999999928
21
-46.9062750000000008
0
LINE
8
BLACK
6
CONTINUOUS
10
101.2852209999999928
20
-46.9062750000000008
11
101.2852199999999954
21
-46.9062750000000008
0
LINE
8
BLACK
6
CONTINUOUS
10
101.2852199999999954
20
-46.9062750000000008
11
101.2226500000000016
21
-46.9878179999999972
0
LINE
8
BLACK
6
CONTINUOUS
10
101.2226500000000016
20
-46.9878179999999972
11
101.2226440000000025
21
-46.9878280000000004
0
LINE
8
BLACK
6
CONTINUOUS
10
101.2226440000000025
20
-46.9878280000000004
11
101.1046649999999971
21
-47.1921709999999948
0
LINE
8
BLACK
6
CONTINUOUS
10
101.1046649999999971
20
-47.1921709999999948
11
101.1046599999999955
21
-47.1921800000000005
0
LINE
8
BLACK
6
CONTINUOUS
10
101.1046599999999955
20
-47.1921800000000005
11
101.0143699999999995
21
-47.4101619999999997
0
LINE
8
BLACK
6
CONTINUOUS
10
101.0143699999999995
20
-47.4101619999999997
11
100.9532990000000012
21
-47.6380849999999967
0
LINE
8
BLACK
6
CONTINUOUS
10
100.9532990000000012
20
-47.6380849999999967
11
100.9224999999999994
21
-47.8720140000000001
0
LINE
8
BLACK
6
CONTINUOUS
10
100.9224999999999994
20
-47.8720140000000001
11
100.9224999999999994
21
-48.1079849999999993
0
LINE
8
BLACK
6
CONTINUOUS
10
100.9499999999999886
20
-36.4479849999999956
11
100.9807989999999904
21
-36.681913999999999
0
LINE
8
BLACK
6
CONTINUOUS
10
100.9807989999999904
20
-36.681913999999999
11
101.0418699999999887
21
-36.909836999999996
0
LINE
8
BLACK
6
CONTINUOUS
10
101.0418699999999887
20
-36.909836999999996
11
101.1321599999999989
21
-37.1278189999999952
0
LINE
8
BLACK
6
CONTINUOUS
10
101.1321599999999989
20
-37.1278189999999952
11
101.1321650000000005
21
-37.1278280000000009
0
LINE
8
BLACK
6
CONTINUOUS
10
101.1321650000000005
20
-37.1278280000000009
11
101.2501439999999917
21
-37.3321709999999953
0
LINE
8
BLACK
6
CONTINUOUS
10
101.2501439999999917
20
-37.3321709999999953
11
101.2501449999999892
21
-37.3321719999999999
0
LINE
8
BLACK
6
CONTINUOUS
10
101.2501449999999892
20
-37.3321719999999999
11
101.3127209999999963
21
-37.4137229999999974
0
LINE
8
BLACK
6
CONTINUOUS
10
101.3127209999999963
20
-37.4137229999999974
11
101.6733919999999927
21
-37.0530509999999964
0
LINE
8
BLACK
6
CONTINUOUS
10
101.6733919999999927
20
-37.0530509999999964
11
101.6415679999999924
21
-37.0092479999999995
0
LINE
8
BLACK
6
CONTINUOUS
10
101.6415679999999924
20
-37.0092479999999995
11
101.5489570000000015
21
-36.8274879999999953
0
LINE
8
BLACK
6
CONTINUOUS
10
101.5489570000000015
20
-36.8274879999999953
11
101.4859189999999955
21
-36.6334790000000012
0
LINE
8
BLACK
6
CONTINUOUS
10
101.4859189999999955
20
-36.6334790000000012
11
101.4540069999999901
21
-36.4319969999999955
0
LINE
8
BLACK
6
CONTINUOUS
10
101.4540069999999901
20
-36.4319969999999955
11
101.4540069999999901
21
-36.2280030000000011
0
LINE
8
BLACK
6
CONTINUOUS
10
101.4540069999999901
20
-36.2280030000000011
11
101.4859189999999955
21
-36.0265209999999954
0
LINE
8
BLACK
6
CONTINUOUS
10
101.4859189999999955
20
-36.0265209999999954
11
101.5489570000000015
21
-35.8325120000000013
0
LINE
8
BLACK
6
CONTINUOUS
10
101.5489570000000015
20
-35.8325120000000013
11
101.6415679999999924
21
-35.6507519999999971
0
LINE
8
BLACK
6
CONTINUOUS
10
101.6415679999999924
20
-35.6507519999999971
11
101.6733929999999901
21
-35.6069469999999981
0
LINE
8
BLACK
6
CONTINUOUS
10
101.6733929999999901
20
-35.6069469999999981
11
101.3127209999999963
21
-35.2462749999999971
0
LINE
8
BLACK
6
CONTINUOUS
10
101.3127209999999963
20
-35.2462749999999971
11
101.3127199999999988
21
-35.2462749999999971
0
LINE
8
BLACK
6
CONTINUOUS
10
101.3127199999999988
20
-35.2462749999999971
11
101.2501499999999908
21
-35.3278180000000006
0
LINE
8
BLACK
6
CONTINUOUS
10
101.2501499999999908
20
-35.3278180000000006
11
101.2501439999999917
21
-35.3278279999999967
0
LINE
8
BLACK
6
CONTINUOUS
10
101.2501439999999917
20
-35.3278279999999967
11
101.1321650000000005
21
-35.5321709999999982
0
LINE
8
BLACK
6
CONTINUOUS
10
101.1321650000000005
20
-35.5321709999999982
11
101.1321599999999989
21
-35.5321799999999968
0
LINE
8
BLACK
6
CONTINUOUS
10
101.1321599999999989
20
-35.5321799999999968
11
101.0418699999999887
21
-35.750161999999996
0
LINE
8
BLACK
6
CONTINUOUS
10
101.0418699999999887
20
-35.750161999999996
11
100.9807989999999904
21
-35.9780850000000001
0
LINE
8
BLACK
6
CONTINUOUS
10
100.9807989999999904
20
-35.9780850000000001
11
100.9499999999999886
21
-36.2120139999999964
0
LINE
8
BLACK
6
CONTINUOUS
10
100.9499999999999886
20
-36.2120139999999964
11
100.9499999999999886
21
-36.4479849999999956
0
LINE
8
BLACK
6
CONTINUOUS
10
100.8269999999999982
20
-28.0862879999999997
11
100.8586609999999979
21
-28.3267849999999974
0
LINE
8
BLACK
6
CONTINUOUS
10
100.8586609999999979
20
-28.3267849999999974
11
100.9214470000000006
21
-28.5611040000000003
0
LINE
8
BLACK
6
CONTINUOUS
10
100.9214470000000006
20
-28.5611040000000003
11
100.9314329999999984
21
-28.5852119999999985
0
LINE
8
BLACK
6
CONTINUOUS
10
100.9314329999999984
20
-28.5852119999999985
11
101.0142759999999953
21
-28.7852119999999978
0
LINE
8
BLACK
6
CONTINUOUS
10
101.0142759999999953
20
-28.7852119999999978
11
101.1355640000000022
21
-28.9952889999999996
0
LINE
8
BLACK
6
CONTINUOUS
10
101.1355640000000022
20
-28.9952889999999996
11
101.1355659999999972
21
-28.9952919999999992
0
LINE
8
BLACK
6
CONTINUOUS
10
101.1355659999999972
20
-28.9952919999999992
11
101.1355669999999947
21
-28.9952930000000002
0
LINE
8
BLACK
6
CONTINUOUS
10
101.1355669999999947
20
-28.9952930000000002
11
101.2832329999999956
21
-29.1877359999999975
0
LINE
8
BLACK
6
CONTINUOUS
10
101.2832329999999956
20
-29.1877359999999975
11
101.2832389999999947
21
-29.1877429999999976
0
LINE
8
BLACK
6
CONTINUOUS
10
101.2832389999999947
20
-29.1877429999999976
11
101.4547559999999891
21
-29.359259999999999
0
LINE
8
BLACK
6
CONTINUOUS
10
101.4547559999999891
20
-29.359259999999999
11
101.4547620000000023
21
-29.3592649999999971
0
LINE
8
BLACK
6
CONTINUOUS
10
101.4547620000000023
20
-29.3592649999999971
11
101.6472109999999986
21
-29.5069359999999996
0
LINE
8
BLACK
6
CONTINUOUS
10
101.6472109999999986
20
-29.5069359999999996
11
101.8572879999999969
21
-29.6282239999999994
0
LINE
8
BLACK
6
CONTINUOUS
10
101.8572879999999969
20
-29.6282239999999994
11
102.0814000000000021
21
-29.7210539999999988
0
LINE
8
BLACK
6
CONTINUOUS
10
102.0814000000000021
20
-29.7210539999999988
11
102.3157109999999932
21
-29.7838379999999994
0
LINE
8
BLACK
6
CONTINUOUS
10
102.3157109999999932
20
-29.7838379999999994
11
102.4960859999999911
21
-29.8075839999999985
0
LINE
8
BLACK
6
CONTINUOUS
10
102.4960859999999911
20
-29.8075839999999985
11
102.5562109999999905
21
-29.8155000000000001
0
LINE
8
BLACK
6
CONTINUOUS
10
102.5562109999999905
20
-29.8155000000000001
11
102.5562120000000021
21
-29.8155000000000001
0
LINE
8
BLACK
6
CONTINUOUS
10
102.5562120000000021
20
-29.8155000000000001
11
102.7987889999999993
21
-29.8155000000000001
0
LINE
8
BLACK
6
CONTINUOUS
10
102.7987889999999993
20
-29.8155000000000001
11
102.8468879999999928
21
-29.8091669999999986
0
LINE
8
BLACK
6
CONTINUOUS
10
102.8468879999999928
20
-29.8091669999999986
11
103.0392889999999966
21
-29.7838379999999994
0
LINE
8
BLACK
6
CONTINUOUS
10
103.0392889999999966
20
-29.7838379999999994
11
103.2736000000000018
21
-29.7210539999999988
0
LINE
8
BLACK
6
CONTINUOUS
10
103.2736000000000018
20
-29.7210539999999988
11
103.4977119999999928
21
-29.6282239999999994
0
LINE
8
BLACK
6
CONTINUOUS
10
103.4977119999999928
20
-29.6282239999999994
11
103.7077889999999911
21
-29.5069359999999996
0
LINE
8
BLACK
6
CONTINUOUS
10
103.7077889999999911
20
-29.5069359999999996
11
103.9002380000000016
21
-29.3592649999999971
0
LINE
8
BLACK
6
CONTINUOUS
10
103.9002380000000016
20
-29.3592649999999971
11
104.0717649999999992
21
-29.1877379999999995
0
LINE
8
BLACK
6
CONTINUOUS
10
104.0717649999999992
20
-29.1877379999999995
11
104.2194360000000017
21
-28.9952889999999996
0
LINE
8
BLACK
6
CONTINUOUS
10
104.2194360000000017
20
-28.9952889999999996
11
104.3407239999999945
21
-28.7852119999999978
0
LINE
8
BLACK
6
CONTINUOUS
10
104.3407239999999945
20
-28.7852119999999978
11
104.4335540000000009
21
-28.5610999999999997
0
LINE
8
BLACK
6
CONTINUOUS
10
104.4335540000000009
20
-28.5610999999999997
11
104.4963379999999944
21
-28.326788999999998
0
LINE
8
BLACK
6
CONTINUOUS
10
104.4963379999999944
20
-28.326788999999998
11
104.5279999999999916
21
-28.0862879999999997
0
LINE
8
BLACK
6
CONTINUOUS
10
104.5279999999999916
20
-28.0862879999999997
11
104.5279999999999916
21
-27.843712
0
LINE
8
BLACK
6
CONTINUOUS
10
104.5279999999999916
20
-27.843712
11
104.4963379999999944
21
-27.6032109999999982
0
LINE
8
BLACK
6
CONTINUOUS
10
104.4963379999999944
20
-27.6032109999999982
11
104.4335540000000009
21
-27.3689
0
LINE
8
BLACK
6
CONTINUOUS
10
104.4335540000000009
20
-27.3689
11
104.3407239999999945
21
-27.1447879999999984
0
LINE
8
BLACK
6
CONTINUOUS
10
104.3407239999999945
20
-27.1447879999999984
11
104.2194360000000017
21
-26.9347110000000001
0
LINE
8
BLACK
6
CONTINUOUS
10
104.2194360000000017
20
-26.9347110000000001
11
104.0717649999999992
21
-26.7422620000000002
0
LINE
8
BLACK
6
CONTINUOUS
10
104.0717649999999992
20
-26.7422620000000002
11
104.0717599999999976
21
-26.7422559999999976
0
LINE
8
BLACK
6
CONTINUOUS
10
104.0717599999999976
20
-26.7422559999999976
11
103.900242999999989
21
-26.5707389999999997
0
LINE
8
BLACK
6
CONTINUOUS
10
103.900242999999989
20
-26.5707389999999997
11
103.9002359999999925
21
-26.570732999999997
0
LINE
8
BLACK
6
CONTINUOUS
10
103.9002359999999925
20
-26.570732999999997
11
103.7077929999999952
21
-26.4230669999999996
0
LINE
8
BLACK
6
CONTINUOUS
10
103.7077929999999952
20
-26.4230669999999996
11
103.7077919999999978
21
-26.4230659999999986
0
LINE
8
BLACK
6
CONTINUOUS
10
103.7077919999999978
20
-26.4230659999999986
11
103.7077889999999911
21
-26.4230640000000001
0
LINE
8
BLACK
6
CONTINUOUS
10
103.7077889999999911
20
-26.4230640000000001
11
103.4977119999999928
21
-26.3017760000000003
0
LINE
8
BLACK
6
CONTINUOUS
10
103.4977119999999928
20
-26.3017760000000003
11
103.4977049999999963
21
-26.3017729999999972
0
LINE
8
BLACK
6
CONTINUOUS
10
103.4977049999999963
20
-26.3017729999999972
11
103.2736039999999917
21
-26.2089469999999984
0
LINE
8
BLACK
6
CONTINUOUS
10
103.2736039999999917
20
-26.2089469999999984
11
103.0392849999999925
21
-26.1461609999999993
0
LINE
8
BLACK
6
CONTINUOUS
10
103.0392849999999925
20
-26.1461609999999993
11
102.7987889999999993
21
-26.1144999999999996
0
LINE
8
BLACK
6
CONTINUOUS
10
102.7987889999999993
20
-26.1144999999999996
11
102.7987880000000018
21
-26.1144999999999996
0
LINE
8
BLACK
6
CONTINUOUS
10
102.7987880000000018
20
-26.1144999999999996
11
102.5562120000000021
21
-26.1144999999999996
0
LINE
8
BLACK
6
CONTINUOUS
10
102.5562120000000021
20
-26.1144999999999996
11
102.5562109999999905
21
-26.1144999999999996
0
LINE
8
BLACK
6
CONTINUOUS
10
102.5562109999999905
20
-26.1144999999999996
11
102.3157139999999998
21
-26.1461609999999993
0
LINE
8
BLACK
6
CONTINUOUS
10
102.3157139999999998
20
-26.1461609999999993
11
102.0813950000000006
21
-26.2089469999999984
0
LINE
8
BLACK
6
CONTINUOUS
10
102.0813950000000006
20
-26.2089469999999984
11
101.857293999999996
21
-26.3017729999999972
0
LINE
8
BLACK
6
CONTINUOUS
10
101.857293999999996
20
-26.3017729999999972
11
101.8572849999999903
21
-26.3017769999999977
0
LINE
8
BLACK
6
CONTINUOUS
10
101.8572849999999903
20
-26.3017769999999977
11
101.6472059999999971
21
-26.4230669999999996
0
LINE
8
BLACK
6
CONTINUOUS
10
101.6472059999999971
20
-26.4230669999999996
11
101.4547629999999998
21
-26.570732999999997
0
LINE
8
BLACK
6
CONTINUOUS
10
101.4547629999999998
20
-26.570732999999997
11
101.4547559999999891
21
-26.5707389999999997
0
LINE
8
BLACK
6
CONTINUOUS
10
101.4547559999999891
20
-26.5707389999999997
11
101.2832389999999947
21
-26.7422559999999976
0
LINE
8
BLACK
6
CONTINUOUS
10
101.2832389999999947
20
-26.7422559999999976
11
101.2832329999999956
21
-26.7422629999999977
0
LINE
8
BLACK
6
CONTINUOUS
10
101.2832329999999956
20
-26.7422629999999977
11
101.1355669999999947
21
-26.9347059999999985
0
LINE
8
BLACK
6
CONTINUOUS
10
101.1355669999999947
20
-26.9347059999999985
11
101.0142769999999928
21
-27.1447849999999988
0
LINE
8
BLACK
6
CONTINUOUS
10
101.0142769999999928
20
-27.1447849999999988
11
101.0142729999999887
21
-27.1447939999999974
0
LINE
8
BLACK
6
CONTINUOUS
10
101.0142729999999887
20
-27.1447939999999974
11
100.9214470000000006
21
-27.3688949999999984
0
LINE
8
BLACK
6
CONTINUOUS
10
100.9214470000000006
20
-27.3688949999999984
11
100.8586609999999979
21
-27.6032139999999977
0
LINE
8
BLACK
6
CONTINUOUS
10
100.8586609999999979
20
-27.6032139999999977
11
100.8269999999999982
21
-27.843710999999999
0
LINE
8
BLACK
6
CONTINUOUS
10
100.8269999999999982
20
-27.843710999999999
11
100.8269999999999982
21
-28.0862879999999997
0
LINE
8
BLACK
6
CONTINUOUS
10
80.3269999999999982
20
-27.8862880000000004
11
80.3586609999999979
21
-28.1267849999999981
0
LINE
8
BLACK
6
CONTINUOUS
10
80.3586609999999979
20
-28.1267849999999981
11
80.4214470000000006
21
-28.3611039999999974
0
LINE
8
BLACK
6
CONTINUOUS
10
80.4214470000000006
20
-28.3611039999999974
11
80.5042899999999975
21
-28.5611040000000003
0
LINE
8
BLACK
6
CONTINUOUS
10
80.5042899999999975
20
-28.5611040000000003
11
80.5142759999999953
21
-28.5852119999999985
0
LINE
8
BLACK
6
CONTINUOUS
10
80.5142759999999953
20
-28.5852119999999985
11
80.6355640000000022
21
-28.7952890000000004
0
LINE
8
BLACK
6
CONTINUOUS
10
80.6355640000000022
20
-28.7952890000000004
11
80.6355659999999972
21
-28.7952919999999999
0
LINE
8
BLACK
6
CONTINUOUS
10
80.6355659999999972
20
-28.7952919999999999
11
80.6355669999999947
21
-28.7952929999999974
0
LINE
8
BLACK
6
CONTINUOUS
10
80.6355669999999947
20
-28.7952929999999974
11
80.7832329999999956
21
-28.9877359999999982
0
LINE
8
BLACK
6
CONTINUOUS
10
80.7832329999999956
20
-28.9877359999999982
11
80.7832389999999947
21
-28.9877429999999983
0
LINE
8
BLACK
6
CONTINUOUS
10
80.7832389999999947
20
-28.9877429999999983
11
80.9547560000000033
21
-29.1592599999999997
0
LINE
8
BLACK
6
CONTINUOUS
10
80.9547560000000033
20
-29.1592599999999997
11
80.9547620000000023
21
-29.1592649999999978
0
LINE
8
BLACK
6
CONTINUOUS
10
80.9547620000000023
20
-29.1592649999999978
11
81.1472109999999986
21
-29.3069360000000003
0
LINE
8
BLACK
6
CONTINUOUS
10
81.1472109999999986
20
-29.3069360000000003
11
81.3572879999999969
21
-29.4282240000000002
0
LINE
8
BLACK
6
CONTINUOUS
10
81.3572879999999969
20
-29.4282240000000002
11
81.5814000000000021
21
-29.5210539999999995
0
LINE
8
BLACK
6
CONTINUOUS
10
81.5814000000000021
20
-29.5210539999999995
11
81.8157109999999932
21
-29.5838380000000001
0
LINE
8
BLACK
6
CONTINUOUS
10
81.8157109999999932
20
-29.5838380000000001
11
81.9960859999999911
21
-29.6075839999999992
0
LINE
8
BLACK
6
CONTINUOUS
10
81.9960859999999911
20
-29.6075839999999992
11
82.0562109999999905
21
-29.6154999999999973
0
LINE
8
BLACK
6
CONTINUOUS
10
82.0562109999999905
20
-29.6154999999999973
11
82.0562120000000021
21
-29.6154999999999973
0
LINE
8
BLACK
6
CONTINUOUS
10
82.0562120000000021
20
-29.6154999999999973
11
82.2987889999999993
21
-29.6154999999999973
0
LINE
8
BLACK
6
CONTINUOUS
10
82.2987889999999993
20
-29.6154999999999973
11
82.3468879999999928
21
-29.6091669999999993
0
LINE
8
BLACK
6
CONTINUOUS
10
82.3468879999999928
20
-29.6091669999999993
11
82.5392889999999966
21
-29.5838380000000001
0
LINE
8
BLACK
6
CONTINUOUS
10
82.5392889999999966
20
-29.5838380000000001
11
82.7736000000000018
21
-29.5210539999999995
0
LINE
8
BLACK
6
CONTINUOUS
10
82.7736000000000018
20
-29.5210539999999995
11
82.9977119999999928
21
-29.4282240000000002
0
LINE
8
BLACK
6
CONTINUOUS
10
82.9977119999999928
20
-29.4282240000000002
11
83.2077889999999911
21
-29.3069360000000003
0
LINE
8
BLACK
6
CONTINUOUS
10
83.2077889999999911
20
-29.3069360000000003
11
83.4002380000000016
21
-29.1592649999999978
0
LINE
8
BLACK
6
CONTINUOUS
10
83.4002380000000016
20
-29.1592649999999978
11
83.5717649999999992
21
-28.9877380000000002
0
LINE
8
BLACK
6
CONTINUOUS
10
83.5717649999999992
20
-28.9877380000000002
11
83.7194360000000017
21
-28.7952890000000004
0
LINE
8
BLACK
6
CONTINUOUS
10
83.7194360000000017
20
-28.7952890000000004
11
83.8407239999999945
21
-28.5852119999999985
0
LINE
8
BLACK
6
CONTINUOUS
10
83.8407239999999945
20
-28.5852119999999985
11
83.9335540000000009
21
-28.3611000000000004
0
LINE
8
BLACK
6
CONTINUOUS
10
83.9335540000000009
20
-28.3611000000000004
11
83.9963379999999944
21
-28.1267889999999987
0
LINE
8
BLACK
6
CONTINUOUS
10
83.9963379999999944
20
-28.1267889999999987
11
84.0279999999999916
21
-27.8862880000000004
0
LINE
8
BLACK
6
CONTINUOUS
10
84.0279999999999916
20
-27.8862880000000004
11
84.0279999999999916
21
-27.843710999999999
0
LINE
8
BLACK
6
CONTINUOUS
10
84.0279999999999916
20
-27.843710999999999
11
84.0279999999999916
21
-27.6437119999999972
0
LINE
8
BLACK
6
CONTINUOUS
10
84.0279999999999916
20
-27.6437119999999972
11
83.9963379999999944
21
-27.4032109999999989
0
LINE
8
BLACK
6
CONTINUOUS
10
83.9963379999999944
20
-27.4032109999999989
11
83.9335540000000009
21
-27.1688999999999972
0
LINE
8
BLACK
6
CONTINUOUS
10
83.9335540000000009
20
-27.1688999999999972
11
83.8407239999999945
21
-26.9447879999999991
0
LINE
8
BLACK
6
CONTINUOUS
10
83.8407239999999945
20
-26.9447879999999991
11
83.7194360000000017
21
-26.7347109999999972
0
LINE
8
BLACK
6
CONTINUOUS
10
83.7194360000000017
20
-26.7347109999999972
11
83.5717649999999992
21
-26.5422619999999974
0
LINE
8
BLACK
6
CONTINUOUS
10
83.5717649999999992
20
-26.5422619999999974
11
83.5717599999999976
21
-26.5422559999999983
0
LINE
8
BLACK
6
CONTINUOUS
10
83.5717599999999976
20
-26.5422559999999983
11
83.4002430000000032
21
-26.3707390000000004
0
LINE
8
BLACK
6
CONTINUOUS
10
83.4002430000000032
20
-26.3707390000000004
11
83.4002359999999925
21
-26.3707329999999978
0
LINE
8
BLACK
6
CONTINUOUS
10
83.4002359999999925
20
-26.3707329999999978
11
83.2077929999999952
21
-26.2230670000000003
0
LINE
8
BLACK
6
CONTINUOUS
10
83.2077929999999952
20
-26.2230670000000003
11
83.2077919999999978
21
-26.2230659999999993
0
LINE
8
BLACK
6
CONTINUOUS
10
83.2077919999999978
20
-26.2230659999999993
11
83.2077889999999911
21
-26.2230639999999973
0
LINE
8
BLACK
6
CONTINUOUS
10
83.2077889999999911
20
-26.2230639999999973
11
82.9977119999999928
21
-26.1017759999999974
0
LINE
8
BLACK
6
CONTINUOUS
10
82.9977119999999928
20
-26.1017759999999974
11
82.9977049999999963
21
-26.1017729999999979
0
LINE
8
BLACK
6
CONTINUOUS
10
82.9977049999999963
20
-26.1017729999999979
11
82.7736039999999917
21
-26.0089469999999992
0
LINE
8
BLACK
6
CONTINUOUS
10
82.7736039999999917
20
-26.0089469999999992
11
82.5392849999999925
21
-25.946161
0
LINE
8
BLACK
6
CONTINUOUS
10
82.5392849999999925
20
-25.946161
11
82.2987889999999993
21
-25.9145000000000003
0
LINE
8
BLACK
6
CONTINUOUS
10
82.2987889999999993
20
-25.9145000000000003
11
82.2987880000000018
21
-25.9145000000000003
0
LINE
8
BLACK
6
CONTINUOUS
10
82.2987880000000018
20
-25.9145000000000003
11
82.0562120000000021
21
-25.9145000000000003
0
LINE
8
BLACK
6
CONTINUOUS
10
82.0562120000000021
20
-25.9145000000000003
11
82.0562109999999905
21
-25.9145000000000003
0
LINE
8
BLACK
6
CONTINUOUS
10
82.0562109999999905
20
-25.9145000000000003
11
81.8157139999999998
21
-25.946161
0
LINE
8
BLACK
6
CONTINUOUS
10
81.8157139999999998
20
-25.946161
11
81.5813950000000006
21
-26.0089469999999992
0
LINE
8
BLACK
6
CONTINUOUS
10
81.5813950000000006
20
-26.0089469999999992
11
81.357293999999996
21
-26.1017729999999979
0
LINE
8
BLACK
6
CONTINUOUS
10
81.357293999999996
20
-26.1017729999999979
11
81.3572849999999903
21
-26.1017769999999985
0
LINE
8
BLACK
6
CONTINUOUS
10
81.3572849999999903
20
-26.1017769999999985
11
81.1472059999999971
21
-26.2230670000000003
0
LINE
8
BLACK
6
CONTINUOUS
10
81.1472059999999971
20
-26.2230670000000003
11
80.9547629999999998
21
-26.3707329999999978
0
LINE
8
BLACK
6
CONTINUOUS
10
80.9547629999999998
20
-26.3707329999999978
11
80.9547560000000033
21
-26.3707390000000004
0
LINE
8
BLACK
6
CONTINUOUS
10
80.9547560000000033
20
-26.3707390000000004
11
80.7832389999999947
21
-26.5422559999999983
0
LINE
8
BLACK
6
CONTINUOUS
10
80.7832389999999947
20
-26.5422559999999983
11
80.7832329999999956
21
-26.5422629999999984
0
LINE
8
BLACK
6
CONTINUOUS
10
80.7832329999999956
20
-26.5422629999999984
11
80.6355669999999947
21
-26.7347059999999992
0
LINE
8
BLACK
6
CONTINUOUS
10
80.6355669999999947
20
-26.7347059999999992
11
80.6355640000000022
21
-26.7347099999999998
0
LINE
8
BLACK
6
CONTINUOUS
10
80.6355640000000022
20
-26.7347099999999998
11
80.6355640000000022
21
-26.7347109999999972
0
LINE
8
BLACK
6
CONTINUOUS
10
80.6355640000000022
20
-26.7347109999999972
11
80.6312039999999968
21
-26.7422629999999977
0
LINE
8
BLACK
6
CONTINUOUS
10
80.6312039999999968
20
-26.7422629999999977
11
80.5142769999999928
21
-26.9447849999999995
0
LINE
8
BLACK
6
CONTINUOUS
10
80.5142769999999928
20
-26.9447849999999995
11
80.5142730000000029
21
-26.9447939999999981
0
LINE
8
BLACK
6
CONTINUOUS
10
80.5142730000000029
20
-26.9447939999999981
11
80.4214470000000006
21
-27.1688949999999991
0
LINE
8
BLACK
6
CONTINUOUS
10
80.4214470000000006
20
-27.1688949999999991
11
80.3586609999999979
21
-27.4032139999999984
0
LINE
8
BLACK
6
CONTINUOUS
10
80.3586609999999979
20
-27.4032139999999984
11
80.3269999999999982
21
-27.6437109999999997
0
LINE
8
BLACK
6
CONTINUOUS
10
80.3269999999999982
20
-27.6437109999999997
11
80.3269999999999982
21
-27.8862880000000004
  0
ENDSEC
  0
EOF
